date,day_of_week,day_name,week_of_year,month,month_name,quarter,year,day_of_month,is_weekend,is_month_start,is_month_end,is_quarter_start,is_quarter_end,holiday_name,holiday_flag,holiday_type,days_to_holiday,days_from_holiday,promotion_event,major_event_flag,temperature_c,rainfall_mm,humidity_pct,weather_condition,inflation_index,consumer_confidence_index,unemployment_rate,fuel_price_index,marketing_campaign,campaign_type,campaign_intensity,digital_ad_spend,offline_ad_spend,campaign_active_flag
2021-01-01,5,Friday,53,1,January,1,2021,1,False,True,False,True,False,New Year,True,National,0.0,0.0,,False,14.4,0.0,64.8,Cold,5.59,99.96,7.19,100.03,,,,138822.65,77842.3,False
2021-01-02,6,Saturday,53,1,January,1,2021,2,True,False,False,False,False,,False,,24.0,1.0,End of Season Sale - Winter,False,12.2,0.0,54.2,Cold,5.6,99.93,7.19,100.06,End of Season Sale - Winter,Clearance,Medium,346261.87,159265.85,True
2021-01-03,7,Sunday,53,1,January,1,2021,3,True,False,False,False,False,,False,,23.0,2.0,End of Season Sale - Winter,False,12.7,0.0,48.0,Cold,5.57,99.99,7.18,99.95,End of Season Sale - Winter,Clearance,Medium,302020.55,155687.43,True
2021-01-04,1,Monday,1,1,January,1,2021,4,False,False,False,False,False,,False,,22.0,3.0,End of Season Sale - Winter,False,11.8,0.0,55.3,Cold,5.59,,7.18,99.97,End of Season Sale - Winter,Clearance,Medium,267061.95,122849.89,True
2021-01-05,2,Tuesday,1,1,January,1,2021,5,False,False,False,False,False,,False,,21.0,4.0,End of Season Sale - Winter,False,13.3,0.0,53.3,Cold,5.57,100.01,7.18,100.04,End of Season Sale - Winter,Clearance,Medium,225023.8,119053.06,True
2021-01-06,3,Wednesday,1,1,January,1,2021,6,False,False,False,False,False,,False,,20.0,5.0,End of Season Sale - Winter,False,12.7,0.0,56.0,Cold,5.59,99.9,7.19,100.09,End of Season Sale - Winter,Clearance,Medium,265174.91,130217.92,True
2021-01-07,4,Thursday,1,1,January,1,2021,7,False,False,False,False,False,,False,,19.0,6.0,End of Season Sale - Winter,False,14.4,0.0,59.9,Cold,5.6,99.64,7.2,100.07,End of Season Sale - Winter,Clearance,Medium,268411.98,121389.85,True
2021-01-08,5,Friday,1,1,January,1,2021,8,False,False,False,False,False,,False,,18.0,7.0,End of Season Sale - Winter,False,14.5,0.0,63.4,Cold,5.58,99.73,7.2,100.1,End of Season Sale - Winter,Clearance,Medium,241041.41,137405.12,True
2021-01-09,6,Saturday,1,1,January,1,2021,9,True,False,False,False,False,,False,,17.0,8.0,End of Season Sale - Winter,False,15.3,4.8,69.3,Light Rain,5.55,99.86,7.2,100.09,End of Season Sale - Winter,Clearance,Medium,296820.05,178972.05,True
2021-01-10,7,Sunday,1,1,January,1,2021,10,True,False,False,False,False,,False,,16.0,9.0,End of Season Sale - Winter,False,13.7,0.0,65.4,Cold,5.52,99.81,7.19,100.11,End of Season Sale - Winter,Clearance,Medium,364888.13,189318.01,True
2021-01-11,1,Monday,2,1,January,1,2021,11,False,False,False,False,False,,False,,15.0,10.0,End of Season Sale - Winter,False,11.9,0.0,60.6,Cold,5.55,99.88,7.18,100.13,End of Season Sale - Winter,Clearance,Medium,251651.0,123860.72,True
2021-01-12,2,Tuesday,2,1,January,1,2021,12,False,False,False,False,False,,False,,14.0,11.0,End of Season Sale - Winter,False,12.0,0.0,57.5,Cold,5.55,99.84,7.17,100.1,End of Season Sale - Winter,Clearance,Medium,277335.44,123999.14,True
2021-01-13,3,Wednesday,2,1,January,1,2021,13,False,False,False,False,False,,False,,13.0,12.0,End of Season Sale - Winter,False,11.2,0.0,59.2,Cold,5.59,99.85,7.16,100.01,End of Season Sale - Winter,Clearance,Medium,279800.61,152979.87,True
2021-01-14,4,Thursday,2,1,January,1,2021,14,False,False,False,False,False,,False,,12.0,13.0,End of Season Sale - Winter,False,11.4,4.6,52.8,Light Rain,5.58,99.88,7.17,100.01,End of Season Sale - Winter,Clearance,Medium,271297.11,121591.17,True
2021-01-15,5,Friday,2,1,January,1,2021,15,False,False,False,False,False,,False,,11.0,14.0,End of Season Sale - Winter,False,13.0,0.0,43.4,Cold,5.6,99.79,7.18,100.04,End of Season Sale - Winter,Clearance,Medium,279767.86,134524.52,True
2021-01-16,6,Saturday,2,1,January,1,2021,16,True,False,False,False,False,,False,,10.0,15.0,,False,14.9,0.0,49.4,Cold,5.58,99.72,7.17,100.01,,,,177500.64,93396.76,False
2021-01-17,7,Sunday,2,1,January,1,2021,17,True,False,False,False,False,,False,,9.0,16.0,,False,14.7,0.0,54.4,Cold,5.59,99.88,7.17,99.97,,,,160458.03,117143.07,False
2021-01-18,1,Monday,3,1,January,1,2021,18,False,False,False,False,False,,False,,8.0,17.0,,False,15.9,0.0,72.0,Pleasant,5.57,99.94,7.18,100.01,,,,151379.95,72121.57,False
2021-01-19,2,Tuesday,3,1,January,1,2021,19,False,False,False,False,False,,False,,7.0,18.0,,False,16.0,0.0,53.7,Pleasant,5.56,99.96,7.17,100.04,,,,157200.59,73241.27,False
2021-01-20,3,Wednesday,3,1,January,1,2021,20,False,False,False,False,False,,False,,6.0,19.0,Republic Day Sale,False,16.4,0.0,51.4,Pleasant,5.55,99.88,7.18,100.04,Republic Day Sale,National Sale,Medium,264207.12,112049.19,True
2021-01-21,4,Thursday,3,1,January,1,2021,21,False,False,False,False,False,,False,,5.0,20.0,Republic Day Sale,False,17.3,0.0,49.1,Pleasant,5.55,99.8,7.18,100.01,Republic Day Sale,National Sale,Medium,229540.97,117119.07,True
2021-01-22,5,Friday,3,1,January,1,2021,22,False,False,False,False,False,,False,,4.0,21.0,Republic Day Sale,False,18.5,0.0,45.7,Pleasant,5.55,99.57,7.2,99.92,Republic Day Sale,National Sale,Medium,262053.81,131708.07,True
2021-01-23,6,Saturday,3,1,January,1,2021,23,True,False,False,False,False,,False,,3.0,22.0,Republic Day Sale,False,16.1,0.0,63.0,Pleasant,5.56,99.6,7.21,99.93,Republic Day Sale,National Sale,Medium,333083.48,,True
2021-01-24,7,Sunday,3,1,January,1,2021,24,True,False,False,False,False,,False,,2.0,23.0,Republic Day Sale,False,16.9,0.0,61.3,Pleasant,5.55,99.44,7.21,100.03,Republic Day Sale,National Sale,Medium,349965.31,155038.73,True
2021-01-25,1,Monday,4,1,January,1,2021,25,False,False,False,False,False,,False,,1.0,24.0,Republic Day Sale,False,17.6,0.0,54.0,Pleasant,5.55,99.09,7.21,99.97,Republic Day Sale,National Sale,Medium,237354.63,110518.9,True
2021-01-26,2,Tuesday,4,1,January,1,2021,26,False,False,False,False,False,Republic Day,True,National,0.0,0.0,Republic Day Sale,False,15.5,5.7,54.8,Light Rain,5.57,99.05,7.19,99.98,Republic Day Sale,National Sale,Medium,261358.61,121499.53,True
2021-01-27,3,Wednesday,4,1,January,1,2021,27,False,False,False,False,False,,False,,18.0,1.0,Republic Day Sale,False,16.2,0.9,60.6,Pleasant,5.54,99.02,7.19,99.96,Republic Day Sale,National Sale,Medium,272732.18,144118.68,True
2021-01-28,4,Thursday,4,1,January,1,2021,28,False,False,False,False,False,,False,,17.0,2.0,,False,15.9,0.0,62.5,Pleasant,5.56,99.18,7.19,100.0,,,,182514.12,78438.49,False
2021-01-29,5,Friday,4,1,January,1,2021,29,False,False,False,False,False,,False,,16.0,3.0,,False,15.4,0.0,65.1,Pleasant,5.56,99.09,7.2,99.93,,,,150571.93,69830.16,False
2021-01-30,6,Saturday,4,1,January,1,2021,30,True,False,False,False,False,,False,,15.0,4.0,,False,14.5,0.0,57.8,Cold,5.54,99.18,7.2,99.81,,,,161399.56,93557.94,False
2021-01-31,7,Sunday,4,1,January,1,2021,31,True,False,True,False,False,,False,,14.0,5.0,,False,16.1,0.0,55.4,Pleasant,5.55,99.15,7.21,99.82,,,,187935.88,97300.79,False
2021-02-01,1,Monday,5,2,February,1,2021,1,False,True,False,False,False,,False,,13.0,6.0,,False,15.2,0.0,67.2,Pleasant,5.56,99.11,7.21,99.79,,,,145849.89,63008.35,False
2021-02-02,2,Tuesday,5,2,February,1,2021,2,False,False,False,False,False,,False,,12.0,7.0,,False,16.2,0.0,65.6,Pleasant,5.55,98.87,7.21,99.77,,,,143200.37,57974.87,False
2021-02-03,3,Wednesday,5,2,February,1,2021,3,False,False,False,False,False,,False,,11.0,8.0,,False,17.1,0.0,44.8,Pleasant,5.55,98.83,7.21,99.66,,,,115828.8,74826.43,False
2021-02-04,4,Thursday,5,2,February,1,2021,4,False,False,False,False,False,,False,,10.0,9.0,,False,17.3,0.0,49.9,Pleasant,5.54,98.85,7.24,99.61,,,,121019.5,69631.13,False
2021-02-05,5,Friday,5,2,February,1,2021,5,False,False,False,False,False,,False,,9.0,10.0,,False,17.4,0.0,56.0,Pleasant,5.52,98.88,7.27,99.69,,,,81574.45,68508.82,False
2021-02-06,6,Saturday,5,2,February,1,2021,6,True,False,False,False,False,,False,,8.0,11.0,,False,16.6,0.0,53.6,Pleasant,5.56,99.02,7.28,99.7,,,,178911.96,94592.43,False
2021-02-07,7,Sunday,5,2,February,1,2021,7,True,False,False,False,False,,False,,7.0,12.0,,False,18.6,0.0,52.2,Pleasant,5.59,99.05,7.28,99.65,,,,164718.21,81413.37,False
2021-02-08,1,Monday,6,2,February,1,2021,8,False,False,False,False,False,,False,,6.0,13.0,,False,15.2,0.0,59.5,Pleasant,5.58,99.21,7.28,99.68,,,,88029.97,67553.33,False
2021-02-09,2,Tuesday,6,2,February,1,2021,9,False,False,False,False,False,,False,,5.0,14.0,,False,16.9,0.0,69.7,Pleasant,5.61,99.03,7.26,99.71,,,,140579.93,80106.81,False
2021-02-10,3,Wednesday,6,2,February,1,2021,10,False,False,False,False,False,,False,,4.0,15.0,,False,17.3,1.5,58.7,Pleasant,5.61,99.08,7.26,99.76,,,,150536.6,64254.23,False
2021-02-11,4,Thursday,6,2,February,1,2021,11,False,False,False,False,False,,False,,3.0,16.0,,False,17.1,0.0,54.2,Pleasant,5.63,99.14,7.25,99.71,,,,142522.64,72694.87,False
2021-02-12,5,Friday,6,2,February,1,2021,12,False,False,False,False,False,,False,,2.0,17.0,,False,18.4,0.0,50.2,Pleasant,5.63,99.38,7.23,99.74,,,,128659.04,74529.46,False
2021-02-13,6,Saturday,6,2,February,1,2021,13,True,False,False,False,False,,False,,1.0,18.0,,False,18.1,0.0,67.5,Pleasant,5.63,99.45,7.23,99.69,,,,194661.48,87187.32,False
2021-02-14,7,Sunday,6,2,February,1,2021,14,True,False,False,False,False,Valentine's Day,True,Commercial,0.0,0.0,,False,17.5,0.0,53.2,Pleasant,5.65,99.44,7.23,99.78,,,,206686.47,107141.35,False
2021-02-15,1,Monday,7,2,February,1,2021,15,False,False,False,False,False,,False,,,1.0,,False,18.9,0.0,51.6,Pleasant,5.64,99.58,7.23,99.69,,,,139179.26,55130.91,False
2021-02-16,2,Tuesday,7,2,February,1,2021,16,False,False,False,False,False,,False,,,2.0,,False,19.3,0.0,44.9,Pleasant,5.65,99.57,7.21,99.74,,,,185425.03,54445.55,False
2021-02-17,3,Wednesday,7,2,February,1,2021,17,False,False,False,False,False,,False,,,3.0,,False,21.7,0.0,51.0,Pleasant,5.64,99.35,7.23,99.77,,,,124219.46,67090.69,False
2021-02-18,4,Thursday,7,2,February,1,2021,18,False,False,False,False,False,,False,,,4.0,,False,19.4,6.2,51.5,Light Rain,5.65,99.51,7.24,99.74,,,,124453.56,74729.2,False
2021-02-19,5,Friday,7,2,February,1,2021,19,False,False,False,False,False,,False,,,5.0,,False,19.2,0.0,63.6,Pleasant,5.68,99.55,7.24,99.77,,,,100362.17,69808.38,False
2021-02-20,6,Saturday,7,2,February,1,2021,20,True,False,False,False,False,,False,,,6.0,,False,18.3,0.0,60.8,Pleasant,5.68,99.52,7.21,99.82,,,,223992.96,80160.93,False
2021-02-21,7,Sunday,7,2,February,1,2021,21,True,False,False,False,False,,False,,,7.0,,False,19.9,0.0,42.6,Pleasant,5.7,99.72,7.22,99.81,,,,201275.01,69199.82,False
2021-02-22,1,Monday,8,2,February,1,2021,22,False,False,False,False,False,,False,,,8.0,,False,20.3,0.0,45.1,Pleasant,5.72,99.66,7.19,99.8,,,,119590.17,73352.23,False
2021-02-23,2,Tuesday,8,2,February,1,2021,23,False,False,False,False,False,,False,,,9.0,,False,19.1,0.0,,Pleasant,5.73,99.57,7.19,99.88,,,,144520.85,65852.16,False
2021-02-24,3,Wednesday,8,2,February,1,2021,24,False,False,False,False,False,,False,,,10.0,,False,18.2,0.0,60.9,Pleasant,5.72,99.61,7.18,99.82,,,,122650.06,73710.99,False
2021-02-25,4,Thursday,8,2,February,1,2021,25,False,False,False,False,False,,False,,,11.0,,False,19.5,0.0,60.9,Pleasant,5.74,99.64,7.19,99.8,,,,137626.56,74965.02,False
2021-02-26,5,Friday,8,2,February,1,2021,26,False,False,False,False,False,,False,,,12.0,,False,20.1,0.0,45.0,Pleasant,5.77,99.52,7.19,99.72,,,,152604.67,83375.44,False
2021-02-27,6,Saturday,8,2,February,1,2021,27,True,False,False,False,False,,False,,30.0,13.0,,False,21.9,0.0,42.5,Pleasant,5.75,99.45,7.18,99.78,,,,184981.08,89669.55,False
2021-02-28,7,Sunday,8,2,February,1,2021,28,True,False,True,False,False,,False,,29.0,14.0,,False,22.5,0.0,47.7,Pleasant,5.73,99.52,7.18,99.82,,,,209116.34,71676.44,False
2021-03-01,1,Monday,9,3,March,1,2021,1,False,True,False,False,False,,False,,28.0,15.0,,False,21.8,0.0,44.2,Pleasant,5.72,99.68,7.19,99.88,,,,140903.37,67774.34,False
2021-03-02,2,Tuesday,9,3,March,1,2021,2,False,False,False,False,False,,False,,27.0,16.0,,False,23.2,0.0,57.7,Pleasant,5.75,99.62,7.19,99.88,,,,152565.96,75065.29,False
2021-03-03,3,Wednesday,9,3,March,1,2021,3,False,False,False,False,False,,False,,26.0,17.0,,False,23.2,0.0,42.2,Pleasant,5.73,99.65,7.18,99.8,,,,114635.78,60359.28,False
2021-03-04,4,Thursday,9,3,March,1,2021,4,False,False,False,False,False,,False,,25.0,18.0,,False,22.9,0.0,56.9,Pleasant,5.77,99.62,7.19,99.82,,,,116483.71,67307.7,False
2021-03-05,5,Friday,9,3,March,1,2021,5,False,False,False,False,False,,False,,24.0,19.0,,False,21.7,0.0,45.8,Pleasant,5.79,99.71,7.17,99.87,,,,172613.34,61699.5,False
2021-03-06,6,Saturday,9,3,March,1,2021,6,True,False,False,False,False,,False,,23.0,20.0,,False,23.4,0.0,57.0,Pleasant,5.76,99.78,7.15,99.71,,,,190694.52,120886.51,False
2021-03-07,7,Sunday,9,3,March,1,2021,7,True,False,False,False,False,,False,,22.0,21.0,,False,22.6,0.0,55.9,Pleasant,5.75,99.87,7.17,99.63,,,,195225.22,94659.33,False
2021-03-08,1,Monday,10,3,March,1,2021,8,False,False,False,False,False,,False,,21.0,22.0,,False,21.2,0.0,70.6,Pleasant,5.73,100.14,7.17,99.62,,,,171572.43,72388.04,False
2021-03-09,2,Tuesday,10,3,March,1,2021,9,False,False,False,False,False,,False,,20.0,23.0,,False,22.4,0.0,65.3,Pleasant,5.75,99.92,7.16,99.69,,,,120538.89,71559.08,False
2021-03-10,3,Wednesday,10,3,March,1,2021,10,False,False,False,False,False,,False,,19.0,24.0,,False,21.6,0.0,44.8,Pleasant,5.78,99.77,7.15,99.68,,,,,55091.08,False
2021-03-11,4,Thursday,10,3,March,1,2021,11,False,False,False,False,False,,False,,18.0,25.0,,False,22.3,0.0,59.2,Pleasant,5.79,99.7,7.16,99.66,,,,149830.42,68922.91,False
2021-03-12,5,Friday,10,3,March,1,2021,12,False,False,False,False,False,,False,,17.0,26.0,,False,22.2,0.0,57.9,Pleasant,5.84,99.63,7.16,99.75,,,,96358.46,51698.1,False
2021-03-13,6,Saturday,10,3,March,1,2021,13,True,False,False,False,False,,False,,16.0,27.0,,False,21.5,0.0,74.5,Pleasant,5.85,99.81,7.16,99.6,,,,117531.76,,False
2021-03-14,7,Sunday,10,3,March,1,2021,14,True,False,False,False,False,,False,,15.0,28.0,,False,22.7,0.0,63.9,Pleasant,5.82,99.98,7.17,99.55,,,,150080.84,101398.42,False
2021-03-15,1,Monday,11,3,March,1,2021,15,False,False,False,False,False,,False,,14.0,29.0,,False,22.1,0.0,45.4,Pleasant,5.83,99.99,7.17,99.5,,,,144989.07,50127.06,False
2021-03-16,2,Tuesday,11,3,March,1,2021,16,False,False,False,False,False,,False,,13.0,30.0,,False,22.7,0.0,60.4,Pleasant,5.81,100.25,7.16,99.43,,,,169107.65,87460.78,False
2021-03-17,3,Wednesday,11,3,March,1,2021,17,False,False,False,False,False,,False,,12.0,,,False,23.3,0.0,55.1,Pleasant,5.79,100.2,7.18,99.45,,,,143053.27,73633.13,False
2021-03-18,4,Thursday,11,3,March,1,2021,18,False,False,False,False,False,,False,,11.0,,,False,23.9,0.0,62.0,Pleasant,5.79,100.22,7.2,99.48,,,,136097.08,91521.76,False
2021-03-19,5,Friday,11,3,March,1,2021,19,False,False,False,False,False,,False,,10.0,,,False,24.5,5.0,51.0,Light Rain,5.79,100.2,7.2,99.45,,,,127539.1,82244.96,False
2021-03-20,6,Saturday,11,3,March,1,2021,20,True,False,False,False,False,,False,,9.0,,,False,24.1,0.0,71.3,Pleasant,5.78,100.42,7.21,99.44,,,,141676.43,96115.69,False
2021-03-21,7,Sunday,11,3,March,1,2021,21,True,False,False,False,False,,False,,8.0,,,False,25.6,0.0,55.6,Pleasant,5.8,100.63,7.2,99.52,,,,184712.64,82362.46,False
2021-03-22,1,Monday,12,3,March,1,2021,22,False,False,False,False,False,,False,,7.0,,,False,25.4,6.4,55.7,Light Rain,5.8,100.61,7.19,99.43,,,,158094.53,60133.26,False
2021-03-23,2,Tuesday,12,3,March,1,2021,23,False,False,False,False,False,,False,,6.0,,,False,25.4,0.0,49.2,Pleasant,5.82,100.66,7.19,99.38,,,,130142.3,80153.75,False
2021-03-24,3,Wednesday,12,3,March,1,2021,24,False,False,False,False,False,,False,,5.0,,,False,26.0,0.0,52.4,Pleasant,5.81,100.7,7.17,99.47,,,,123459.49,64032.7,False
2021-03-25,4,Thursday,12,3,March,1,2021,25,False,False,False,False,False,,False,,4.0,,,False,27.9,0.0,55.3,Pleasant,5.8,100.46,7.17,99.55,,,,121107.24,84308.93,False
2021-03-26,5,Friday,12,3,March,1,2021,26,False,False,False,False,False,,False,,3.0,,,False,26.4,0.0,59.0,Pleasant,5.8,100.57,7.16,99.48,,,,100791.68,57361.03,False
2021-03-27,6,Saturday,12,3,March,1,2021,27,True,False,False,False,False,,False,,2.0,,,False,25.4,0.0,57.5,Pleasant,5.79,100.27,7.19,99.43,,,,146101.25,106737.14,False
2021-03-28,7,Sunday,12,3,March,1,2021,28,True,False,False,False,False,,False,,1.0,,,False,27.5,0.0,43.2,Pleasant,5.77,100.44,7.18,99.39,,,,179233.94,106256.59,False
2021-03-29,1,Monday,13,3,March,1,2021,29,False,False,False,False,False,Holi,True,Festival,0.0,0.0,,False,26.0,0.0,43.9,Pleasant,5.81,100.71,7.19,99.38,,,,153841.66,47928.86,False
2021-03-30,2,Tuesday,13,3,March,1,2021,30,False,False,False,False,False,,False,,,1.0,,False,26.9,0.0,44.4,Pleasant,5.8,100.66,7.2,99.42,,,,145516.12,,False
2021-03-31,3,Wednesday,13,3,March,1,2021,31,False,False,True,False,True,,False,,,2.0,,False,28.2,7.5,32.9,Light Rain,5.79,100.98,7.2,99.41,,,,158556.36,75283.42,False
2021-04-01,4,Thursday,13,4,April,2,2021,1,False,True,False,True,False,,False,,,3.0,,False,28.8,0.0,55.6,Pleasant,5.79,100.88,7.19,99.42,,,,160337.45,76796.7,False
2021-04-02,5,Friday,13,4,April,2,2021,2,False,False,False,False,False,,False,,,4.0,,False,29.4,0.0,75.7,Pleasant,5.8,101.04,7.21,99.42,,,,145555.13,80962.49,False
2021-04-03,6,Saturday,13,4,April,2,2021,3,True,False,False,False,False,,False,,,5.0,,False,31.3,0.0,57.9,Pleasant,5.8,100.86,7.22,99.4,,,,133593.68,88054.15,False
2021-04-04,7,Sunday,13,4,April,2,2021,4,True,False,False,False,False,,False,,,6.0,,False,28.5,0.0,55.2,Pleasant,5.78,101.02,7.21,99.42,,,,195235.24,109810.87,False
2021-04-05,1,Monday,14,4,April,2,2021,5,False,False,False,False,False,,False,,,7.0,,False,29.9,0.0,55.7,Pleasant,5.78,101.19,7.2,99.45,,,,138233.33,72629.18,False
2021-04-06,2,Tuesday,14,4,April,2,2021,6,False,False,False,False,False,,False,,,8.0,,False,29.5,0.0,55.7,Pleasant,5.77,101.23,7.21,99.49,,,,149696.82,74578.36,False
2021-04-07,3,Wednesday,14,4,April,2,2021,7,False,False,False,False,False,,False,,,9.0,,False,30.7,0.0,55.2,Pleasant,5.74,101.27,7.19,99.43,,,,138986.83,84792.88,False
2021-04-08,4,Thursday,14,4,April,2,2021,8,False,False,False,False,False,,False,,,10.0,,False,31.2,0.0,66.3,Pleasant,5.72,100.96,7.19,99.42,,,,166208.79,92601.75,False
2021-04-09,5,Friday,14,4,April,2,2021,9,False,False,False,False,False,,False,,30.0,11.0,,False,29.3,0.0,67.6,Pleasant,5.74,101.01,7.21,99.42,,,,130343.09,71606.27,False
2021-04-10,6,Saturday,14,4,April,2,2021,10,True,False,False,False,False,,False,,29.0,12.0,,False,28.0,0.0,54.2,Pleasant,5.75,101.07,7.2,99.5,,,,152981.89,102181.89,False
2021-04-11,7,Sunday,14,4,April,2,2021,11,True,False,False,False,False,,False,,28.0,13.0,,False,26.8,0.0,48.6,Pleasant,5.75,100.98,7.18,99.44,,,,182260.68,98628.46,False
2021-04-12,1,Monday,15,4,April,2,2021,12,False,False,False,False,False,,False,,27.0,14.0,,False,26.2,0.0,48.1,Pleasant,5.74,100.88,7.17,99.49,,,,160607.64,77950.53,False
2021-04-13,2,Tuesday,15,4,April,2,2021,13,False,False,False,False,False,,False,,26.0,15.0,,False,26.5,0.0,53.6,Pleasant,5.72,101.02,7.18,99.46,,,,170091.64,78181.67,False
2021-04-14,3,Wednesday,15,4,April,2,2021,14,False,False,False,False,False,,False,,25.0,16.0,,False,28.9,0.0,60.9,Pleasant,5.69,100.96,7.19,99.41,,,,,74330.91,False
2021-04-15,4,Thursday,15,4,April,2,2021,15,False,False,False,False,False,,False,,24.0,17.0,,False,31.4,0.0,62.3,Pleasant,5.69,101.1,7.19,99.41,,,,168799.21,75335.08,False
2021-04-16,5,Friday,15,4,April,2,2021,16,False,False,False,False,False,,False,,23.0,18.0,,False,30.5,0.0,53.1,Pleasant,5.7,100.87,7.19,99.35,,,,119818.46,50058.48,False
2021-04-17,6,Saturday,15,4,April,2,2021,17,True,False,False,False,False,,False,,22.0,19.0,,False,33.4,3.4,54.1,Light Rain,5.71,100.67,7.19,99.33,,,,193771.07,92569.27,False
2021-04-18,7,Sunday,15,4,April,2,2021,18,True,False,False,False,False,,False,,21.0,20.0,,False,31.3,0.0,47.0,Pleasant,5.72,100.74,7.2,99.21,,,,107598.68,81680.13,False
2021-04-19,1,Monday,16,4,April,2,2021,19,False,False,False,False,False,,False,,20.0,21.0,,False,31.1,0.0,57.9,Pleasant,5.72,100.56,7.19,99.21,,,,141625.32,69266.93,False
2021-04-20,2,Tuesday,16,4,April,2,2021,20,False,False,False,False,False,,False,,19.0,22.0,,False,34.1,0.0,56.0,Pleasant,5.7,100.51,7.19,99.25,,,,136737.89,74165.75,False
2021-04-21,3,Wednesday,16,4,April,2,2021,21,False,False,False,False,False,,False,,18.0,23.0,,False,33.7,0.0,28.8,Pleasant,5.75,100.63,7.19,99.14,,,,113214.98,84237.06,False
2021-04-22,4,Thursday,16,4,April,2,2021,22,False,False,False,False,False,,False,,17.0,24.0,,False,30.0,0.0,61.9,Pleasant,5.75,100.74,7.19,99.29,,,,118412.08,55696.62,False
2021-04-23,5,Friday,16,4,April,2,2021,23,False,False,False,False,False,,False,,16.0,25.0,,False,31.1,0.0,54.6,Pleasant,5.77,100.66,7.18,99.37,,,,172942.97,86097.85,False
2021-04-24,6,Saturday,16,4,April,2,2021,24,True,False,False,False,False,,False,,15.0,26.0,,False,31.1,0.0,45.6,Pleasant,5.77,100.75,7.19,99.29,,,,185269.67,90239.36,False
2021-04-25,7,Sunday,16,4,April,2,2021,25,True,False,False,False,False,,False,,14.0,27.0,,False,31.8,2.1,56.0,Light Rain,5.77,100.65,7.19,99.28,,,,122890.65,96528.74,False
2021-04-26,1,Monday,17,4,April,2,2021,26,False,False,False,False,False,,False,,13.0,28.0,,False,31.9,0.0,53.7,Pleasant,5.77,100.68,7.19,99.25,,,,102342.79,89348.23,False
2021-04-27,2,Tuesday,17,4,April,2,2021,27,False,False,False,False,False,,False,,12.0,29.0,,False,30.4,0.0,60.2,Pleasant,5.78,100.76,7.2,99.33,,,,146242.95,100519.75,False
2021-04-28,3,Wednesday,17,4,April,2,2021,28,False,False,False,False,False,,False,,11.0,30.0,,False,30.1,0.0,52.1,Pleasant,5.77,100.81,7.21,99.28,,,,125069.93,77607.13,False
2021-04-29,4,Thursday,17,4,April,2,2021,29,False,False,False,False,False,,False,,10.0,,,False,31.8,0.0,63.2,Pleasant,5.77,100.76,7.21,99.27,,,,111333.09,70086.47,False
2021-04-30,5,Friday,17,4,April,2,2021,30,False,False,True,False,False,,False,,9.0,,,False,32.2,0.0,51.6,Pleasant,5.8,100.86,7.22,99.24,,,,118524.95,67029.72,False
2021-05-01,6,Saturday,17,5,May,2,2021,1,True,True,False,False,False,,False,,8.0,,,False,33.0,0.0,53.5,Pleasant,5.82,100.91,7.21,99.21,,,,162246.42,92442.67,False
2021-05-02,7,Sunday,17,5,May,2,2021,2,True,False,False,False,False,,False,,7.0,,,False,32.0,0.0,60.5,Pleasant,5.82,100.77,7.21,99.22,,,,193043.2,101300.45,False
2021-05-03,1,Monday,18,5,May,2,2021,3,False,False,False,False,False,,False,,6.0,,,False,32.5,0.0,66.4,Pleasant,5.83,100.83,7.21,99.16,,,,133294.6,72701.21,False
2021-05-04,2,Tuesday,18,5,May,2,2021,4,False,False,False,False,False,,False,,5.0,,,False,34.3,0.0,30.0,Pleasant,5.83,100.88,7.22,99.2,,,,192294.38,84955.59,False
2021-05-05,3,Wednesday,18,5,May,2,2021,5,False,False,False,False,False,,False,,4.0,,,False,36.0,0.0,,Hot,5.84,100.97,7.22,99.23,,,,148779.39,65117.29,False
2021-05-06,4,Thursday,18,5,May,2,2021,6,False,False,False,False,False,,False,,3.0,,,False,35.5,0.0,56.8,Hot,5.83,101.06,7.2,99.22,,,,104621.56,64929.56,False
2021-05-07,5,Friday,18,5,May,2,2021,7,False,False,False,False,False,,False,,2.0,,,False,35.9,0.0,54.1,Hot,5.84,101.29,7.19,99.27,,,,108235.47,65091.87,False
2021-05-08,6,Saturday,18,5,May,2,2021,8,True,False,False,False,False,,False,,1.0,,,False,35.8,0.0,56.6,Hot,5.85,101.11,7.19,99.25,,,,127609.64,87474.5,False
2021-05-09,7,Sunday,18,5,May,2,2021,9,True,False,False,False,False,Mother's Day,True,Commercial,0.0,0.0,,False,34.7,0.0,48.0,Pleasant,5.88,101.03,7.21,99.28,,,,192253.86,100877.14,False
2021-05-10,1,Monday,19,5,May,2,2021,10,False,False,False,False,False,,False,,3.0,1.0,,False,35.9,11.1,45.0,Light Rain,5.83,100.97,7.21,99.3,,,,142418.91,66322.94,False
2021-05-11,2,Tuesday,19,5,May,2,2021,11,False,False,False,False,False,,False,,2.0,2.0,,False,35.0,0.0,58.1,Hot,5.79,101.08,7.2,99.29,,,,126675.12,66119.94,False
2021-05-12,3,Wednesday,19,5,May,2,2021,12,False,False,False,False,False,,False,,1.0,3.0,,False,33.9,0.0,53.1,Pleasant,5.77,101.45,7.19,99.25,,,,128335.55,58683.5,False
2021-05-13,4,Thursday,19,5,May,2,2021,13,False,False,False,False,False,Eid al-Fitr,True,Religious,0.0,0.0,,False,31.5,0.0,57.4,Pleasant,5.74,101.45,7.18,99.25,,,,147390.23,75019.29,False
2021-05-14,5,Friday,19,5,May,2,2021,14,False,False,False,False,False,,False,,,1.0,,False,33.3,0.0,62.0,Pleasant,5.73,101.5,7.19,99.23,,,,112850.85,76353.45,False
2021-05-15,6,Saturday,19,5,May,2,2021,15,True,False,False,False,False,,False,,,2.0,,False,32.7,0.6,53.6,Pleasant,5.69,101.61,7.21,99.34,,,,164417.89,90918.52,False
2021-05-16,7,Sunday,19,5,May,2,2021,16,True,False,False,False,False,,False,,,3.0,,False,34.3,0.0,55.2,Pleasant,5.67,101.72,7.22,99.26,,,,169804.91,93488.74,False
2021-05-17,1,Monday,20,5,May,2,2021,17,False,False,False,False,False,,False,,,4.0,,False,34.8,0.0,48.1,Pleasant,5.68,101.84,7.22,99.25,,,,111431.0,76344.15,False
2021-05-18,2,Tuesday,20,5,May,2,2021,18,False,False,False,False,False,,False,,,5.0,,False,36.9,0.0,54.6,Hot,5.68,102.06,7.24,99.27,,,,,61869.39,False
2021-05-19,3,Wednesday,20,5,May,2,2021,19,False,False,False,False,False,,False,,,6.0,,False,37.4,0.0,53.7,Hot,5.67,101.98,7.21,99.22,,,,146703.67,69213.13,False
2021-05-20,4,Thursday,20,5,May,2,2021,20,False,False,False,False,False,,False,,,7.0,,False,36.6,0.0,60.4,Hot,5.69,101.86,7.21,99.2,,,,121221.37,54115.69,False
2021-05-21,5,Friday,20,5,May,2,2021,21,False,False,False,False,False,,False,,30.0,8.0,,False,36.5,14.3,53.1,Light Rain,5.68,102.14,7.21,99.19,,,,123486.73,68515.7,False
2021-05-22,6,Saturday,20,5,May,2,2021,22,True,False,False,False,False,,False,,29.0,9.0,,False,36.5,0.0,43.5,Hot,5.68,102.38,7.2,99.18,,,,155598.0,54426.08,False
2021-05-23,7,Sunday,20,5,May,2,2021,23,True,False,False,False,False,,False,,28.0,10.0,,False,36.4,0.0,51.1,Hot,5.64,102.42,7.2,99.24,,,,204127.05,86123.96,False
2021-05-24,1,Monday,21,5,May,2,2021,24,False,False,False,False,False,,False,,27.0,11.0,,False,37.0,0.0,63.8,Hot,5.65,102.58,7.21,99.22,,,,136504.88,60636.41,False
2021-05-25,2,Tuesday,21,5,May,2,2021,25,False,False,False,False,False,,False,,26.0,12.0,,False,34.5,0.0,56.1,Pleasant,5.62,102.68,7.21,99.25,,,,123480.64,51294.11,False
2021-05-26,3,Wednesday,21,5,May,2,2021,26,False,False,False,False,False,,False,,25.0,13.0,,False,36.1,0.0,54.0,Hot,5.62,102.64,7.21,99.21,,,,97412.78,78056.32,False
2021-05-27,4,Thursday,21,5,May,2,2021,27,False,False,False,False,False,,False,,24.0,14.0,,False,34.6,1.8,42.0,Pleasant,5.64,102.73,7.22,99.29,,,,122942.52,36939.6,False
2021-05-28,5,Friday,21,5,May,2,2021,28,False,False,False,False,False,,False,,23.0,15.0,,False,35.7,7.3,54.2,Light Rain,5.65,102.46,7.21,99.25,,,,173121.19,63099.55,False
2021-05-29,6,Saturday,21,5,May,2,2021,29,True,False,False,False,False,,False,,22.0,16.0,,False,38.1,0.0,41.6,Hot,5.69,102.32,7.22,99.35,,,,165551.03,73387.23,False
2021-05-30,7,Sunday,21,5,May,2,2021,30,True,False,False,False,False,,False,,21.0,17.0,,False,39.1,0.0,45.2,Hot,5.67,102.26,7.23,99.34,,,,197672.04,112311.64,False
2021-05-31,1,Monday,22,5,May,2,2021,31,False,False,True,False,False,,False,,20.0,18.0,,False,40.1,0.0,64.9,Hot,5.64,102.44,7.23,99.33,,,,117222.37,53315.42,False
2021-06-01,2,Tuesday,22,6,June,2,2021,1,False,True,False,False,False,,False,,19.0,19.0,,False,38.0,13.1,68.5,Light Rain,5.62,102.54,7.23,99.32,,,,167850.83,66626.95,False
2021-06-02,3,Wednesday,22,6,June,2,2021,2,False,False,False,False,False,,False,,18.0,20.0,,False,38.5,5.1,76.0,Light Rain,5.63,102.47,7.22,99.3,,,,130172.54,80850.44,False
2021-06-03,4,Thursday,22,6,June,2,2021,3,False,False,False,False,False,,False,,17.0,21.0,,False,39.3,4.4,71.2,Light Rain,5.64,102.4,7.2,99.36,,,,149498.2,57130.29,False
2021-06-04,5,Friday,22,6,June,2,2021,4,False,False,False,False,False,,False,,16.0,22.0,,False,36.5,8.5,72.1,Light Rain,5.65,102.62,7.2,99.45,,,,164451.23,65438.59,False
2021-06-05,6,Saturday,22,6,June,2,2021,5,True,False,False,False,False,,False,,15.0,23.0,,False,34.9,24.2,93.8,Heavy Rain,5.68,102.74,7.22,99.38,,,,185318.98,86361.04,False
2021-06-06,7,Sunday,22,6,June,2,2021,6,True,False,False,False,False,,False,,14.0,24.0,,False,37.8,20.1,86.0,Heavy Rain,5.66,102.85,7.21,99.4,,,,197438.47,92772.87,False
2021-06-07,1,Monday,23,6,June,2,2021,7,False,False,False,False,False,,False,,13.0,25.0,,False,36.7,33.9,75.0,Heavy Rain,5.67,102.78,7.23,99.41,,,,148025.3,73823.11,False
2021-06-08,2,Tuesday,23,6,June,2,2021,8,False,False,False,False,False,,False,,12.0,26.0,,False,35.9,4.6,,Light Rain,5.7,102.85,7.22,99.44,,,,157779.39,80734.97,False
2021-06-09,3,Wednesday,23,6,June,2,2021,9,False,False,False,False,False,,False,,11.0,27.0,,False,36.9,4.4,69.3,Light Rain,5.71,102.61,7.23,99.4,,,,163132.71,88722.68,False
2021-06-10,4,Thursday,23,6,June,2,2021,10,False,False,False,False,False,,False,,10.0,28.0,,False,38.6,4.6,68.2,Light Rain,5.73,102.67,7.23,99.42,,,,152532.8,77016.16,False
2021-06-11,5,Friday,23,6,June,2,2021,11,False,False,False,False,False,,False,,9.0,29.0,,False,40.5,12.9,60.3,Light Rain,5.7,102.57,7.22,99.43,,,,162112.09,65541.35,False
2021-06-12,6,Saturday,23,6,June,2,2021,12,True,False,False,False,False,,False,,8.0,30.0,,False,39.1,8.8,70.7,Light Rain,5.71,102.61,7.22,99.48,,,,180974.33,91995.64,False
2021-06-13,7,Sunday,23,6,June,2,2021,13,True,False,False,False,False,,False,,7.0,,,False,40.9,12.9,75.4,Light Rain,5.7,102.54,7.21,99.48,,,,163670.25,84275.34,False
2021-06-14,1,Monday,24,6,June,2,2021,14,False,False,False,False,False,,False,,6.0,,,False,41.5,12.0,77.1,Light Rain,5.72,102.45,7.21,99.64,,,,157323.79,80506.12,False
2021-06-15,2,Tuesday,24,6,June,2,2021,15,False,False,False,False,False,,False,,5.0,,,False,40.7,24.2,68.2,Heavy Rain,5.73,102.57,7.21,99.63,,,,132262.65,67951.92,False
2021-06-16,3,Wednesday,24,6,June,2,2021,16,False,False,False,False,False,,False,,4.0,,,False,38.4,3.3,61.0,Light Rain,5.71,102.47,7.2,99.64,,,,130323.53,68984.21,False
2021-06-17,4,Thursday,24,6,June,2,2021,17,False,False,False,False,False,,False,,3.0,,,False,37.1,6.9,79.5,Light Rain,5.71,102.4,7.2,99.65,,,,142833.48,86478.26,False
2021-06-18,5,Friday,24,6,June,2,2021,18,False,False,False,False,False,,False,,2.0,,,False,36.8,17.8,72.9,Heavy Rain,5.69,102.5,7.2,99.65,,,,139789.52,69862.42,False
2021-06-19,6,Saturday,24,6,June,2,2021,19,True,False,False,False,False,,False,,1.0,,,False,36.1,16.1,74.5,Heavy Rain,5.66,102.44,7.21,99.63,,,,165820.63,96304.26,False
2021-06-20,7,Sunday,24,6,June,2,2021,20,True,False,False,False,False,Father's Day,True,Commercial,0.0,0.0,,False,36.3,9.2,86.7,Light Rain,5.67,102.5,7.2,99.67,,,,143622.78,95726.57,False
2021-06-21,1,Monday,25,6,June,2,2021,21,False,False,False,False,False,,False,,,1.0,,False,35.4,44.1,84.3,Heavy Rain,5.69,102.23,7.2,99.75,,,,162587.75,51950.76,False
2021-06-22,2,Tuesday,25,6,June,2,2021,22,False,False,False,False,False,,False,,,2.0,,False,35.5,4.2,,Light Rain,5.72,102.24,7.19,99.72,,,,152654.76,76586.89,False
2021-06-23,3,Wednesday,25,6,June,2,2021,23,False,False,False,False,False,,False,,,3.0,,False,35.0,33.7,72.3,Heavy Rain,5.73,102.49,7.19,99.74,,,,165987.51,75862.32,False
2021-06-24,4,Thursday,25,6,June,2,2021,24,False,False,False,False,False,,False,,,4.0,,False,37.2,26.1,79.5,Heavy Rain,5.75,102.47,7.2,99.62,,,,119301.98,84476.13,False
2021-06-25,5,Friday,25,6,June,2,2021,25,False,False,False,False,False,,False,,,5.0,,False,37.8,7.3,83.2,Light Rain,5.73,102.58,7.2,99.6,,,,137198.27,80996.93,False
2021-06-26,6,Saturday,25,6,June,2,2021,26,True,False,False,False,False,,False,,,6.0,,False,36.4,9.4,64.7,Light Rain,5.7,102.65,7.2,99.59,,,,182129.43,76020.88,False
2021-06-27,7,Sunday,25,6,June,2,2021,27,True,False,False,False,False,,False,,,7.0,,False,40.3,5.2,63.1,Light Rain,5.69,102.87,7.2,99.62,,,,165238.2,113620.87,False
2021-06-28,1,Monday,26,6,June,2,2021,28,False,False,False,False,False,,False,,,8.0,,False,39.7,3.9,71.5,Light Rain,5.7,102.88,7.2,99.63,,,,119653.87,53561.34,False
2021-06-29,2,Tuesday,26,6,June,2,2021,29,False,False,False,False,False,,False,,,9.0,,False,40.2,11.4,70.8,Light Rain,5.66,102.68,7.22,99.58,,,,130614.18,53917.19,False
2021-06-30,3,Wednesday,26,6,June,2,2021,30,False,False,True,False,True,,False,,,10.0,,False,38.8,9.3,73.9,Light Rain,5.65,102.59,7.22,99.59,,,,135611.51,87592.26,False
2021-07-01,4,Thursday,26,7,July,3,2021,1,False,True,False,True,False,,False,,,11.0,End of Season Sale - Summer,False,38.6,14.3,82.7,Light Rain,5.62,102.33,7.21,99.63,End of Season Sale - Summer,Clearance,Low,156506.2,103852.64,True
2021-07-02,5,Friday,26,7,July,3,2021,2,False,False,False,False,False,,False,,,12.0,End of Season Sale - Summer,False,38.2,2.7,88.7,Light Rain,5.61,102.13,7.21,99.7,End of Season Sale - Summer,Clearance,Low,201844.97,86800.76,True
2021-07-03,6,Saturday,26,7,July,3,2021,3,True,False,False,False,False,,False,,,13.0,End of Season Sale - Summer,False,38.2,16.1,91.6,Heavy Rain,5.6,102.31,7.21,99.73,End of Season Sale - Summer,Clearance,Low,206870.35,105718.93,True
2021-07-04,7,Sunday,26,7,July,3,2021,4,True,False,False,False,False,,False,,,14.0,End of Season Sale - Summer,False,38.4,5.6,70.0,Light Rain,5.6,102.29,7.2,99.73,End of Season Sale - Summer,Clearance,Low,261205.32,157953.4,True
2021-07-05,1,Monday,27,7,July,3,2021,5,False,False,False,False,False,,False,,,15.0,End of Season Sale - Summer,False,36.7,15.8,67.1,Heavy Rain,5.61,102.15,7.2,99.8,End of Season Sale - Summer,Clearance,Low,138056.97,92848.75,True
2021-07-06,2,Tuesday,27,7,July,3,2021,6,False,False,False,False,False,,False,,,16.0,End of Season Sale - Summer,False,37.4,5.3,77.2,Light Rain,5.6,102.32,7.19,99.84,End of Season Sale - Summer,Clearance,Low,175592.27,79156.5,True
2021-07-07,3,Wednesday,27,7,July,3,2021,7,False,False,False,False,False,,False,,,17.0,End of Season Sale - Summer,False,37.1,9.4,62.5,Light Rain,5.59,102.24,7.2,99.77,End of Season Sale - Summer,Clearance,Low,202716.84,71796.24,True
2021-07-08,4,Thursday,27,7,July,3,2021,8,False,False,False,False,False,,False,,,18.0,End of Season Sale - Summer,False,37.5,11.3,68.8,Light Rain,5.55,101.99,7.21,99.78,End of Season Sale - Summer,Clearance,Low,162173.67,99599.86,True
2021-07-09,5,Friday,27,7,July,3,2021,9,False,False,False,False,False,,False,,,19.0,End of Season Sale - Summer,False,36.4,6.5,83.7,Light Rain,5.59,101.84,7.22,99.83,End of Season Sale - Summer,Clearance,Low,224583.67,64893.48,True
2021-07-10,6,Saturday,27,7,July,3,2021,10,True,False,False,False,False,,False,,,20.0,End of Season Sale - Summer,False,36.7,19.9,77.5,Heavy Rain,5.59,101.93,7.21,99.85,End of Season Sale - Summer,Clearance,Low,215127.73,123911.0,True
2021-07-11,7,Sunday,27,7,July,3,2021,11,True,False,False,False,False,,False,,,21.0,End of Season Sale - Summer,False,36.9,9.0,87.4,Light Rain,5.61,102.05,7.2,99.82,End of Season Sale - Summer,Clearance,Low,276519.26,125763.84,True
2021-07-12,1,Monday,28,7,July,3,2021,12,False,False,False,False,False,,False,,,22.0,End of Season Sale - Summer,False,35.8,12.8,72.7,Light Rain,5.59,102.22,7.21,99.8,End of Season Sale - Summer,Clearance,Low,147054.29,83924.71,True
2021-07-13,2,Tuesday,28,7,July,3,2021,13,False,False,False,False,False,,False,,,23.0,End of Season Sale - Summer,False,36.1,,83.2,Heavy Rain,5.59,102.1,7.18,99.73,End of Season Sale - Summer,Clearance,Low,148961.02,88550.07,True
2021-07-14,3,Wednesday,28,7,July,3,2021,14,False,False,False,False,False,,False,,,24.0,End of Season Sale - Summer,False,36.6,32.0,71.6,Heavy Rain,5.57,102.44,7.18,99.71,End of Season Sale - Summer,Clearance,Low,174900.85,76015.21,True
2021-07-15,4,Thursday,28,7,July,3,2021,15,False,False,False,False,False,,False,,,25.0,End of Season Sale - Summer,False,37.4,16.7,83.2,Heavy Rain,5.58,102.62,7.18,99.68,End of Season Sale - Summer,Clearance,Low,179534.1,77214.28,True
2021-07-16,5,Friday,28,7,July,3,2021,16,False,False,False,False,False,,False,,30.0,26.0,,False,36.9,9.7,74.4,Light Rain,5.54,102.61,7.19,99.56,,,,122828.54,69574.94,False
2021-07-17,6,Saturday,28,7,July,3,2021,17,True,False,False,False,False,,False,,29.0,27.0,,False,35.2,8.0,64.0,Light Rain,5.55,102.67,7.18,99.56,,,,207815.35,86968.71,False
2021-07-18,7,Sunday,28,7,July,3,2021,18,True,False,False,False,False,,False,,28.0,28.0,,False,36.0,20.5,82.5,Heavy Rain,5.56,102.51,7.18,99.61,,,,200647.08,80778.63,False
2021-07-19,1,Monday,29,7,July,3,2021,19,False,False,False,False,False,,False,,27.0,29.0,,False,36.7,32.4,84.2,Heavy Rain,5.58,102.5,7.19,99.59,,,,161805.53,68742.68,False
2021-07-20,2,Tuesday,29,7,July,3,2021,20,False,False,False,False,False,,False,,26.0,30.0,,False,35.9,12.8,77.8,Light Rain,5.59,102.32,7.18,99.61,,,,149618.25,70667.95,False
2021-07-21,3,Wednesday,29,7,July,3,2021,21,False,False,False,False,False,,False,,25.0,,,False,39.1,28.2,80.7,Heavy Rain,5.62,102.38,7.16,99.62,,,,140866.92,92310.04,False
2021-07-22,4,Thursday,29,7,July,3,2021,22,False,False,False,False,False,,False,,24.0,,,False,36.0,36.4,82.4,Heavy Rain,5.61,102.4,7.17,99.62,,,,162215.69,69199.56,False
2021-07-23,5,Friday,29,7,July,3,2021,23,False,False,False,False,False,,False,,23.0,,,False,35.5,11.3,74.1,Light Rain,5.64,102.23,7.16,99.62,,,,175629.08,81125.5,False
2021-07-24,6,Saturday,29,7,July,3,2021,24,True,False,False,False,False,,False,,22.0,,,False,37.2,31.1,76.1,Heavy Rain,5.58,102.14,7.16,99.53,,,,124902.68,72746.07,False
2021-07-25,7,Sunday,29,7,July,3,2021,25,True,False,False,False,False,,False,,21.0,,,False,37.1,29.8,,Heavy Rain,5.55,101.8,7.17,99.6,,,,137284.53,83460.16,False
2021-07-26,1,Monday,30,7,July,3,2021,26,False,False,False,False,False,,False,,20.0,,,False,36.2,14.1,79.5,Light Rain,5.58,101.81,7.17,99.72,,,,119731.46,59612.59,False
2021-07-27,2,Tuesday,30,7,July,3,2021,27,False,False,False,False,False,,False,,19.0,,,False,36.7,44.5,84.3,Heavy Rain,5.57,101.96,7.17,99.76,,,,149855.17,74939.67,False
2021-07-28,3,Wednesday,30,7,July,3,2021,28,False,False,False,False,False,,False,,18.0,,,False,38.0,29.1,82.8,Heavy Rain,5.54,,7.2,99.8,,,,152698.15,71708.91,False
2021-07-29,4,Thursday,30,7,July,3,2021,29,False,False,False,False,False,,False,,17.0,,,False,38.3,10.1,73.7,Light Rain,5.53,102.16,7.2,99.7,,,,186131.58,72746.17,False
2021-07-30,5,Friday,30,7,July,3,2021,30,False,False,False,False,False,,False,,16.0,,,False,35.5,30.0,77.6,Heavy Rain,5.55,102.04,7.17,99.71,,,,147713.57,81843.85,False
2021-07-31,6,Saturday,30,7,July,3,2021,31,True,False,True,False,False,,False,,15.0,,,False,34.6,11.9,73.5,Light Rain,5.55,102.1,7.16,99.81,,,,158474.48,92173.19,False
2021-08-01,7,Sunday,30,8,August,3,2021,1,True,True,False,False,False,,False,,14.0,,,False,34.4,8.2,84.1,Light Rain,5.58,102.21,7.16,99.87,,,,144290.03,92299.44,False
2021-08-02,1,Monday,31,8,August,3,2021,2,False,False,False,False,False,,False,,13.0,,,False,35.3,21.7,64.0,Heavy Rain,5.62,102.15,7.14,99.8,,,,142559.35,83510.55,False
2021-08-03,2,Tuesday,31,8,August,3,2021,3,False,False,False,False,False,,False,,12.0,,,False,35.2,31.8,79.6,Heavy Rain,5.64,102.11,7.15,99.78,,,,128562.74,77847.57,False
2021-08-04,3,Wednesday,31,8,August,3,2021,4,False,False,False,False,False,,False,,11.0,,,False,34.1,15.1,75.0,Heavy Rain,5.63,102.28,7.15,99.79,,,,176210.61,40367.91,False
2021-08-05,4,Thursday,31,8,August,3,2021,5,False,False,False,False,False,,False,,10.0,,,False,32.9,0.4,79.0,Pleasant,5.64,102.33,7.14,99.9,,,,147415.05,67745.74,False
2021-08-06,5,Friday,31,8,August,3,2021,6,False,False,False,False,False,,False,,9.0,,,False,32.0,18.7,71.7,Heavy Rain,5.65,102.37,7.13,99.98,,,,119627.2,58595.94,False
2021-08-07,6,Saturday,31,8,August,3,2021,7,True,False,False,False,False,,False,,8.0,,,False,33.0,15.0,71.9,Heavy Rain,5.65,102.29,7.12,100.02,,,,153242.49,87202.38,False
2021-08-08,7,Sunday,31,8,August,3,2021,8,True,False,False,False,False,,False,,7.0,,,False,34.1,13.8,64.0,Light Rain,5.63,102.3,7.13,100.01,,,,141797.74,105652.5,False
2021-08-09,1,Monday,32,8,August,3,2021,9,False,False,False,False,False,,False,,6.0,,,False,32.9,11.5,69.8,Light Rain,5.62,102.38,7.13,100.03,,,,120345.19,68854.61,False
2021-08-10,2,Tuesday,32,8,August,3,2021,10,False,False,False,False,False,,False,,5.0,,Independence Day Sale,False,31.8,18.7,67.3,Heavy Rain,5.62,102.35,7.11,100.06,Independence Day Sale,National Sale,Medium,236942.65,123920.83,True
2021-08-11,3,Wednesday,32,8,August,3,2021,11,False,False,False,False,False,,False,,4.0,,Independence Day Sale,False,30.4,26.5,78.2,Heavy Rain,5.61,102.27,7.13,100.04,Independence Day Sale,National Sale,Medium,257692.24,127520.99,True
2021-08-12,4,Thursday,32,8,August,3,2021,12,False,False,False,False,False,,False,,3.0,,Independence Day Sale,False,29.9,36.2,76.8,Heavy Rain,5.6,102.03,7.13,100.07,Independence Day Sale,National Sale,Medium,253170.12,117351.18,True
2021-08-13,5,Friday,32,8,August,3,2021,13,False,False,False,False,False,,False,,2.0,,Independence Day Sale,False,31.4,28.5,88.8,Heavy Rain,5.62,102.14,7.14,100.03,Independence Day Sale,National Sale,Medium,241153.18,131464.22,True
2021-08-14,6,Saturday,32,8,August,3,2021,14,True,False,False,False,False,,False,,1.0,,Independence Day Sale,False,32.5,35.9,76.5,Heavy Rain,5.63,102.1,7.14,100.01,Independence Day Sale,National Sale,Medium,348699.95,155803.26,True
2021-08-15,7,Sunday,32,8,August,3,2021,15,True,False,False,False,False,Independence Day,True,National,0.0,0.0,Independence Day Sale,False,32.1,15.2,73.3,Heavy Rain,5.58,102.16,7.14,100.02,Independence Day Sale,National Sale,Medium,334683.86,137363.4,True
2021-08-16,1,Monday,33,8,August,3,2021,16,False,False,False,False,False,,False,,6.0,1.0,Independence Day Sale,False,35.2,15.5,61.2,Heavy Rain,5.6,102.24,7.13,100.04,Independence Day Sale,National Sale,Medium,281170.69,123691.16,True
2021-08-17,2,Tuesday,33,8,August,3,2021,17,False,False,False,False,False,,False,,5.0,2.0,,False,33.4,34.8,74.7,Heavy Rain,5.65,102.28,7.13,100.07,,,,134658.21,73789.3,False
2021-08-18,3,Wednesday,33,8,August,3,2021,18,False,False,False,False,False,,False,,4.0,3.0,,False,33.4,8.7,78.6,Light Rain,5.66,102.39,7.14,100.09,,,,153668.17,67394.03,False
2021-08-19,4,Thursday,33,8,August,3,2021,19,False,False,False,False,False,,False,,3.0,4.0,,False,32.8,29.4,78.9,Heavy Rain,5.72,102.13,7.16,99.99,,,,149765.89,88070.02,False
2021-08-20,5,Friday,33,8,August,3,2021,20,False,False,False,False,False,,False,,2.0,5.0,,False,34.4,6.5,64.1,Light Rain,5.74,102.08,7.16,100.01,,,,149844.99,76209.8,False
2021-08-21,6,Saturday,33,8,August,3,2021,21,True,False,False,False,False,,False,,1.0,6.0,,False,33.8,2.9,53.4,Light Rain,5.76,102.0,7.16,99.98,,,,171182.67,90275.69,False
2021-08-22,7,Sunday,33,8,August,3,2021,22,True,False,False,False,False,Raksha Bandhan,True,Festival,0.0,0.0,,False,32.8,5.1,70.7,Light Rain,5.79,101.98,7.15,100.01,,,,204996.62,78035.16,False
2021-08-23,1,Monday,34,8,August,3,2021,23,False,False,False,False,False,,False,,,1.0,,False,32.0,34.9,68.5,Heavy Rain,5.79,101.8,7.13,99.91,,,,148638.03,77263.47,False
2021-08-24,2,Tuesday,34,8,August,3,2021,24,False,False,False,False,False,,False,,,2.0,,False,32.5,18.3,80.7,Heavy Rain,5.82,101.7,7.14,99.89,,,,144789.88,74260.78,False
2021-08-25,3,Wednesday,34,8,August,3,2021,25,False,False,False,False,False,,False,,,3.0,,False,30.3,35.7,74.5,Heavy Rain,5.81,101.78,7.14,99.9,,,,170532.57,73389.84,False
2021-08-26,4,Thursday,34,8,August,3,2021,26,False,False,False,False,False,,False,,,4.0,,False,30.0,10.9,70.2,Light Rain,5.79,101.66,7.15,99.96,,,,180650.97,82426.68,False
2021-08-27,5,Friday,34,8,August,3,2021,27,False,False,False,False,False,,False,,,5.0,,False,29.3,16.6,81.2,Heavy Rain,5.8,101.57,7.15,99.95,,,,127500.31,84303.07,False
2021-08-28,6,Saturday,34,8,August,3,2021,28,True,False,False,False,False,,False,,,6.0,,False,33.4,24.4,76.6,Heavy Rain,5.79,101.91,7.14,99.98,,,,177934.81,98552.49,False
2021-08-29,7,Sunday,34,8,August,3,2021,29,True,False,False,False,False,,False,,,7.0,,False,32.4,21.0,74.5,Heavy Rain,5.82,101.76,7.14,100.06,,,,192070.12,105002.64,False
2021-08-30,1,Monday,35,8,August,3,2021,30,False,False,False,False,False,,False,,,8.0,,False,29.0,15.4,64.2,Heavy Rain,5.83,101.94,7.12,100.0,,,,128565.63,69085.46,False
2021-08-31,2,Tuesday,35,8,August,3,2021,31,False,False,True,False,False,,False,,,9.0,,False,27.7,54.0,72.4,Heavy Rain,5.82,102.3,7.15,99.97,,,,148046.64,83620.23,False
2021-09-01,3,Wednesday,35,9,September,3,2021,1,False,True,False,False,False,,False,,,10.0,,False,26.8,8.4,69.7,Light Rain,5.81,102.1,7.14,100.01,,,,123207.14,56499.83,False
2021-09-02,4,Thursday,35,9,September,3,2021,2,False,False,False,False,False,,False,,,11.0,,False,26.9,42.0,70.7,Heavy Rain,5.82,102.17,7.14,99.9,,,,146647.41,67905.22,False
2021-09-03,5,Friday,35,9,September,3,2021,3,False,False,False,False,False,,False,,,12.0,,False,28.6,3.7,71.1,Light Rain,5.78,102.37,7.13,99.93,,,,136730.72,81617.27,False
2021-09-04,6,Saturday,35,9,September,3,2021,4,True,False,False,False,False,,False,,,13.0,,False,30.0,28.7,62.0,Heavy Rain,5.75,102.4,7.13,99.95,,,,184527.39,70767.4,False
2021-09-05,7,Sunday,35,9,September,3,2021,5,True,False,False,False,False,,False,,,14.0,,False,28.4,4.7,73.3,Light Rain,5.76,102.6,7.12,99.92,,,,222270.79,102151.6,False
2021-09-06,1,Monday,36,9,September,3,2021,6,False,False,False,False,False,,False,,,15.0,,False,28.7,0.8,76.3,Pleasant,5.75,102.9,7.12,99.94,,,,116635.66,58902.49,False
2021-09-07,2,Tuesday,36,9,September,3,2021,7,False,False,False,False,False,,False,,,16.0,,False,27.8,7.8,78.0,Light Rain,5.76,103.05,7.1,99.95,,,,,86802.75,False
2021-09-08,3,Wednesday,36,9,September,3,2021,8,False,False,False,False,False,,False,,,17.0,,False,27.6,17.0,78.4,Heavy Rain,5.76,102.96,7.1,99.95,,,,152227.68,57764.7,False
2021-09-09,4,Thursday,36,9,September,3,2021,9,False,False,False,False,False,,False,,,18.0,,False,28.8,10.1,86.8,Light Rain,5.76,102.86,7.12,99.99,,,,151982.53,,False
2021-09-10,5,Friday,36,9,September,3,2021,10,False,False,False,False,False,,False,,,19.0,,False,28.3,23.6,68.3,Heavy Rain,5.78,102.91,7.11,100.05,,,,136227.59,78286.33,False
2021-09-11,6,Saturday,36,9,September,3,2021,11,True,False,False,False,False,,False,,,20.0,,False,27.4,17.5,78.0,Heavy Rain,5.75,102.93,7.09,100.04,,,,199658.62,96586.4,False
2021-09-12,7,Sunday,36,9,September,3,2021,12,True,False,False,False,False,,False,,,21.0,,False,28.8,5.0,88.0,Light Rain,5.73,102.81,7.08,100.04,,,,184996.26,56328.03,False
2021-09-13,1,Monday,37,9,September,3,2021,13,False,False,False,False,False,,False,,,22.0,,False,29.0,10.8,82.6,Light Rain,5.72,102.98,7.09,100.02,,,,164763.89,78497.69,False
2021-09-14,2,Tuesday,37,9,September,3,2021,14,False,False,False,False,False,,False,,,23.0,,False,27.7,2.6,79.9,Light Rain,5.71,103.25,7.09,100.03,,,,148442.79,60597.43,False
2021-09-15,3,Wednesday,37,9,September,3,2021,15,False,False,False,False,False,,False,,30.0,24.0,,False,27.3,7.5,60.6,Light Rain,5.73,103.18,7.09,99.94,,,,127426.21,78234.21,False
2021-09-16,4,Thursday,37,9,September,3,2021,16,False,False,False,False,False,,False,,29.0,25.0,,False,27.1,8.6,74.5,Light Rain,5.72,103.36,7.07,99.98,,,,116282.11,61596.74,False
2021-09-17,5,Friday,37,9,September,3,2021,17,False,False,False,False,False,,False,,28.0,26.0,,False,26.0,14.7,77.4,Light Rain,5.73,103.57,7.09,100.02,,,,155906.72,65971.38,False
2021-09-18,6,Saturday,37,9,September,3,2021,18,True,False,False,False,False,,False,,27.0,27.0,,False,24.7,20.4,81.9,Heavy Rain,5.69,103.97,7.08,100.02,,,,206857.84,71122.88,False
2021-09-19,7,Sunday,37,9,September,3,2021,19,True,False,False,False,False,,False,,26.0,28.0,,False,24.4,1.4,59.4,Pleasant,5.69,104.01,7.07,100.1,,,,,89873.03,False
2021-09-20,1,Monday,38,9,September,3,2021,20,False,False,False,False,False,,False,,25.0,29.0,,False,24.5,10.7,85.5,Light Rain,5.7,103.96,7.07,100.13,,,,131553.8,73319.15,False
2021-09-21,2,Tuesday,38,9,September,3,2021,21,False,False,False,False,False,,False,,24.0,30.0,,False,24.7,33.0,63.6,Heavy Rain,5.69,104.07,7.07,100.18,,,,147122.47,76284.65,False
2021-09-22,3,Wednesday,38,9,September,3,2021,22,False,False,False,False,False,,False,,23.0,,,False,24.8,16.8,63.2,Heavy Rain,5.67,103.92,7.08,100.2,,,,147928.53,71859.9,False
2021-09-23,4,Thursday,38,9,September,3,2021,23,False,False,False,False,False,,False,,22.0,,,False,24.2,7.0,72.0,Light Rain,5.71,103.95,7.08,100.18,,,,138526.58,70408.23,False
2021-09-24,5,Friday,38,9,September,3,2021,24,False,False,False,False,False,,False,,21.0,,,False,26.3,55.4,77.1,Heavy Rain,5.72,103.81,7.08,100.16,,,,89335.6,76933.77,False
2021-09-25,6,Saturday,38,9,September,3,2021,25,True,False,False,False,False,,False,,20.0,,,False,25.7,12.5,77.1,Light Rain,5.77,103.84,7.09,100.13,,,,189808.0,85865.39,False
2021-09-26,7,Sunday,38,9,September,3,2021,26,True,False,False,False,False,,False,,19.0,,,False,25.2,6.0,78.7,Light Rain,5.78,103.91,7.08,100.15,,,,111624.77,102950.03,False
2021-09-27,1,Monday,39,9,September,3,2021,27,False,False,False,False,False,,False,,18.0,,,False,24.8,16.5,71.7,Heavy Rain,5.8,103.85,7.08,100.12,,,,146793.15,85488.28,False
2021-09-28,2,Tuesday,39,9,September,3,2021,28,False,False,False,False,False,,False,,17.0,,,False,23.8,8.1,77.6,Light Rain,5.86,103.77,7.06,100.08,,,,107183.18,64383.03,False
2021-09-29,3,Wednesday,39,9,September,3,2021,29,False,False,False,False,False,,False,,16.0,,,False,23.9,5.8,60.2,Light Rain,5.86,103.66,7.08,100.15,,,,122335.89,66429.35,False
2021-09-30,4,Thursday,39,9,September,3,2021,30,False,False,True,False,True,,False,,15.0,,,False,23.9,23.3,74.7,Heavy Rain,5.9,103.65,7.08,100.15,,,,115675.7,80401.28,False
2021-10-01,5,Friday,39,10,October,4,2021,1,False,True,False,True,False,,False,,14.0,,,False,24.1,0.0,61.1,Pleasant,5.92,103.37,7.08,100.12,,,,144256.31,62935.74,False
2021-10-02,6,Saturday,39,10,October,4,2021,2,True,False,False,False,False,,False,,13.0,,,False,22.8,0.0,55.3,Pleasant,5.91,103.33,7.08,100.12,,,,117313.09,78899.69,False
2021-10-03,7,Sunday,39,10,October,4,2021,3,True,False,False,False,False,,False,,12.0,,,False,22.7,0.0,66.4,Pleasant,5.89,103.63,7.09,100.15,,,,167296.44,82706.48,False
2021-10-04,1,Monday,40,10,October,4,2021,4,False,False,False,False,False,,False,,11.0,,,False,24.5,0.0,54.7,Pleasant,5.92,103.9,7.07,100.15,,,,141418.69,89927.9,False
2021-10-05,2,Tuesday,40,10,October,4,2021,5,False,False,False,False,False,,False,,10.0,,,False,27.0,0.0,58.7,Pleasant,5.94,104.09,7.07,100.2,,,,127222.55,42827.14,False
2021-10-06,3,Wednesday,40,10,October,4,2021,6,False,False,False,False,False,,False,,9.0,,,False,24.1,0.0,62.1,Pleasant,5.89,103.83,7.07,100.01,,,,153996.55,82021.7,False
2021-10-07,4,Thursday,40,10,October,4,2021,7,False,False,False,False,False,,False,,8.0,,,False,20.1,0.0,54.4,Pleasant,5.93,103.89,7.07,100.02,,,,162398.39,73333.63,False
2021-10-08,5,Friday,40,10,October,4,2021,8,False,False,False,False,False,,False,,7.0,,,False,20.8,0.0,59.9,Pleasant,5.93,104.19,7.07,100.03,,,,129713.23,79074.79,False
2021-10-09,6,Saturday,40,10,October,4,2021,9,True,False,False,False,False,,False,,6.0,,Festival Sale - Dussehra,False,21.1,0.0,69.0,Pleasant,5.97,104.14,7.06,100.1,Festival Sale - Dussehra,Festival Sale,Medium,305304.35,202203.09,True
2021-10-10,7,Sunday,40,10,October,4,2021,10,True,False,False,False,False,,False,,5.0,,Festival Sale - Dussehra,False,21.2,0.0,45.8,Pleasant,5.97,104.33,7.07,100.08,Festival Sale - Dussehra,Festival Sale,Medium,394549.6,174052.93,True
2021-10-11,1,Monday,41,10,October,4,2021,11,False,False,False,False,False,,False,,4.0,,Festival Sale - Dussehra,False,21.2,0.0,54.0,Pleasant,6.0,104.24,7.07,100.04,Festival Sale - Dussehra,Festival Sale,Medium,281679.16,125894.75,True
2021-10-12,2,Tuesday,41,10,October,4,2021,12,False,False,False,False,False,,False,,3.0,,Festival Sale - Dussehra,False,22.4,0.0,51.6,Pleasant,6.02,104.4,7.06,100.09,Festival Sale - Dussehra,Festival Sale,Medium,330362.79,124492.19,True
2021-10-13,3,Wednesday,41,10,October,4,2021,13,False,False,False,False,False,,False,,2.0,,Festival Sale - Dussehra,False,23.0,0.0,59.9,Pleasant,6.01,104.54,7.06,100.03,Festival Sale - Dussehra,Festival Sale,Medium,278523.54,125350.45,True
2021-10-14,4,Thursday,41,10,October,4,2021,14,False,False,False,False,False,,False,,1.0,,Festival Sale - Dussehra,False,21.3,0.0,48.5,Pleasant,6.02,104.56,7.06,100.08,Festival Sale - Dussehra,Festival Sale,Medium,228231.23,137924.63,True
2021-10-15,5,Friday,41,10,October,4,2021,15,False,False,False,False,False,Dussehra,True,Festival,0.0,0.0,Diwali Mega Sale,True,18.9,0.0,57.7,Pleasant,6.02,104.47,7.06,100.08,Diwali Mega Sale,Festival Sale,High,363505.89,194578.13,True
2021-10-16,6,Saturday,41,10,October,4,2021,16,True,False,False,False,False,,False,,19.0,1.0,Diwali Mega Sale,True,19.0,0.0,59.7,Pleasant,6.04,104.47,7.07,100.09,Diwali Mega Sale,Festival Sale,High,492482.45,256438.75,True
2021-10-17,7,Sunday,41,10,October,4,2021,17,True,False,False,False,False,,False,,18.0,2.0,Diwali Mega Sale,True,18.5,0.0,55.9,Pleasant,6.06,104.72,7.07,100.11,Diwali Mega Sale,Festival Sale,High,503108.79,219118.81,True
2021-10-18,1,Monday,42,10,October,4,2021,18,False,False,False,False,False,,False,,17.0,3.0,Diwali Mega Sale,True,18.2,0.0,56.2,Pleasant,6.06,104.66,7.09,100.08,Diwali Mega Sale,Festival Sale,High,362922.01,195155.6,True
2021-10-19,2,Tuesday,42,10,October,4,2021,19,False,False,False,False,False,,False,,16.0,4.0,Diwali Mega Sale,True,19.8,0.0,59.3,Pleasant,6.08,104.68,7.1,100.03,Diwali Mega Sale,Festival Sale,High,368629.74,166079.63,True
2021-10-20,3,Wednesday,42,10,October,4,2021,20,False,False,False,False,False,,False,,15.0,5.0,Diwali Mega Sale,True,18.9,0.0,66.3,Pleasant,6.08,104.75,7.09,100.03,Diwali Mega Sale,Festival Sale,High,360964.45,174329.28,True
2021-10-21,4,Thursday,42,10,October,4,2021,21,False,False,False,False,False,,False,,14.0,6.0,Diwali Mega Sale,True,20.3,0.0,61.2,Pleasant,6.13,104.65,7.09,99.94,Diwali Mega Sale,Festival Sale,High,366038.52,164766.71,True
2021-10-22,5,Friday,42,10,October,4,2021,22,False,False,False,False,False,,False,,13.0,7.0,Diwali Mega Sale,True,21.0,0.1,42.9,Pleasant,6.13,104.79,7.09,99.87,Diwali Mega Sale,Festival Sale,High,348022.27,184155.11,True
2021-10-23,6,Saturday,42,10,October,4,2021,23,True,False,False,False,False,,False,,12.0,8.0,Diwali Mega Sale,True,17.6,0.0,58.9,Pleasant,6.08,104.98,7.07,99.86,Diwali Mega Sale,Festival Sale,High,502019.59,212234.06,True
2021-10-24,7,Sunday,42,10,October,4,2021,24,True,False,False,False,False,,False,,11.0,9.0,Diwali Mega Sale,True,15.8,0.0,46.6,Pleasant,6.08,104.91,7.07,99.84,Diwali Mega Sale,Festival Sale,High,464084.94,222763.08,True
2021-10-25,1,Monday,43,10,October,4,2021,25,False,False,False,False,False,,False,,10.0,10.0,Diwali Mega Sale,True,17.2,0.7,44.9,Pleasant,6.1,104.8,7.07,99.87,Diwali Mega Sale,Festival Sale,High,383404.1,197725.29,True
2021-10-26,2,Tuesday,43,10,October,4,2021,26,False,False,False,False,False,,False,,9.0,11.0,Diwali Mega Sale,True,16.7,0.0,58.7,Pleasant,6.08,104.6,7.1,99.98,Diwali Mega Sale,Festival Sale,High,364983.47,190865.94,True
2021-10-27,3,Wednesday,43,10,October,4,2021,27,False,False,False,False,False,,False,,8.0,12.0,Diwali Mega Sale,True,18.9,0.0,52.1,Pleasant,6.08,104.74,7.1,99.91,Diwali Mega Sale,Festival Sale,High,381793.72,164274.26,True
2021-10-28,4,Thursday,43,10,October,4,2021,28,False,False,False,False,False,,False,,7.0,13.0,Diwali Mega Sale,True,18.0,0.0,57.6,Pleasant,6.09,104.77,7.11,99.91,Diwali Mega Sale,Festival Sale,High,323735.77,185432.34,True
2021-10-29,5,Friday,43,10,October,4,2021,29,False,False,False,False,False,,False,,6.0,14.0,Diwali Mega Sale,True,14.4,0.0,68.6,Cold,6.11,104.71,7.11,99.92,Diwali Mega Sale,Festival Sale,High,387059.8,174470.64,True
2021-10-30,6,Saturday,43,10,October,4,2021,30,True,False,False,False,False,,False,,5.0,15.0,Diwali Mega Sale,True,14.5,0.0,56.7,Cold,6.12,104.66,7.12,99.86,Diwali Mega Sale,Festival Sale,High,467815.53,,True
2021-10-31,7,Sunday,43,10,October,4,2021,31,True,False,True,False,False,,False,,4.0,16.0,Diwali Mega Sale,True,14.4,2.0,,Cold,6.1,104.76,7.13,99.93,Diwali Mega Sale,Festival Sale,High,440709.33,232948.38,True
2021-11-01,1,Monday,44,11,November,4,2021,1,False,True,False,False,False,,False,,3.0,17.0,Diwali Mega Sale,True,17.8,0.0,65.9,Pleasant,6.13,104.56,7.14,99.98,Diwali Mega Sale,Festival Sale,High,384394.27,200931.54,True
2021-11-02,2,Tuesday,44,11,November,4,2021,2,False,False,False,False,False,,False,,2.0,18.0,Diwali Mega Sale,True,18.4,0.0,60.6,Pleasant,6.12,104.65,7.12,100.09,Diwali Mega Sale,Festival Sale,High,354184.29,188593.34,True
2021-11-03,3,Wednesday,44,11,November,4,2021,3,False,False,False,False,False,,False,,1.0,19.0,Diwali Mega Sale,True,18.6,3.2,42.2,Light Rain,6.12,104.84,7.11,100.03,Diwali Mega Sale,Festival Sale,High,410952.13,195728.56,True
2021-11-04,4,Thursday,44,11,November,4,2021,4,False,False,False,False,False,Diwali,True,Festival,0.0,0.0,Diwali Mega Sale,True,20.2,0.0,57.8,Pleasant,6.13,104.94,7.11,99.94,Diwali Mega Sale,Festival Sale,High,349727.17,166548.65,True
2021-11-05,5,Friday,44,11,November,4,2021,5,False,False,False,False,False,,False,,,1.0,Diwali Mega Sale,True,21.3,2.3,55.6,Light Rain,6.14,104.85,7.09,100.05,Diwali Mega Sale,Festival Sale,High,349842.57,177443.09,True
2021-11-06,6,Saturday,44,11,November,4,2021,6,True,False,False,False,False,,False,,,2.0,Diwali Mega Sale,True,19.1,0.0,55.5,Pleasant,6.16,104.7,7.1,100.01,Diwali Mega Sale,Festival Sale,High,502122.53,217617.31,True
2021-11-07,7,Sunday,44,11,November,4,2021,7,True,False,False,False,False,,False,,,3.0,Diwali Mega Sale,True,18.6,0.0,44.2,Pleasant,6.16,104.72,7.09,100.0,Diwali Mega Sale,Festival Sale,High,496004.71,237775.01,True
2021-11-08,1,Monday,45,11,November,4,2021,8,False,False,False,False,False,,False,,,4.0,,False,17.6,0.0,58.9,Pleasant,6.19,104.85,7.1,100.1,,,,107666.9,54976.26,False
2021-11-09,2,Tuesday,45,11,November,4,2021,9,False,False,False,False,False,,False,,,5.0,,False,14.6,0.0,36.6,Cold,6.19,104.97,7.08,100.06,,,,134730.88,77878.2,False
2021-11-10,3,Wednesday,45,11,November,4,2021,10,False,False,False,False,False,,False,,,6.0,,False,13.4,0.0,60.7,Cold,6.19,104.99,7.1,100.07,,,,,66543.24,False
2021-11-11,4,Thursday,45,11,November,4,2021,11,False,False,False,False,False,,False,,,7.0,,False,15.1,4.9,64.1,Light Rain,6.18,105.0,7.1,100.1,,,,164000.55,74211.36,False
2021-11-12,5,Friday,45,11,November,4,2021,12,False,False,False,False,False,,False,,,8.0,,False,16.5,0.0,61.8,Pleasant,6.16,104.79,7.11,100.08,,,,146219.73,68215.11,False
2021-11-13,6,Saturday,45,11,November,4,2021,13,True,False,False,False,False,,False,,,9.0,,False,18.0,0.0,46.0,Pleasant,6.16,104.75,7.09,100.12,,,,176199.56,96037.66,False
2021-11-14,7,Sunday,45,11,November,4,2021,14,True,False,False,False,False,,False,,,10.0,,False,20.4,0.0,63.9,Pleasant,6.15,104.57,7.11,100.1,,,,181271.22,84940.84,False
2021-11-15,1,Monday,46,11,November,4,2021,15,False,False,False,False,False,,False,,,11.0,,False,19.2,0.0,52.5,Pleasant,6.15,104.6,7.11,100.02,,,,102655.4,63857.52,False
2021-11-16,2,Tuesday,46,11,November,4,2021,16,False,False,False,False,False,,False,,,12.0,,False,17.9,0.0,46.9,Pleasant,6.13,104.54,7.11,99.93,,,,128100.65,73535.87,False
2021-11-17,3,Wednesday,46,11,November,4,2021,17,False,False,False,False,False,,False,,,13.0,,False,17.1,,52.0,Pleasant,6.13,104.65,7.09,99.97,,,,129731.2,71847.76,False
2021-11-18,4,Thursday,46,11,November,4,2021,18,False,False,False,False,False,,False,,,14.0,,False,17.4,0.0,48.3,Pleasant,6.12,104.75,7.09,99.88,,,,124704.85,73664.71,False
2021-11-19,5,Friday,46,11,November,4,2021,19,False,False,False,False,False,,False,,,15.0,,False,18.2,0.0,52.1,Pleasant,6.12,104.73,7.08,99.85,,,,143625.71,70631.88,False
2021-11-20,6,Saturday,46,11,November,4,2021,20,True,False,False,False,False,,False,,,16.0,,False,17.3,0.0,50.3,Pleasant,6.1,104.88,7.09,99.87,,,,221703.25,85475.65,False
2021-11-21,7,Sunday,46,11,November,4,2021,21,True,False,False,False,False,,False,,,17.0,,False,16.3,0.0,56.5,Pleasant,6.1,104.89,7.09,99.85,,,,148808.57,88883.32,False
2021-11-22,1,Monday,47,11,November,4,2021,22,False,False,False,False,False,,False,,,18.0,,False,15.9,0.0,69.4,Pleasant,6.11,104.85,7.09,99.95,,,,161667.47,68713.35,False
2021-11-23,2,Tuesday,47,11,November,4,2021,23,False,False,False,False,False,,False,,,19.0,,False,14.5,0.0,57.8,Cold,6.12,105.2,7.09,99.96,,,,132176.93,70649.21,False
2021-11-24,3,Wednesday,47,11,November,4,2021,24,False,False,False,False,False,,False,,,20.0,,False,14.2,0.0,63.0,Cold,6.13,105.39,7.08,99.98,,,,153519.23,50438.66,False
2021-11-25,4,Thursday,47,11,November,4,2021,25,False,False,False,False,False,,False,,30.0,21.0,,False,12.9,0.0,55.8,Cold,6.09,105.28,7.07,99.95,,,,172157.16,64102.38,False
2021-11-26,5,Friday,47,11,November,4,2021,26,False,False,False,False,False,,False,,29.0,22.0,Black Friday,True,15.9,0.0,49.3,Pleasant,6.12,105.42,7.09,100.06,Black Friday,Flash Sale,High,386430.55,194881.95,True
2021-11-27,6,Saturday,47,11,November,4,2021,27,True,False,False,False,False,,False,,28.0,23.0,Black Friday,True,13.5,0.0,58.7,Cold,6.13,105.54,7.08,100.13,Black Friday,Flash Sale,High,522773.41,242294.48,True
2021-11-28,7,Sunday,47,11,November,4,2021,28,True,False,False,False,False,,False,,27.0,24.0,Black Friday,True,14.9,0.0,62.7,Cold,6.13,105.47,7.08,100.14,Black Friday,Flash Sale,High,428502.58,237765.74,True
2021-11-29,1,Monday,48,11,November,4,2021,29,False,False,False,False,False,,False,,26.0,25.0,Cyber Monday,True,14.9,0.0,51.0,Cold,6.14,105.57,7.08,100.16,Cyber Monday,Flash Sale,High,381179.59,190200.79,True
2021-11-30,2,Tuesday,48,11,November,4,2021,30,False,False,True,False,False,,False,,25.0,26.0,,False,13.8,0.0,55.5,Cold,6.12,105.94,7.07,100.12,,,,153891.35,65322.06,False
2021-12-01,3,Wednesday,48,12,December,4,2021,1,False,True,False,False,False,,False,,24.0,27.0,,False,11.3,0.0,47.2,Cold,6.11,105.7,7.06,100.11,,,,138043.36,58217.76,False
2021-12-02,4,Thursday,48,12,December,4,2021,2,False,False,False,False,False,,False,,23.0,28.0,,False,11.3,0.0,55.8,Cold,6.11,105.51,7.07,100.06,,,,147071.26,59982.97,False
2021-12-03,5,Friday,48,12,December,4,2021,3,False,False,False,False,False,,False,,22.0,29.0,,False,12.6,0.0,55.0,Cold,6.12,105.57,7.07,100.07,,,,112443.57,68669.26,False
2021-12-04,6,Saturday,48,12,December,4,2021,4,True,False,False,False,False,,False,,21.0,30.0,,False,10.4,0.0,52.1,Cold,6.11,105.78,7.07,100.13,,,,170248.94,95165.79,False
2021-12-05,7,Sunday,48,12,December,4,2021,5,True,False,False,False,False,,False,,20.0,,,False,12.9,3.5,47.4,Light Rain,6.09,105.56,7.08,100.11,,,,161038.79,94270.69,False
2021-12-06,1,Monday,49,12,December,4,2021,6,False,False,False,False,False,,False,,19.0,,,False,12.6,0.0,69.8,Cold,6.1,105.46,7.06,100.23,,,,148824.8,57553.39,False
2021-12-07,2,Tuesday,49,12,December,4,2021,7,False,False,False,False,False,,False,,18.0,,,False,14.3,0.0,51.3,Cold,6.1,105.4,7.05,100.37,,,,131289.86,73761.0,False
2021-12-08,3,Wednesday,49,12,December,4,2021,8,False,False,False,False,False,,False,,17.0,,,False,14.3,0.0,50.5,Cold,6.1,105.54,7.05,100.39,,,,132584.68,75932.98,False
2021-12-09,4,Thursday,49,12,December,4,2021,9,False,False,False,False,False,,False,,16.0,,,False,11.3,0.0,49.9,Cold,6.09,105.11,7.04,100.43,,,,187832.36,62531.35,False
2021-12-10,5,Friday,49,12,December,4,2021,10,False,False,False,False,False,,False,,15.0,,,False,11.4,0.0,57.2,Cold,6.08,105.08,7.03,100.46,,,,156346.46,88251.49,False
2021-12-11,6,Saturday,49,12,December,4,2021,11,True,False,False,False,False,,False,,14.0,,,False,13.3,0.0,56.2,Cold,6.09,104.94,7.05,100.48,,,,217786.87,79268.6,False
2021-12-12,7,Sunday,49,12,December,4,2021,12,True,False,False,False,False,,False,,13.0,,,False,14.7,0.0,53.5,Cold,6.08,104.8,7.07,100.55,,,,183064.8,92613.0,False
2021-12-13,1,Monday,50,12,December,4,2021,13,False,False,False,False,False,,False,,12.0,,,False,13.7,0.0,40.7,Cold,6.07,104.78,7.06,100.6,,,,150787.28,71679.72,False
2021-12-14,2,Tuesday,50,12,December,4,2021,14,False,False,False,False,False,,False,,11.0,,,False,11.7,0.0,54.8,Cold,6.04,104.45,7.08,100.64,,,,131926.73,86732.56,False
2021-12-15,3,Wednesday,50,12,December,4,2021,15,False,False,False,False,False,,False,,10.0,,,False,13.7,0.0,56.8,Cold,6.06,104.67,7.08,100.62,,,,152198.58,40438.23,False
2021-12-16,4,Thursday,50,12,December,4,2021,16,False,False,False,False,False,,False,,9.0,,,False,13.9,0.0,54.9,Cold,6.05,104.72,7.08,100.63,,,,137206.41,74764.41,False
2021-12-17,5,Friday,50,12,December,4,2021,17,False,False,False,False,False,,False,,8.0,,,False,13.3,0.0,,Cold,6.06,104.79,7.07,100.6,,,,167792.18,68613.81,False
2021-12-18,6,Saturday,50,12,December,4,2021,18,True,False,False,False,False,,False,,7.0,,,False,12.5,0.0,57.7,Cold,6.06,104.88,7.09,100.6,,,,183606.88,80733.68,False
2021-12-19,7,Sunday,50,12,December,4,2021,19,True,False,False,False,False,,False,,6.0,,,False,12.9,0.0,50.7,Cold,6.08,104.97,7.08,100.57,,,,217222.32,77042.96,False
2021-12-20,1,Monday,51,12,December,4,2021,20,False,False,False,False,False,,False,,5.0,,,False,14.1,0.0,60.2,Cold,6.08,105.17,7.08,100.57,,,,135735.71,82055.8,False
2021-12-21,2,Tuesday,51,12,December,4,2021,21,False,False,False,False,False,,False,,4.0,,,False,14.9,0.0,52.3,Cold,6.07,105.11,7.09,100.53,,,,159439.49,73556.31,False
2021-12-22,3,Wednesday,51,12,December,4,2021,22,False,False,False,False,False,,False,,3.0,,,False,13.5,0.0,40.4,Cold,6.1,105.1,7.09,100.5,,,,148250.77,49816.03,False
2021-12-23,4,Thursday,51,12,December,4,2021,23,False,False,False,False,False,,False,,2.0,,,False,11.2,0.0,55.5,Cold,6.12,105.17,7.09,100.43,,,,156659.71,67005.58,False
2021-12-24,5,Friday,51,12,December,4,2021,24,False,False,False,False,False,,False,,1.0,,,False,12.0,0.0,51.2,Cold,6.1,105.08,7.08,100.44,,,,136264.82,80640.14,False
2021-12-25,6,Saturday,51,12,December,4,2021,25,True,False,False,False,False,Christmas,True,National,0.0,0.0,,False,10.5,0.0,54.4,Cold,6.1,104.96,7.07,100.35,,,,204145.35,87050.83,False
2021-12-26,7,Sunday,51,12,December,4,2021,26,True,False,False,False,False,,False,,6.0,1.0,New Year Sale,False,12.4,0.0,51.0,Cold,6.09,104.9,7.08,100.36,New Year Sale,Seasonal Sale,Medium,328454.57,171684.69,True
2021-12-27,1,Monday,52,12,December,4,2021,27,False,False,False,False,False,,False,,5.0,2.0,New Year Sale,False,12.8,0.0,47.6,Cold,6.12,105.11,7.07,100.41,New Year Sale,Seasonal Sale,Medium,257865.74,135131.0,True
2021-12-28,2,Tuesday,52,12,December,4,2021,28,False,False,False,False,False,,False,,4.0,3.0,New Year Sale,False,11.8,0.0,47.2,Cold,6.11,105.33,7.06,100.28,New Year Sale,Seasonal Sale,Medium,222622.64,114029.57,True
2021-12-29,3,Wednesday,52,12,December,4,2021,29,False,False,False,False,False,,False,,3.0,4.0,New Year Sale,False,13.7,0.0,42.5,Cold,6.14,105.36,7.07,100.23,New Year Sale,Seasonal Sale,Medium,281978.83,124710.35,True
2021-12-30,4,Thursday,52,12,December,4,2021,30,False,False,False,False,False,,False,,2.0,5.0,New Year Sale,False,11.5,0.0,48.3,Cold,6.13,105.48,7.06,100.19,New Year Sale,Seasonal Sale,Medium,298290.04,126867.7,True
2021-12-31,5,Friday,52,12,December,4,2021,31,False,False,True,False,True,,False,,1.0,6.0,New Year Sale,False,11.7,0.0,45.0,Cold,6.14,105.62,7.05,100.25,New Year Sale,Seasonal Sale,Medium,245894.95,129026.15,True
2022-01-01,6,Saturday,52,1,January,1,2022,1,True,True,False,True,False,New Year,True,National,0.0,0.0,New Year Sale,False,11.6,0.0,43.0,Cold,6.15,105.58,7.05,100.18,New Year Sale,Seasonal Sale,Medium,292463.1,153464.7,True
2022-01-02,7,Sunday,52,1,January,1,2022,2,True,False,False,False,False,,False,,24.0,1.0,New Year Sale,False,13.0,0.0,49.5,Cold,6.15,105.85,7.05,100.31,New Year Sale,Seasonal Sale,Medium,335703.9,179971.65,True
2022-01-03,1,Monday,1,1,January,1,2022,3,False,False,False,False,False,,False,,23.0,2.0,End of Season Sale - Winter,False,12.8,0.0,45.5,Cold,6.16,105.8,7.03,100.22,End of Season Sale - Winter,Clearance,Medium,275758.39,131141.39,True
2022-01-04,2,Tuesday,1,1,January,1,2022,4,False,False,False,False,False,,False,,22.0,3.0,End of Season Sale - Winter,False,14.9,0.0,31.8,Cold,6.16,105.71,7.03,100.2,End of Season Sale - Winter,Clearance,Medium,235856.82,115894.74,True
2022-01-05,3,Wednesday,1,1,January,1,2022,5,False,False,False,False,False,,False,,21.0,4.0,End of Season Sale - Winter,False,16.2,0.0,49.7,Pleasant,6.15,105.85,7.03,100.21,End of Season Sale - Winter,Clearance,Medium,226151.05,121386.8,True
2022-01-06,4,Thursday,1,1,January,1,2022,6,False,False,False,False,False,,False,,20.0,5.0,End of Season Sale - Winter,False,14.4,0.0,62.1,Cold,6.15,105.79,7.02,100.25,End of Season Sale - Winter,Clearance,Medium,295790.57,132061.58,True
2022-01-07,5,Friday,1,1,January,1,2022,7,False,False,False,False,False,,False,,19.0,6.0,End of Season Sale - Winter,False,15.6,0.0,56.3,Pleasant,6.15,106.01,7.02,100.2,End of Season Sale - Winter,Clearance,Medium,250430.9,121346.49,True
2022-01-08,6,Saturday,1,1,January,1,2022,8,True,False,False,False,False,,False,,18.0,7.0,End of Season Sale - Winter,False,17.0,0.0,57.7,Pleasant,6.16,106.14,7.02,100.14,End of Season Sale - Winter,Clearance,Medium,272927.34,177876.47,True
2022-01-09,7,Sunday,1,1,January,1,2022,9,True,False,False,False,False,,False,,17.0,8.0,End of Season Sale - Winter,False,17.0,0.0,55.2,Pleasant,6.19,105.99,7.03,100.09,End of Season Sale - Winter,Clearance,Medium,311412.53,145375.69,True
2022-01-10,1,Monday,2,1,January,1,2022,10,False,False,False,False,False,,False,,16.0,9.0,End of Season Sale - Winter,False,16.4,0.0,58.3,Pleasant,6.18,105.78,7.03,100.17,End of Season Sale - Winter,Clearance,Medium,267055.1,125222.31,True
2022-01-11,2,Tuesday,2,1,January,1,2022,11,False,False,False,False,False,,False,,15.0,10.0,End of Season Sale - Winter,False,16.5,0.0,52.2,Pleasant,6.2,105.84,7.03,100.22,End of Season Sale - Winter,Clearance,Medium,248738.01,133431.92,True
2022-01-12,3,Wednesday,2,1,January,1,2022,12,False,False,False,False,False,,False,,14.0,11.0,End of Season Sale - Winter,False,14.3,3.5,59.2,Light Rain,6.2,105.81,7.03,100.27,End of Season Sale - Winter,Clearance,Medium,219718.8,122385.88,True
2022-01-13,4,Thursday,2,1,January,1,2022,13,False,False,False,False,False,,False,,13.0,12.0,End of Season Sale - Winter,False,14.3,0.0,62.9,Cold,6.17,105.89,7.01,100.22,End of Season Sale - Winter,Clearance,Medium,240589.11,122931.44,True
2022-01-14,5,Friday,2,1,January,1,2022,14,False,False,False,False,False,,False,,12.0,13.0,End of Season Sale - Winter,False,13.8,0.0,52.1,Cold,6.17,105.61,7.0,100.19,End of Season Sale - Winter,Clearance,Medium,262594.51,136275.5,True
2022-01-15,6,Saturday,2,1,January,1,2022,15,True,False,False,False,False,,False,,11.0,14.0,End of Season Sale - Winter,False,17.7,0.9,60.3,Pleasant,6.17,105.45,7.0,100.19,End of Season Sale - Winter,Clearance,Medium,285572.81,145487.48,True
2022-01-16,7,Sunday,2,1,January,1,2022,16,True,False,False,False,False,,False,,10.0,15.0,,False,18.4,0.0,56.2,Pleasant,6.16,105.65,7.0,100.14,,,,213294.51,82195.48,False
2022-01-17,1,Monday,3,1,January,1,2022,17,False,False,False,False,False,,False,,9.0,16.0,,False,19.9,0.0,54.2,Pleasant,6.18,105.68,6.99,100.2,,,,148528.74,78703.63,False
2022-01-18,2,Tuesday,3,1,January,1,2022,18,False,False,False,False,False,,False,,8.0,17.0,,False,19.9,0.0,63.1,Pleasant,6.18,105.69,7.0,100.19,,,,134894.65,89310.85,False
2022-01-19,3,Wednesday,3,1,January,1,2022,19,False,False,False,False,False,,False,,7.0,18.0,,False,19.2,0.0,48.8,Pleasant,6.17,105.62,6.99,100.17,,,,137338.45,65425.88,False
2022-01-20,4,Thursday,3,1,January,1,2022,20,False,False,False,False,False,,False,,6.0,19.0,Republic Day Sale,False,20.3,0.0,49.1,Pleasant,6.16,105.73,7.0,100.14,Republic Day Sale,National Sale,Medium,271175.49,111078.45,True
2022-01-21,5,Friday,3,1,January,1,2022,21,False,False,False,False,False,,False,,5.0,20.0,Republic Day Sale,False,18.4,0.0,34.3,Pleasant,6.16,105.88,7.0,100.09,Republic Day Sale,National Sale,Medium,233459.97,104348.09,True
2022-01-22,6,Saturday,3,1,January,1,2022,22,True,False,False,False,False,,False,,4.0,21.0,Republic Day Sale,False,16.1,1.3,53.8,Pleasant,6.17,105.63,6.99,100.07,Republic Day Sale,National Sale,Medium,315633.11,150106.12,True
2022-01-23,7,Sunday,3,1,January,1,2022,23,True,False,False,False,False,,False,,3.0,22.0,Republic Day Sale,False,13.5,0.0,61.4,Cold,6.21,105.74,7.01,100.1,Republic Day Sale,National Sale,Medium,313804.65,168607.62,True
2022-01-24,1,Monday,4,1,January,1,2022,24,False,False,False,False,False,,False,,2.0,23.0,Republic Day Sale,False,13.0,0.0,54.1,Cold,6.19,105.92,7.02,100.13,Republic Day Sale,National Sale,Medium,268954.66,143120.14,True
2022-01-25,2,Tuesday,4,1,January,1,2022,25,False,False,False,False,False,,False,,1.0,24.0,Republic Day Sale,False,13.9,0.0,47.5,Cold,6.21,105.96,7.01,100.21,Republic Day Sale,National Sale,Medium,256526.24,142819.44,True
2022-01-26,3,Wednesday,4,1,January,1,2022,26,False,False,False,False,False,Republic Day,True,National,0.0,0.0,Republic Day Sale,False,16.0,0.0,55.8,Pleasant,6.19,105.83,7.0,100.24,Republic Day Sale,National Sale,Medium,280676.69,116822.44,True
2022-01-27,4,Thursday,4,1,January,1,2022,27,False,False,False,False,False,,False,,18.0,1.0,Republic Day Sale,False,17.1,0.0,53.4,Pleasant,6.21,105.78,7.02,100.22,Republic Day Sale,National Sale,Medium,233209.3,134210.46,True
2022-01-28,5,Friday,4,1,January,1,2022,28,False,False,False,False,False,,False,,17.0,2.0,,False,15.3,0.0,53.7,Pleasant,6.21,105.74,7.0,100.14,,,,151251.59,75918.59,False
2022-01-29,6,Saturday,4,1,January,1,2022,29,True,False,False,False,False,,False,,16.0,3.0,,False,14.6,0.0,56.9,Cold,6.23,105.64,7.01,100.13,,,,219600.83,102851.32,False
2022-01-30,7,Sunday,4,1,January,1,2022,30,True,False,False,False,False,,False,,15.0,4.0,,False,14.2,0.0,57.5,Cold,6.26,105.44,7.01,100.17,,,,193780.8,76349.37,False
2022-01-31,1,Monday,5,1,January,1,2022,31,False,False,True,False,False,,False,,14.0,5.0,,False,14.1,0.0,47.1,Cold,6.26,105.58,7.01,100.01,,,,165234.07,82380.36,False
2022-02-01,2,Tuesday,5,2,February,1,2022,1,False,True,False,False,False,,False,,13.0,6.0,,False,16.8,0.0,41.9,Pleasant,6.29,105.64,7.02,100.0,,,,,67891.99,False
2022-02-02,3,Wednesday,5,2,February,1,2022,2,False,False,False,False,False,,False,,12.0,7.0,,False,18.9,0.0,53.7,Pleasant,6.27,105.71,7.02,100.01,,,,161382.66,77935.87,False
2022-02-03,4,Thursday,5,2,February,1,2022,3,False,False,False,False,False,,False,,11.0,8.0,,False,18.6,0.0,56.0,Pleasant,6.28,105.82,7.02,99.96,,,,158405.48,79793.02,False
2022-02-04,5,Friday,5,2,February,1,2022,4,False,False,False,False,False,,False,,10.0,9.0,,False,17.1,0.0,52.2,Pleasant,6.24,105.82,7.03,99.92,,,,125859.56,80982.48,False
2022-02-05,6,Saturday,5,2,February,1,2022,5,True,False,False,False,False,,False,,9.0,10.0,,False,16.1,0.0,52.7,Pleasant,6.25,105.92,7.03,99.91,,,,183059.1,85089.25,False
2022-02-06,7,Sunday,5,2,February,1,2022,6,True,False,False,False,False,,False,,8.0,11.0,,False,15.7,0.0,60.9,Pleasant,6.25,106.35,7.03,99.86,,,,180655.91,94896.82,False
2022-02-07,1,Monday,6,2,February,1,2022,7,False,False,False,False,False,,False,,7.0,12.0,,False,17.0,0.0,58.8,Pleasant,6.24,106.45,7.06,99.84,,,,132479.42,77651.1,False
2022-02-08,2,Tuesday,6,2,February,1,2022,8,False,False,False,False,False,,False,,6.0,13.0,,False,18.9,0.0,64.9,Pleasant,6.24,106.42,7.06,99.88,,,,175449.89,86536.7,False
2022-02-09,3,Wednesday,6,2,February,1,2022,9,False,False,False,False,False,,False,,5.0,14.0,,False,16.7,0.0,49.8,Pleasant,6.2,106.48,7.06,99.86,,,,113503.83,59556.29,False
2022-02-10,4,Thursday,6,2,February,1,2022,10,False,False,False,False,False,,False,,4.0,15.0,,False,17.0,0.0,54.2,Pleasant,6.2,106.46,7.06,99.86,,,,115905.8,59292.84,False
2022-02-11,5,Friday,6,2,February,1,2022,11,False,False,False,False,False,,False,,3.0,16.0,,False,17.8,0.0,56.3,Pleasant,6.19,106.48,7.05,99.8,,,,132211.69,69384.56,False
2022-02-12,6,Saturday,6,2,February,1,2022,12,True,False,False,False,False,,False,,2.0,17.0,,False,17.8,0.0,45.6,Pleasant,6.18,106.52,7.03,99.72,,,,170646.54,109948.19,False
2022-02-13,7,Sunday,6,2,February,1,2022,13,True,False,False,False,False,,False,,1.0,18.0,,False,19.0,0.0,65.7,Pleasant,6.17,106.51,7.02,99.79,,,,199621.64,97964.01,False
2022-02-14,1,Monday,7,2,February,1,2022,14,False,False,False,False,False,Valentine's Day,True,Commercial,0.0,0.0,,False,19.9,0.0,56.7,Pleasant,6.18,106.69,7.01,99.73,,,,140091.63,82155.26,False
2022-02-15,2,Tuesday,7,2,February,1,2022,15,False,False,False,False,False,,False,,,1.0,,False,20.1,0.0,61.7,Pleasant,6.18,106.41,7.0,99.61,,,,135442.16,65350.72,False
2022-02-16,3,Wednesday,7,2,February,1,2022,16,False,False,False,False,False,,False,,30.0,2.0,,False,20.5,0.0,50.3,Pleasant,6.18,106.35,6.97,99.56,,,,125045.54,72920.5,False
2022-02-17,4,Thursday,7,2,February,1,2022,17,False,False,False,False,False,,False,,29.0,3.0,,False,19.4,0.0,59.7,Pleasant,6.18,106.22,6.96,99.54,,,,157253.3,84932.44,False
2022-02-18,5,Friday,7,2,February,1,2022,18,False,False,False,False,False,,False,,28.0,4.0,,False,18.0,0.0,55.5,Pleasant,6.19,106.37,6.95,99.6,,,,112843.38,65200.77,False
2022-02-19,6,Saturday,7,2,February,1,2022,19,True,False,False,False,False,,False,,27.0,5.0,,False,17.7,0.0,68.1,Pleasant,6.2,106.44,6.95,99.7,,,,217841.36,102244.72,False
2022-02-20,7,Sunday,7,2,February,1,2022,20,True,False,False,False,False,,False,,26.0,6.0,,False,18.4,0.0,54.4,Pleasant,6.23,106.31,6.95,99.8,,,,204262.63,113661.72,False
2022-02-21,1,Monday,8,2,February,1,2022,21,False,False,False,False,False,,False,,25.0,7.0,,False,19.6,0.0,66.2,Pleasant,6.24,106.36,6.94,99.71,,,,171758.25,66011.9,False
2022-02-22,2,Tuesday,8,2,February,1,2022,22,False,False,False,False,False,,False,,24.0,8.0,,False,19.1,0.0,48.3,Pleasant,6.22,106.28,6.94,99.73,,,,151560.15,80550.77,False
2022-02-23,3,Wednesday,8,2,February,1,2022,23,False,False,False,False,False,,False,,23.0,9.0,,False,19.6,0.0,54.5,Pleasant,6.21,106.35,6.95,99.84,,,,153465.08,63256.28,False
2022-02-24,4,Thursday,8,2,February,1,2022,24,False,False,False,False,False,,False,,22.0,10.0,,False,20.9,0.0,67.9,Pleasant,6.17,106.26,6.94,99.85,,,,138353.64,54017.83,False
2022-02-25,5,Friday,8,2,February,1,2022,25,False,False,False,False,False,,False,,21.0,11.0,,False,18.9,0.0,67.0,Pleasant,6.2,106.21,6.95,99.81,,,,111095.45,83259.12,False
2022-02-26,6,Saturday,8,2,February,1,2022,26,True,False,False,False,False,,False,,20.0,12.0,,False,20.6,0.0,52.5,Pleasant,6.22,106.26,6.94,99.83,,,,181206.67,85304.18,False
2022-02-27,7,Sunday,8,2,February,1,2022,27,True,False,False,False,False,,False,,19.0,13.0,,False,20.2,0.0,51.7,Pleasant,6.2,106.54,6.96,99.86,,,,,93372.72,False
2022-02-28,1,Monday,9,2,February,1,2022,28,False,False,True,False,False,,False,,18.0,14.0,,False,19.1,0.0,57.6,Pleasant,6.2,106.61,6.95,99.87,,,,108634.36,70247.99,False
2022-03-01,2,Tuesday,9,3,March,1,2022,1,False,True,False,False,False,,False,,17.0,15.0,,False,19.3,0.0,52.2,Pleasant,6.2,106.53,6.96,99.84,,,,160181.38,77938.96,False
2022-03-02,3,Wednesday,9,3,March,1,2022,2,False,False,False,False,False,,False,,16.0,16.0,,False,19.6,0.0,44.6,Pleasant,6.21,106.54,6.97,99.75,,,,116152.05,61763.96,False
2022-03-03,4,Thursday,9,3,March,1,2022,3,False,False,False,False,False,,False,,15.0,17.0,,False,20.5,0.0,55.3,Pleasant,6.2,106.44,6.95,99.72,,,,151273.22,80640.3,False
2022-03-04,5,Friday,9,3,March,1,2022,4,False,False,False,False,False,,False,,14.0,18.0,,False,20.6,0.0,44.5,Pleasant,6.22,106.29,6.96,99.67,,,,120305.82,64517.72,False
2022-03-05,6,Saturday,9,3,March,1,2022,5,True,False,False,False,False,,False,,13.0,19.0,,False,23.0,0.0,60.0,Pleasant,6.22,106.33,6.96,99.7,,,,148574.63,90739.1,False
2022-03-06,7,Sunday,9,3,March,1,2022,6,True,False,False,False,False,,False,,12.0,20.0,,False,23.5,0.0,66.5,Pleasant,6.21,106.39,6.95,99.75,,,,161809.05,86477.33,False
2022-03-07,1,Monday,10,3,March,1,2022,7,False,False,False,False,False,,False,,11.0,21.0,,False,24.4,0.0,50.7,Pleasant,6.2,106.53,6.92,99.83,,,,166796.86,59184.31,False
2022-03-08,2,Tuesday,10,3,March,1,2022,8,False,False,False,False,False,,False,,10.0,22.0,,False,25.6,4.1,51.2,Light Rain,6.2,106.47,6.92,99.81,,,,81335.05,68046.34,False
2022-03-09,3,Wednesday,10,3,March,1,2022,9,False,False,False,False,False,,False,,9.0,23.0,,False,24.2,1.5,57.3,Pleasant,6.23,106.35,6.93,99.8,,,,121761.98,55180.11,False
2022-03-10,4,Thursday,10,3,March,1,2022,10,False,False,False,False,False,,False,,8.0,24.0,,False,25.2,0.0,62.2,Pleasant,6.24,106.27,6.93,99.83,,,,143247.52,77663.92,False
2022-03-11,5,Friday,10,3,March,1,2022,11,False,False,False,False,False,,False,,7.0,25.0,,False,24.9,0.0,59.2,Pleasant,6.22,106.4,6.93,99.76,,,,119117.17,66674.42,False
2022-03-12,6,Saturday,10,3,March,1,2022,12,True,False,False,False,False,,False,,6.0,26.0,,False,22.6,0.0,62.6,Pleasant,6.19,106.38,6.95,99.78,,,,153117.44,61422.73,False
2022-03-13,7,Sunday,10,3,March,1,2022,13,True,False,False,False,False,,False,,5.0,27.0,,False,21.3,0.0,57.5,Pleasant,6.17,106.48,6.94,99.74,,,,166131.07,83823.87,False
2022-03-14,1,Monday,11,3,March,1,2022,14,False,False,False,False,False,,False,,4.0,28.0,,False,24.3,0.0,51.8,Pleasant,6.19,106.71,6.93,99.87,,,,162875.84,54604.94,False
2022-03-15,2,Tuesday,11,3,March,1,2022,15,False,False,False,False,False,,False,,3.0,29.0,,False,26.7,0.0,60.4,Pleasant,6.17,106.44,6.94,99.89,,,,138309.21,72004.75,False
2022-03-16,3,Wednesday,11,3,March,1,2022,16,False,False,False,False,False,,False,,2.0,30.0,,False,26.1,0.0,46.5,Pleasant,6.18,106.45,6.94,99.86,,,,134183.38,54222.14,False
2022-03-17,4,Thursday,11,3,March,1,2022,17,False,False,False,False,False,,False,,1.0,,,False,25.5,0.0,65.2,Pleasant,6.16,106.38,6.94,99.91,,,,149624.97,70176.0,False
2022-03-18,5,Friday,11,3,March,1,2022,18,False,False,False,False,False,Holi,True,Festival,0.0,0.0,,False,28.1,0.0,57.6,Pleasant,6.22,106.25,6.95,99.93,,,,112602.18,63525.39,False
2022-03-19,6,Saturday,11,3,March,1,2022,19,True,False,False,False,False,,False,,,1.0,,False,28.4,0.0,53.5,Pleasant,6.24,106.21,6.95,99.89,,,,163300.13,81774.46,False
2022-03-20,7,Sunday,11,3,March,1,2022,20,True,False,False,False,False,,False,,,2.0,,False,27.3,0.0,55.6,Pleasant,6.28,106.29,6.95,100.03,,,,177073.35,79193.13,False
2022-03-21,1,Monday,12,3,March,1,2022,21,False,False,False,False,False,,False,,,3.0,,False,27.2,0.0,59.1,Pleasant,6.3,106.39,6.95,100.02,,,,150077.85,82299.12,False
2022-03-22,2,Tuesday,12,3,March,1,2022,22,False,False,False,False,False,,False,,,4.0,,False,26.5,0.0,63.6,Pleasant,6.31,106.44,6.95,99.97,,,,136954.16,81091.53,False
2022-03-23,3,Wednesday,12,3,March,1,2022,23,False,False,False,False,False,,False,,,5.0,,False,26.4,0.0,57.4,Pleasant,6.32,106.82,6.95,99.98,,,,182133.4,70408.35,False
2022-03-24,4,Thursday,12,3,March,1,2022,24,False,False,False,False,False,,False,,,6.0,,False,27.0,0.0,62.8,Pleasant,6.33,106.94,6.94,100.0,,,,138736.12,78935.91,False
2022-03-25,5,Friday,12,3,March,1,2022,25,False,False,False,False,False,,False,,,7.0,,False,27.0,,44.4,Pleasant,6.33,106.52,6.94,100.05,,,,134772.51,94582.23,False
2022-03-26,6,Saturday,12,3,March,1,2022,26,True,False,False,False,False,,False,,,8.0,,False,25.9,0.8,51.3,Pleasant,6.3,106.38,6.96,100.03,,,,204623.38,73048.57,False
2022-03-27,7,Sunday,12,3,March,1,2022,27,True,False,False,False,False,,False,,,9.0,,False,26.3,0.0,53.7,Pleasant,6.29,106.35,6.96,100.08,,,,212470.92,72371.18,False
2022-03-28,1,Monday,13,3,March,1,2022,28,False,False,False,False,False,,False,,,10.0,,False,24.2,0.0,55.1,Pleasant,6.3,106.51,6.96,100.21,,,,145434.07,51589.0,False
2022-03-29,2,Tuesday,13,3,March,1,2022,29,False,False,False,False,False,,False,,,11.0,,False,26.5,0.0,57.3,Pleasant,6.27,106.46,6.96,100.2,,,,154403.42,83146.09,False
2022-03-30,3,Wednesday,13,3,March,1,2022,30,False,False,False,False,False,,False,,,12.0,,False,28.8,0.0,53.9,Pleasant,6.3,106.5,6.97,100.18,,,,110962.75,46364.91,False
2022-03-31,4,Thursday,13,3,March,1,2022,31,False,False,True,False,True,,False,,,13.0,,False,28.9,0.0,55.0,Pleasant,6.32,106.27,6.95,100.2,,,,147698.07,67190.28,False
2022-04-01,5,Friday,13,4,April,2,2022,1,False,True,False,True,False,,False,,,14.0,,False,28.1,0.0,54.3,Pleasant,6.31,106.34,6.96,100.17,,,,148749.25,71965.88,False
2022-04-02,6,Saturday,13,4,April,2,2022,2,True,False,False,False,False,,False,,30.0,15.0,,False,29.2,0.0,,Pleasant,6.32,106.46,6.95,100.17,,,,189353.44,106669.51,False
2022-04-03,7,Sunday,13,4,April,2,2022,3,True,False,False,False,False,,False,,29.0,16.0,,False,30.6,0.0,46.3,Pleasant,6.32,106.2,6.95,100.07,,,,211412.3,100177.39,False
2022-04-04,1,Monday,14,4,April,2,2022,4,False,False,False,False,False,,False,,28.0,17.0,,False,28.9,5.2,57.3,Light Rain,6.36,106.33,6.95,100.06,,,,153133.46,73209.15,False
2022-04-05,2,Tuesday,14,4,April,2,2022,5,False,False,False,False,False,,False,,27.0,18.0,,False,28.5,0.0,63.4,Pleasant,6.34,106.29,6.96,100.06,,,,163731.9,58321.18,False
2022-04-06,3,Wednesday,14,4,April,2,2022,6,False,False,False,False,False,,False,,26.0,19.0,,False,29.7,0.0,43.1,Pleasant,6.32,106.3,6.95,99.98,,,,165138.69,59985.28,False
2022-04-07,4,Thursday,14,4,April,2,2022,7,False,False,False,False,False,,False,,25.0,20.0,,False,29.6,0.0,51.2,Pleasant,6.33,106.4,6.95,100.04,,,,127690.83,58969.71,False
2022-04-08,5,Friday,14,4,April,2,2022,8,False,False,False,False,False,,False,,24.0,21.0,,False,29.9,0.0,58.0,Pleasant,6.33,106.33,6.96,100.07,,,,78181.01,66686.08,False
2022-04-09,6,Saturday,14,4,April,2,2022,9,True,False,False,False,False,,False,,23.0,22.0,,False,30.1,0.0,50.7,Pleasant,6.3,106.35,6.96,99.95,,,,139664.09,82121.72,False
2022-04-10,7,Sunday,14,4,April,2,2022,10,True,False,False,False,False,,False,,22.0,23.0,,False,27.1,0.0,61.6,Pleasant,6.28,106.37,6.95,99.97,,,,197467.87,107522.79,False
2022-04-11,1,Monday,15,4,April,2,2022,11,False,False,False,False,False,,False,,21.0,24.0,,False,28.2,0.0,58.2,Pleasant,6.27,106.59,6.95,99.98,,,,191196.91,79081.82,False
2022-04-12,2,Tuesday,15,4,April,2,2022,12,False,False,False,False,False,,False,,20.0,25.0,,False,28.0,0.0,50.6,Pleasant,6.27,,6.95,99.89,,,,147710.22,73894.65,False
2022-04-13,3,Wednesday,15,4,April,2,2022,13,False,False,False,False,False,,False,,19.0,26.0,,False,29.8,0.0,41.8,Pleasant,6.25,,6.95,99.94,,,,132909.31,63845.55,False
2022-04-14,4,Thursday,15,4,April,2,2022,14,False,False,False,False,False,,False,,18.0,27.0,,False,28.8,0.0,51.5,Pleasant,6.24,106.0,6.94,99.98,,,,147220.78,56903.03,False
2022-04-15,5,Friday,15,4,April,2,2022,15,False,False,False,False,False,,False,,17.0,28.0,,False,30.5,0.0,57.4,Pleasant,6.22,105.78,6.94,99.92,,,,111911.79,79321.17,False
2022-04-16,6,Saturday,15,4,April,2,2022,16,True,False,False,False,False,,False,,16.0,29.0,,False,31.9,0.0,65.4,Pleasant,6.24,105.6,6.96,99.92,,,,191865.9,111105.27,False
2022-04-17,7,Sunday,15,4,April,2,2022,17,True,False,False,False,False,,False,,15.0,30.0,,False,32.3,0.0,55.4,Pleasant,6.23,105.5,6.95,99.82,,,,178274.42,,False
2022-04-18,1,Monday,16,4,April,2,2022,18,False,False,False,False,False,,False,,14.0,,,False,31.5,0.0,37.8,Pleasant,6.24,105.35,6.97,99.78,,,,147519.19,54818.7,False
2022-04-19,2,Tuesday,16,4,April,2,2022,19,False,False,False,False,False,,False,,13.0,,,False,30.9,0.0,59.6,Pleasant,6.28,105.5,6.95,99.78,,,,136461.45,63310.75,False
2022-04-20,3,Wednesday,16,4,April,2,2022,20,False,False,False,False,False,,False,,12.0,,,False,32.0,0.0,51.3,Pleasant,6.3,,6.94,99.89,,,,175436.38,73110.1,False
2022-04-21,4,Thursday,16,4,April,2,2022,21,False,False,False,False,False,,False,,11.0,,,False,34.1,0.0,64.2,Pleasant,6.31,105.58,6.95,99.88,,,,129634.77,57894.04,False
2022-04-22,5,Friday,16,4,April,2,2022,22,False,False,False,False,False,,False,,10.0,,,False,32.7,0.0,64.1,Pleasant,6.27,105.59,6.94,99.8,,,,155252.46,61623.51,False
2022-04-23,6,Saturday,16,4,April,2,2022,23,True,False,False,False,False,,False,,9.0,,,False,34.1,0.0,57.7,Pleasant,6.27,105.69,6.95,99.77,,,,179769.83,,False
2022-04-24,7,Sunday,16,4,April,2,2022,24,True,False,False,False,False,,False,,8.0,,,False,33.1,0.0,51.9,Pleasant,6.26,105.43,6.94,99.67,,,,164564.77,99343.49,False
2022-04-25,1,Monday,17,4,April,2,2022,25,False,False,False,False,False,,False,,7.0,,,False,33.0,0.0,54.9,Pleasant,6.24,105.33,6.93,99.59,,,,180894.64,72524.11,False
2022-04-26,2,Tuesday,17,4,April,2,2022,26,False,False,False,False,False,,False,,6.0,,,False,31.9,0.0,67.0,Pleasant,6.23,105.31,6.91,99.5,,,,168966.15,105973.55,False
2022-04-27,3,Wednesday,17,4,April,2,2022,27,False,False,False,False,False,,False,,5.0,,,False,31.5,0.0,66.4,Pleasant,6.25,105.39,6.93,99.48,,,,145802.25,78297.01,False
2022-04-28,4,Thursday,17,4,April,2,2022,28,False,False,False,False,False,,False,,4.0,,,False,31.7,0.0,53.1,Pleasant,6.26,105.41,6.91,99.48,,,,109925.71,61033.03,False
2022-04-29,5,Friday,17,4,April,2,2022,29,False,False,False,False,False,,False,,3.0,,,False,30.3,0.0,52.4,Pleasant,6.25,105.6,6.92,99.47,,,,96237.3,76891.8,False
2022-04-30,6,Saturday,17,4,April,2,2022,30,True,False,True,False,False,,False,,2.0,,,False,31.0,5.2,54.3,Light Rain,6.27,105.68,6.91,99.56,,,,210931.47,115475.9,False
2022-05-01,7,Sunday,17,5,May,2,2022,1,True,True,False,False,False,,False,,1.0,,,False,31.8,6.8,56.1,Light Rain,6.26,105.64,6.9,99.52,,,,190986.18,85892.87,False
2022-05-02,1,Monday,18,5,May,2,2022,2,False,False,False,False,False,Eid al-Fitr,True,Religious,0.0,0.0,,False,30.8,0.0,68.3,Pleasant,6.29,105.33,6.89,99.56,,,,141717.16,70767.04,False
2022-05-03,2,Tuesday,18,5,May,2,2022,3,False,False,False,False,False,,False,,5.0,1.0,,False,31.7,0.0,46.9,Pleasant,6.31,105.18,6.89,99.66,,,,,,False
2022-05-04,3,Wednesday,18,5,May,2,2022,4,False,False,False,False,False,,False,,4.0,2.0,,False,32.5,0.0,51.1,Pleasant,6.31,105.38,6.89,99.69,,,,149175.66,74340.61,False
2022-05-05,4,Thursday,18,5,May,2,2022,5,False,False,False,False,False,,False,,3.0,3.0,,False,32.8,0.0,56.4,Pleasant,6.31,105.31,6.87,99.74,,,,156162.61,64921.08,False
2022-05-06,5,Friday,18,5,May,2,2022,6,False,False,False,False,False,,False,,2.0,4.0,,False,33.2,0.0,47.4,Pleasant,6.33,105.42,6.88,99.79,,,,100814.21,75711.33,False
2022-05-07,6,Saturday,18,5,May,2,2022,7,True,False,False,False,False,,False,,1.0,5.0,,False,33.2,0.0,63.6,Pleasant,6.34,105.41,6.9,99.79,,,,152770.34,,False
2022-05-08,7,Sunday,18,5,May,2,2022,8,True,False,False,False,False,Mother's Day,True,Commercial,0.0,0.0,,False,32.1,0.0,63.3,Pleasant,6.37,105.57,6.91,99.71,,,,164999.45,98106.3,False
2022-05-09,1,Monday,19,5,May,2,2022,9,False,False,False,False,False,,False,,,1.0,,False,32.8,0.0,49.9,Pleasant,6.36,105.62,6.92,99.72,,,,120562.7,53125.27,False
2022-05-10,2,Tuesday,19,5,May,2,2022,10,False,False,False,False,False,,False,,,2.0,,False,36.0,0.0,48.4,Hot,6.34,105.76,6.91,99.75,,,,146861.13,58447.81,False
2022-05-11,3,Wednesday,19,5,May,2,2022,11,False,False,False,False,False,,False,,,3.0,,False,36.0,0.0,54.0,Hot,6.36,105.73,6.9,99.73,,,,136592.97,73701.02,False
2022-05-12,4,Thursday,19,5,May,2,2022,12,False,False,False,False,False,,False,,,4.0,,False,33.2,4.3,55.2,Light Rain,6.36,105.71,6.9,99.73,,,,153858.85,73522.5,False
2022-05-13,5,Friday,19,5,May,2,2022,13,False,False,False,False,False,,False,,,5.0,,False,33.9,0.0,56.8,Pleasant,6.34,105.61,6.9,99.74,,,,162595.94,79096.22,False
2022-05-14,6,Saturday,19,5,May,2,2022,14,True,False,False,False,False,,False,,,6.0,,False,35.1,0.0,54.9,Hot,6.33,105.86,6.9,99.7,,,,157335.19,106506.39,False
2022-05-15,7,Sunday,19,5,May,2,2022,15,True,False,False,False,False,,False,,,7.0,,False,34.3,0.0,56.4,Pleasant,6.36,105.73,6.91,99.71,,,,201263.8,108131.93,False
2022-05-16,1,Monday,20,5,May,2,2022,16,False,False,False,False,False,,False,,,8.0,,False,34.9,5.9,56.5,Light Rain,6.34,105.56,6.89,99.62,,,,157296.51,79100.68,False
2022-05-17,2,Tuesday,20,5,May,2,2022,17,False,False,False,False,False,,False,,,9.0,,False,35.4,0.0,55.3,Hot,6.33,105.4,6.9,99.67,,,,166364.01,61813.01,False
2022-05-18,3,Wednesday,20,5,May,2,2022,18,False,False,False,False,False,,False,,,10.0,,False,35.3,0.0,64.1,Hot,6.34,105.48,6.9,99.66,,,,132752.74,81479.69,False
2022-05-19,4,Thursday,20,5,May,2,2022,19,False,False,False,False,False,,False,,,11.0,,False,34.9,0.0,57.4,Pleasant,6.32,105.26,6.89,99.66,,,,113587.1,76696.69,False
2022-05-20,5,Friday,20,5,May,2,2022,20,False,False,False,False,False,,False,,30.0,12.0,,False,36.7,0.2,,Hot,6.35,105.21,6.9,99.64,,,,127157.76,80520.42,False
2022-05-21,6,Saturday,20,5,May,2,2022,21,True,False,False,False,False,,False,,29.0,13.0,,False,36.0,0.0,68.8,Hot,6.35,105.49,6.88,99.7,,,,180779.49,124591.74,False
2022-05-22,7,Sunday,20,5,May,2,2022,22,True,False,False,False,False,,False,,28.0,14.0,,False,36.3,0.0,68.1,Hot,6.32,105.56,6.88,99.78,,,,177764.94,101769.81,False
2022-05-23,1,Monday,21,5,May,2,2022,23,False,False,False,False,False,,False,,27.0,15.0,,False,36.4,0.0,38.0,Hot,6.35,105.59,6.87,99.76,,,,161005.66,54624.01,False
2022-05-24,2,Tuesday,21,5,May,2,2022,24,False,False,False,False,False,,False,,26.0,16.0,,False,39.3,0.0,52.2,Hot,6.38,105.63,6.86,99.82,,,,149716.26,81917.49,False
2022-05-25,3,Wednesday,21,5,May,2,2022,25,False,False,False,False,False,,False,,25.0,17.0,,False,37.5,0.0,60.1,Hot,6.37,105.31,6.85,99.86,,,,124986.55,83461.33,False
2022-05-26,4,Thursday,21,5,May,2,2022,26,False,False,False,False,False,,False,,24.0,18.0,,False,36.7,0.0,,Hot,6.36,105.28,6.86,99.87,,,,162284.97,47229.81,False
2022-05-27,5,Friday,21,5,May,2,2022,27,False,False,False,False,False,,False,,23.0,19.0,,False,36.9,0.0,46.7,Hot,6.36,,6.86,99.85,,,,150602.49,60461.41,False
2022-05-28,6,Saturday,21,5,May,2,2022,28,True,False,False,False,False,,False,,22.0,20.0,,False,38.5,0.0,69.2,Hot,6.35,105.09,6.86,99.82,,,,151941.43,90203.35,False
2022-05-29,7,Sunday,21,5,May,2,2022,29,True,False,False,False,False,,False,,21.0,21.0,,False,38.0,0.0,51.9,Hot,6.33,105.12,6.85,99.92,,,,180833.6,102749.82,False
2022-05-30,1,Monday,22,5,May,2,2022,30,False,False,False,False,False,,False,,20.0,22.0,,False,36.4,2.2,,Light Rain,6.3,105.29,6.83,100.0,,,,138891.62,57416.4,False
2022-05-31,2,Tuesday,22,5,May,2,2022,31,False,False,True,False,False,,False,,19.0,23.0,,False,37.5,0.0,47.1,Hot,6.29,105.36,6.82,99.95,,,,179020.03,61916.5,False
2022-06-01,3,Wednesday,22,6,June,2,2022,1,False,True,False,False,False,,False,,18.0,24.0,,False,37.9,18.5,82.1,Heavy Rain,6.23,105.29,6.83,99.9,,,,178436.96,72635.45,False
2022-06-02,4,Thursday,22,6,June,2,2022,2,False,False,False,False,False,,False,,17.0,25.0,,False,36.3,20.1,69.6,Heavy Rain,6.25,105.15,6.83,99.91,,,,150897.06,73755.4,False
2022-06-03,5,Friday,22,6,June,2,2022,3,False,False,False,False,False,,False,,16.0,26.0,,False,37.0,57.3,60.1,Heavy Rain,6.26,105.18,6.81,100.01,,,,125271.65,55147.89,False
2022-06-04,6,Saturday,22,6,June,2,2022,4,True,False,False,False,False,,False,,15.0,27.0,,False,37.7,,62.7,Heavy Rain,6.23,105.14,6.81,100.01,,,,160855.19,68876.78,False
2022-06-05,7,Sunday,22,6,June,2,2022,5,True,False,False,False,False,,False,,14.0,28.0,,False,37.1,22.2,69.7,Heavy Rain,6.24,105.21,6.8,99.99,,,,,128173.87,False
2022-06-06,1,Monday,23,6,June,2,2022,6,False,False,False,False,False,,False,,13.0,29.0,,False,37.5,6.1,70.6,Light Rain,6.27,104.88,6.79,100.04,,,,149047.88,70394.23,False
2022-06-07,2,Tuesday,23,6,June,2,2022,7,False,False,False,False,False,,False,,12.0,30.0,,False,38.5,3.8,65.9,Light Rain,6.24,104.96,6.78,100.02,,,,153485.44,59022.86,False
2022-06-08,3,Wednesday,23,6,June,2,2022,8,False,False,False,False,False,,False,,11.0,,,False,39.0,53.5,82.9,Heavy Rain,6.26,104.77,6.77,100.02,,,,94988.07,70605.56,False
2022-06-09,4,Thursday,23,6,June,2,2022,9,False,False,False,False,False,,False,,10.0,,,False,39.0,19.0,85.9,Heavy Rain,6.25,104.97,6.77,100.05,,,,137106.46,80366.82,False
2022-06-10,5,Friday,23,6,June,2,2022,10,False,False,False,False,False,,False,,9.0,,,False,37.8,22.8,69.8,Heavy Rain,6.23,104.86,6.77,100.08,,,,159091.92,90383.92,False
2022-06-11,6,Saturday,23,6,June,2,2022,11,True,False,False,False,False,,False,,8.0,,,False,39.8,16.7,65.4,Heavy Rain,6.25,104.94,6.77,100.07,,,,177434.93,,False
2022-06-12,7,Sunday,23,6,June,2,2022,12,True,False,False,False,False,,False,,7.0,,,False,39.2,17.3,66.6,Heavy Rain,6.25,105.02,6.79,100.13,,,,196848.81,89610.13,False
2022-06-13,1,Monday,24,6,June,2,2022,13,False,False,False,False,False,,False,,6.0,,,False,37.2,9.2,74.4,Light Rain,6.27,105.18,6.8,100.14,,,,161589.85,67360.15,False
2022-06-14,2,Tuesday,24,6,June,2,2022,14,False,False,False,False,False,,False,,5.0,,,False,35.1,15.1,61.1,Heavy Rain,6.26,104.82,6.79,100.21,,,,126760.18,84218.43,False
2022-06-15,3,Wednesday,24,6,June,2,2022,15,False,False,False,False,False,,False,,4.0,,,False,36.3,7.1,81.3,Light Rain,6.28,104.59,6.79,100.28,,,,124599.28,74442.78,False
2022-06-16,4,Thursday,24,6,June,2,2022,16,False,False,False,False,False,,False,,3.0,,,False,34.4,6.0,,Light Rain,6.25,104.38,6.79,100.18,,,,138070.6,76170.46,False
2022-06-17,5,Friday,24,6,June,2,2022,17,False,False,False,False,False,,False,,2.0,,,False,37.4,9.8,79.7,Light Rain,6.24,104.47,6.8,100.28,,,,156540.27,69255.66,False
2022-06-18,6,Saturday,24,6,June,2,2022,18,True,False,False,False,False,,False,,1.0,,,False,38.6,16.0,77.3,Heavy Rain,6.28,104.29,6.8,100.21,,,,204282.13,105519.84,False
2022-06-19,7,Sunday,24,6,June,2,2022,19,True,False,False,False,False,Father's Day,True,Commercial,0.0,0.0,,False,40.1,10.2,81.4,Light Rain,6.28,104.34,6.8,100.23,,,,177594.21,96396.43,False
2022-06-20,1,Monday,25,6,June,2,2022,20,False,False,False,False,False,,False,,,1.0,,False,37.7,9.6,74.5,Light Rain,6.27,104.42,6.82,100.16,,,,124038.96,73810.4,False
2022-06-21,2,Tuesday,25,6,June,2,2022,21,False,False,False,False,False,,False,,,2.0,,False,39.6,23.6,74.8,Heavy Rain,6.26,104.49,6.82,100.17,,,,128266.26,53268.67,False
2022-06-22,3,Wednesday,25,6,June,2,2022,22,False,False,False,False,False,,False,,,3.0,,False,38.1,10.0,77.9,Light Rain,6.23,104.44,6.83,100.22,,,,145741.35,83105.18,False
2022-06-23,4,Thursday,25,6,June,2,2022,23,False,False,False,False,False,,False,,,4.0,,False,37.4,6.9,68.1,Light Rain,6.23,104.18,6.84,100.26,,,,124617.66,51746.2,False
2022-06-24,5,Friday,25,6,June,2,2022,24,False,False,False,False,False,,False,,,5.0,,False,37.9,16.7,90.2,Heavy Rain,6.24,104.16,6.84,100.25,,,,111482.46,60733.8,False
2022-06-25,6,Saturday,25,6,June,2,2022,25,True,False,False,False,False,,False,,,6.0,,False,37.8,2.6,85.0,Light Rain,6.22,104.28,6.85,100.25,,,,203229.84,87858.3,False
2022-06-26,7,Sunday,25,6,June,2,2022,26,True,False,False,False,False,,False,,,7.0,,False,36.8,12.5,76.2,Light Rain,6.22,104.22,6.86,100.24,,,,169419.23,102983.66,False
2022-06-27,1,Monday,26,6,June,2,2022,27,False,False,False,False,False,,False,,,8.0,,False,36.0,13.6,75.8,Light Rain,6.25,104.19,6.85,100.23,,,,128907.01,66596.06,False
2022-06-28,2,Tuesday,26,6,June,2,2022,28,False,False,False,False,False,,False,,,9.0,,False,36.0,24.1,73.6,Heavy Rain,6.24,104.68,6.85,100.32,,,,115969.26,62615.85,False
2022-06-29,3,Wednesday,26,6,June,2,2022,29,False,False,False,False,False,,False,,,10.0,,False,38.1,5.1,74.9,Light Rain,6.23,104.64,6.85,100.37,,,,144708.24,73525.42,False
2022-06-30,4,Thursday,26,6,June,2,2022,30,False,False,True,False,True,,False,,,11.0,,False,39.7,34.8,60.4,Heavy Rain,6.21,104.81,6.85,100.33,,,,131378.34,87231.9,False
2022-07-01,5,Friday,26,7,July,3,2022,1,False,True,False,True,False,,False,,,12.0,End of Season Sale - Summer,False,39.2,,66.5,Light Rain,6.26,104.81,6.85,100.32,End of Season Sale - Summer,Clearance,Low,205455.09,80847.19,True
2022-07-02,6,Saturday,26,7,July,3,2022,2,True,False,False,False,False,,False,,,13.0,End of Season Sale - Summer,False,36.5,8.5,93.5,Light Rain,6.26,104.69,6.85,100.27,End of Season Sale - Summer,Clearance,Low,213917.99,118848.82,True
2022-07-03,7,Sunday,26,7,July,3,2022,3,True,False,False,False,False,,False,,,14.0,End of Season Sale - Summer,False,37.3,7.9,74.8,Light Rain,6.27,104.62,6.85,100.3,End of Season Sale - Summer,Clearance,Low,253293.65,106575.87,True
2022-07-04,1,Monday,27,7,July,3,2022,4,False,False,False,False,False,,False,,,15.0,End of Season Sale - Summer,False,38.2,8.6,81.4,Light Rain,6.3,104.56,6.84,100.31,End of Season Sale - Summer,Clearance,Low,208937.18,88084.31,True
2022-07-05,2,Tuesday,27,7,July,3,2022,5,False,False,False,False,False,,False,,,16.0,End of Season Sale - Summer,False,41.0,1.9,84.8,Hot,6.32,104.44,6.86,100.39,End of Season Sale - Summer,Clearance,Low,209598.08,89214.8,True
2022-07-06,3,Wednesday,27,7,July,3,2022,6,False,False,False,False,False,,False,,,17.0,End of Season Sale - Summer,False,39.7,32.9,72.6,Heavy Rain,6.31,104.49,6.84,100.42,End of Season Sale - Summer,Clearance,Low,186523.99,75196.54,True
2022-07-07,4,Thursday,27,7,July,3,2022,7,False,False,False,False,False,,False,,,18.0,End of Season Sale - Summer,False,39.6,31.2,64.8,Heavy Rain,6.29,104.62,6.83,100.4,End of Season Sale - Summer,Clearance,Low,207373.3,88571.07,True
2022-07-08,5,Friday,27,7,July,3,2022,8,False,False,False,False,False,,False,,,19.0,End of Season Sale - Summer,False,38.3,24.4,78.6,Heavy Rain,6.27,104.39,6.83,100.3,End of Season Sale - Summer,Clearance,Low,181292.28,101159.13,True
2022-07-09,6,Saturday,27,7,July,3,2022,9,True,False,False,False,False,,False,,,20.0,End of Season Sale - Summer,False,34.9,12.1,71.0,Light Rain,6.28,104.47,6.84,100.46,End of Season Sale - Summer,Clearance,Low,244098.3,105446.67,True
2022-07-10,7,Sunday,27,7,July,3,2022,10,True,False,False,False,False,,False,,,21.0,End of Season Sale - Summer,False,34.4,4.4,78.1,Light Rain,6.29,104.51,6.86,100.53,End of Season Sale - Summer,Clearance,Low,262901.19,108403.43,True
2022-07-11,1,Monday,28,7,July,3,2022,11,False,False,False,False,False,,False,,,22.0,End of Season Sale - Summer,False,34.9,4.1,76.1,Light Rain,6.26,104.42,6.88,100.53,End of Season Sale - Summer,Clearance,Low,151193.69,78293.15,True
2022-07-12,2,Tuesday,28,7,July,3,2022,12,False,False,False,False,False,,False,,30.0,23.0,End of Season Sale - Summer,False,35.5,24.9,82.4,Heavy Rain,6.27,104.26,6.89,100.5,End of Season Sale - Summer,Clearance,Low,222928.48,85278.54,True
2022-07-13,3,Wednesday,28,7,July,3,2022,13,False,False,False,False,False,,False,,29.0,24.0,End of Season Sale - Summer,False,35.8,8.8,79.1,Light Rain,6.27,104.44,6.89,100.6,End of Season Sale - Summer,Clearance,Low,184594.25,105239.48,True
2022-07-14,4,Thursday,28,7,July,3,2022,14,False,False,False,False,False,,False,,28.0,25.0,End of Season Sale - Summer,False,37.7,12.4,87.7,Light Rain,6.28,104.42,6.89,100.59,End of Season Sale - Summer,Clearance,Low,189357.52,79685.37,True
2022-07-15,5,Friday,28,7,July,3,2022,15,False,False,False,False,False,,False,,27.0,26.0,End of Season Sale - Summer,False,37.6,8.5,81.7,Light Rain,6.32,104.79,6.9,100.72,End of Season Sale - Summer,Clearance,Low,191513.28,98450.66,True
2022-07-16,6,Saturday,28,7,July,3,2022,16,True,False,False,False,False,,False,,26.0,27.0,,False,36.3,15.0,79.6,Heavy Rain,6.31,104.81,6.89,100.68,,,,143039.74,106140.88,False
2022-07-17,7,Sunday,28,7,July,3,2022,17,True,False,False,False,False,,False,,25.0,28.0,,False,37.8,13.0,73.7,Light Rain,6.35,104.62,6.89,100.66,,,,203852.83,73806.23,False
2022-07-18,1,Monday,29,7,July,3,2022,18,False,False,False,False,False,,False,,24.0,29.0,,False,37.8,7.0,65.8,Light Rain,6.36,104.55,6.88,100.73,,,,149023.57,95800.5,False
2022-07-19,2,Tuesday,29,7,July,3,2022,19,False,False,False,False,False,,False,,23.0,30.0,,False,38.0,,97.8,Heavy Rain,6.39,104.52,6.89,100.7,,,,155831.6,65597.87,False
2022-07-20,3,Wednesday,29,7,July,3,2022,20,False,False,False,False,False,,False,,22.0,,,False,36.9,19.6,82.6,Heavy Rain,6.41,104.54,6.86,100.7,,,,137332.17,76510.3,False
2022-07-21,4,Thursday,29,7,July,3,2022,21,False,False,False,False,False,,False,,21.0,,,False,38.9,24.1,75.8,Heavy Rain,6.4,104.66,6.86,100.59,,,,122403.16,67365.5,False
2022-07-22,5,Friday,29,7,July,3,2022,22,False,False,False,False,False,,False,,20.0,,,False,35.7,,84.2,Light Rain,6.4,104.58,6.86,100.59,,,,161854.49,60494.93,False
2022-07-23,6,Saturday,29,7,July,3,2022,23,True,False,False,False,False,,False,,19.0,,,False,33.1,69.4,75.8,Heavy Rain,6.45,104.41,6.86,100.57,,,,194739.08,84410.71,False
2022-07-24,7,Sunday,29,7,July,3,2022,24,True,False,False,False,False,,False,,18.0,,,False,35.0,10.4,79.2,Light Rain,6.42,104.42,6.84,100.56,,,,181184.76,121236.1,False
2022-07-25,1,Monday,30,7,July,3,2022,25,False,False,False,False,False,,False,,17.0,,,False,35.0,2.7,65.9,Light Rain,6.46,104.53,6.86,100.54,,,,,73481.27,False
2022-07-26,2,Tuesday,30,7,July,3,2022,26,False,False,False,False,False,,False,,16.0,,,False,33.5,5.8,74.1,Light Rain,6.43,104.22,6.88,100.51,,,,136751.04,76686.63,False
2022-07-27,3,Wednesday,30,7,July,3,2022,27,False,False,False,False,False,,False,,15.0,,,False,34.7,7.8,88.4,Light Rain,6.46,104.34,6.89,100.4,,,,143705.59,67484.34,False
2022-07-28,4,Thursday,30,7,July,3,2022,28,False,False,False,False,False,,False,,14.0,,,False,32.6,17.8,77.5,Heavy Rain,6.42,104.31,6.9,100.39,,,,147127.64,75908.98,False
2022-07-29,5,Friday,30,7,July,3,2022,29,False,False,False,False,False,,False,,13.0,,,False,35.2,16.6,77.2,Heavy Rain,6.43,104.44,6.9,100.37,,,,167893.61,47780.78,False
2022-07-30,6,Saturday,30,7,July,3,2022,30,True,False,False,False,False,,False,,12.0,,,False,33.1,51.0,80.0,Heavy Rain,6.43,104.5,6.89,100.36,,,,153691.98,106850.2,False
2022-07-31,7,Sunday,30,7,July,3,2022,31,True,False,True,False,False,,False,,11.0,,,False,34.5,16.9,74.5,Heavy Rain,6.41,104.77,6.89,100.35,,,,198389.69,108565.86,False
2022-08-01,1,Monday,31,8,August,3,2022,1,False,True,False,False,False,,False,,10.0,,,False,36.2,22.7,73.8,Heavy Rain,6.44,104.93,6.9,100.28,,,,155489.47,78015.01,False
2022-08-02,2,Tuesday,31,8,August,3,2022,2,False,False,False,False,False,,False,,9.0,,,False,36.8,17.4,78.7,Heavy Rain,6.44,105.07,6.9,100.22,,,,152520.41,67652.09,False
2022-08-03,3,Wednesday,31,8,August,3,2022,3,False,False,False,False,False,,False,,8.0,,,False,34.8,1.6,78.6,Pleasant,6.43,105.04,6.88,100.16,,,,137583.98,74016.56,False
2022-08-04,4,Thursday,31,8,August,3,2022,4,False,False,False,False,False,,False,,7.0,,,False,35.7,7.2,84.8,Light Rain,6.42,105.04,6.86,100.11,,,,111116.67,77660.34,False
2022-08-05,5,Friday,31,8,August,3,2022,5,False,False,False,False,False,,False,,6.0,,,False,35.1,39.2,81.9,Heavy Rain,6.44,105.07,6.85,100.21,,,,138973.85,50587.85,False
2022-08-06,6,Saturday,31,8,August,3,2022,6,True,False,False,False,False,,False,,5.0,,,False,34.1,4.9,84.0,Light Rain,6.47,105.42,6.85,100.1,,,,155021.74,96301.91,False
2022-08-07,7,Sunday,31,8,August,3,2022,7,True,False,False,False,False,,False,,4.0,,,False,30.8,8.2,68.3,Light Rain,6.47,105.28,6.86,100.22,,,,152828.84,78795.38,False
2022-08-08,1,Monday,32,8,August,3,2022,8,False,False,False,False,False,,False,,3.0,,,False,31.9,23.0,81.0,Heavy Rain,6.49,105.49,6.88,100.24,,,,132468.64,70638.86,False
2022-08-09,2,Tuesday,32,8,August,3,2022,9,False,False,False,False,False,,False,,2.0,,,False,35.4,26.9,87.4,Heavy Rain,6.52,105.88,6.88,100.26,,,,159972.37,80697.92,False
2022-08-10,3,Wednesday,32,8,August,3,2022,10,False,False,False,False,False,,False,,1.0,,Independence Day Sale,False,34.5,3.0,70.5,Light Rain,6.52,106.07,6.89,100.2,Independence Day Sale,National Sale,Medium,238694.37,129628.06,True
2022-08-11,4,Thursday,32,8,August,3,2022,11,False,False,False,False,False,Raksha Bandhan,True,Festival,0.0,0.0,Independence Day Sale,False,35.8,14.1,63.5,Light Rain,6.51,105.97,6.89,100.19,Independence Day Sale,National Sale,Medium,235104.96,115212.78,True
2022-08-12,5,Friday,32,8,August,3,2022,12,False,False,False,False,False,,False,,3.0,1.0,Independence Day Sale,False,35.4,8.1,76.9,Light Rain,6.51,106.12,6.88,100.25,Independence Day Sale,National Sale,Medium,237747.38,134627.88,True
2022-08-13,6,Saturday,32,8,August,3,2022,13,True,False,False,False,False,,False,,2.0,2.0,Independence Day Sale,False,33.9,5.9,75.8,Light Rain,6.52,105.91,6.9,100.25,Independence Day Sale,National Sale,Medium,293658.62,190030.13,True
2022-08-14,7,Sunday,32,8,August,3,2022,14,True,False,False,False,False,,False,,1.0,3.0,Independence Day Sale,False,33.1,36.8,93.2,Heavy Rain,6.52,105.92,6.9,100.18,Independence Day Sale,National Sale,Medium,350932.73,168656.03,True
2022-08-15,1,Monday,33,8,August,3,2022,15,False,False,False,False,False,Independence Day,True,National,0.0,0.0,Independence Day Sale,False,33.4,8.4,78.3,Light Rain,6.54,105.94,6.9,100.15,Independence Day Sale,National Sale,Medium,268197.3,142092.39,True
2022-08-16,2,Tuesday,33,8,August,3,2022,16,False,False,False,False,False,,False,,,1.0,Independence Day Sale,False,33.0,6.3,62.4,Light Rain,6.55,105.93,6.91,100.15,Independence Day Sale,National Sale,Medium,216522.46,113977.59,True
2022-08-17,3,Wednesday,33,8,August,3,2022,17,False,False,False,False,False,,False,,,2.0,,False,33.0,13.4,70.6,Light Rain,6.51,105.71,6.91,100.11,,,,137518.89,57527.56,False
2022-08-18,4,Thursday,33,8,August,3,2022,18,False,False,False,False,False,,False,,,3.0,,False,34.7,2.1,79.8,Light Rain,6.55,105.93,6.89,100.13,,,,157503.51,80727.87,False
2022-08-19,5,Friday,33,8,August,3,2022,19,False,False,False,False,False,,False,,,4.0,,False,34.6,8.5,74.5,Light Rain,6.54,105.96,6.89,100.09,,,,143971.79,99109.66,False
2022-08-20,6,Saturday,33,8,August,3,2022,20,True,False,False,False,False,,False,,,5.0,,False,34.2,15.0,78.4,Light Rain,6.52,106.05,6.89,100.1,,,,195123.41,88218.41,False
2022-08-21,7,Sunday,33,8,August,3,2022,21,True,False,False,False,False,,False,,,6.0,,False,34.3,20.9,75.6,Heavy Rain,6.54,106.03,6.91,100.1,,,,217337.99,94506.22,False
2022-08-22,1,Monday,34,8,August,3,2022,22,False,False,False,False,False,,False,,,7.0,,False,33.5,5.7,78.5,Light Rain,6.54,106.11,6.91,100.05,,,,116251.61,77593.16,False
2022-08-23,2,Tuesday,34,8,August,3,2022,23,False,False,False,False,False,,False,,,8.0,,False,33.1,38.4,82.4,Heavy Rain,6.55,106.2,6.91,100.01,,,,84985.31,79048.32,False
2022-08-24,3,Wednesday,34,8,August,3,2022,24,False,False,False,False,False,,False,,,9.0,,False,33.3,14.5,83.6,Light Rain,6.57,106.25,6.91,100.06,,,,158896.73,94624.47,False
2022-08-25,4,Thursday,34,8,August,3,2022,25,False,False,False,False,False,,False,,,10.0,,False,31.6,20.4,71.9,Heavy Rain,6.62,106.19,6.91,100.02,,,,160223.04,66290.57,False
2022-08-26,5,Friday,34,8,August,3,2022,26,False,False,False,False,False,,False,,,11.0,,False,29.3,15.8,75.4,Heavy Rain,6.63,106.1,6.9,100.03,,,,116975.48,65950.38,False
2022-08-27,6,Saturday,34,8,August,3,2022,27,True,False,False,False,False,,False,,,12.0,,False,28.5,11.6,75.2,Light Rain,6.65,,6.9,99.98,,,,184329.67,74609.4,False
2022-08-28,7,Sunday,34,8,August,3,2022,28,True,False,False,False,False,,False,,,13.0,,False,30.1,3.8,68.4,Light Rain,6.62,106.19,6.89,99.95,,,,198367.28,59954.61,False
2022-08-29,1,Monday,35,8,August,3,2022,29,False,False,False,False,False,,False,,,14.0,,False,29.8,18.0,76.4,Heavy Rain,6.61,106.34,6.9,100.09,,,,187326.23,68236.3,False
2022-08-30,2,Tuesday,35,8,August,3,2022,30,False,False,False,False,False,,False,,,15.0,,False,31.6,16.2,81.2,Heavy Rain,6.63,105.98,6.92,100.04,,,,175634.92,73020.39,False
2022-08-31,3,Wednesday,35,8,August,3,2022,31,False,False,True,False,False,,False,,,16.0,,False,31.3,35.2,92.5,Heavy Rain,6.62,105.89,6.9,100.08,,,,139299.96,79024.19,False
2022-09-01,4,Thursday,35,9,September,3,2022,1,False,True,False,False,False,,False,,,17.0,,False,32.1,24.2,84.2,Heavy Rain,6.61,105.79,6.89,100.13,,,,129029.57,59759.43,False
2022-09-02,5,Friday,35,9,September,3,2022,2,False,False,False,False,False,,False,,,18.0,,False,30.3,11.3,73.0,Light Rain,6.59,105.87,6.87,100.11,,,,162278.74,72782.71,False
2022-09-03,6,Saturday,35,9,September,3,2022,3,True,False,False,False,False,,False,,,19.0,,False,31.4,14.3,75.2,Light Rain,6.58,105.92,6.88,99.98,,,,156682.88,60527.72,False
2022-09-04,7,Sunday,35,9,September,3,2022,4,True,False,False,False,False,,False,,,20.0,,False,29.4,3.6,72.2,Light Rain,6.6,106.11,6.87,99.95,,,,195526.61,80224.25,False
2022-09-05,1,Monday,36,9,September,3,2022,5,False,False,False,False,False,,False,,30.0,21.0,,False,28.6,1.6,76.6,Pleasant,6.58,105.89,6.86,99.97,,,,128122.9,56154.9,False
2022-09-06,2,Tuesday,36,9,September,3,2022,6,False,False,False,False,False,,False,,29.0,22.0,,False,28.1,23.6,85.5,Heavy Rain,6.58,105.92,6.86,100.01,,,,151858.02,59280.67,False
2022-09-07,3,Wednesday,36,9,September,3,2022,7,False,False,False,False,False,,False,,28.0,23.0,,False,27.2,9.4,70.6,Light Rain,6.57,106.08,6.88,99.95,,,,136363.16,82030.39,False
2022-09-08,4,Thursday,36,9,September,3,2022,8,False,False,False,False,False,,False,,27.0,24.0,,False,27.0,25.0,73.0,Heavy Rain,6.58,106.31,6.89,99.85,,,,106418.29,60339.83,False
2022-09-09,5,Friday,36,9,September,3,2022,9,False,False,False,False,False,,False,,26.0,25.0,,False,28.2,22.1,80.4,Heavy Rain,6.57,106.24,6.88,99.9,,,,112211.18,70279.87,False
2022-09-10,6,Saturday,36,9,September,3,2022,10,True,False,False,False,False,,False,,25.0,26.0,,False,28.3,30.3,78.0,Heavy Rain,6.55,106.39,6.87,99.88,,,,152774.47,81126.88,False
2022-09-11,7,Sunday,36,9,September,3,2022,11,True,False,False,False,False,,False,,24.0,27.0,,False,27.2,7.6,66.6,Light Rain,6.55,106.52,6.86,99.74,,,,191932.88,66804.41,False
2022-09-12,1,Monday,37,9,September,3,2022,12,False,False,False,False,False,,False,,23.0,28.0,,False,26.3,12.0,72.5,Light Rain,6.53,106.66,6.86,99.86,,,,119963.36,68651.95,False
2022-09-13,2,Tuesday,37,9,September,3,2022,13,False,False,False,False,False,,False,,22.0,29.0,,False,26.4,19.4,74.9,Heavy Rain,6.57,,6.87,99.87,,,,126314.16,77594.55,False
2022-09-14,3,Wednesday,37,9,September,3,2022,14,False,False,False,False,False,,False,,21.0,30.0,,False,24.2,28.7,72.2,Heavy Rain,6.58,106.55,6.86,99.94,,,,190354.68,80794.35,False
2022-09-15,4,Thursday,37,9,September,3,2022,15,False,False,False,False,False,,False,,20.0,,,False,25.1,7.6,84.6,Light Rain,6.59,106.75,6.87,100.02,,,,126575.46,61297.68,False
2022-09-16,5,Friday,37,9,September,3,2022,16,False,False,False,False,False,,False,,19.0,,,False,24.3,,75.6,Light Rain,6.57,,6.88,100.02,,,,81941.75,69398.69,False
2022-09-17,6,Saturday,37,9,September,3,2022,17,True,False,False,False,False,,False,,18.0,,,False,24.4,24.9,79.9,Heavy Rain,6.56,106.81,6.89,100.0,,,,187515.94,91750.63,False
2022-09-18,7,Sunday,37,9,September,3,2022,18,True,False,False,False,False,,False,,17.0,,,False,25.6,11.8,,Light Rain,6.55,106.93,6.9,99.94,,,,157254.01,94919.15,False
2022-09-19,1,Monday,38,9,September,3,2022,19,False,False,False,False,False,,False,,16.0,,,False,26.1,,75.6,Heavy Rain,6.57,106.79,6.88,100.0,,,,123077.49,76870.41,False
2022-09-20,2,Tuesday,38,9,September,3,2022,20,False,False,False,False,False,,False,,15.0,,,False,25.1,4.6,74.1,Light Rain,6.55,106.75,6.88,99.99,,,,142549.53,57360.5,False
2022-09-21,3,Wednesday,38,9,September,3,2022,21,False,False,False,False,False,,False,,14.0,,,False,24.8,18.0,75.3,Heavy Rain,6.53,106.44,6.89,99.92,,,,129420.25,69627.77,False
2022-09-22,4,Thursday,38,9,September,3,2022,22,False,False,False,False,False,,False,,13.0,,,False,25.4,12.6,74.3,Light Rain,6.57,106.81,6.89,99.95,,,,102186.25,71762.47,False
2022-09-23,5,Friday,38,9,September,3,2022,23,False,False,False,False,False,,False,,12.0,,,False,26.1,10.1,81.7,Light Rain,6.58,106.41,6.88,99.99,,,,128833.22,51064.5,False
2022-09-24,6,Saturday,38,9,September,3,2022,24,True,False,False,False,False,,False,,11.0,,,False,25.0,35.4,81.7,Heavy Rain,6.58,106.65,6.86,99.92,,,,231079.67,103809.54,False
2022-09-25,7,Sunday,38,9,September,3,2022,25,True,False,False,False,False,,False,,10.0,,,False,25.1,9.8,71.3,Light Rain,6.58,106.51,6.87,99.98,,,,171554.03,101826.63,False
2022-09-26,1,Monday,39,9,September,3,2022,26,False,False,False,False,False,,False,,9.0,,,False,24.8,16.0,94.7,Heavy Rain,6.55,106.48,6.88,100.04,,,,105232.16,59751.12,False
2022-09-27,2,Tuesday,39,9,September,3,2022,27,False,False,False,False,False,,False,,8.0,,,False,24.5,6.5,72.8,Light Rain,6.55,106.65,6.86,100.1,,,,134709.2,75905.88,False
2022-09-28,3,Wednesday,39,9,September,3,2022,28,False,False,False,False,False,,False,,7.0,,,False,23.9,55.0,84.3,Heavy Rain,6.54,106.61,6.88,100.09,,,,158699.55,85132.36,False
2022-09-29,4,Thursday,39,9,September,3,2022,29,False,False,False,False,False,,False,,6.0,,Festival Sale - Dussehra,False,23.1,11.1,69.2,Light Rain,6.54,106.74,6.89,100.1,Festival Sale - Dussehra,Festival Sale,Medium,240922.71,119116.63,True
2022-09-30,5,Friday,39,9,September,3,2022,30,False,False,True,False,True,,False,,5.0,,Festival Sale - Dussehra,False,22.1,10.6,70.3,Light Rain,6.53,106.58,6.89,100.09,Festival Sale - Dussehra,Festival Sale,Medium,217672.35,137587.45,True
2022-10-01,6,Saturday,39,10,October,4,2022,1,True,True,False,True,False,,False,,4.0,,Festival Sale - Dussehra,False,23.8,,52.1,Pleasant,6.53,106.44,6.9,100.17,Festival Sale - Dussehra,Festival Sale,Medium,351595.99,165097.1,True
2022-10-02,7,Sunday,39,10,October,4,2022,2,True,False,False,False,False,,False,,3.0,,Festival Sale - Dussehra,False,23.9,0.0,68.6,Pleasant,6.51,106.43,6.9,100.09,Festival Sale - Dussehra,Festival Sale,Medium,332749.07,177176.97,True
2022-10-03,1,Monday,40,10,October,4,2022,3,False,False,False,False,False,,False,,2.0,,Festival Sale - Dussehra,False,22.3,0.0,60.3,Pleasant,6.52,106.63,6.89,100.19,Festival Sale - Dussehra,Festival Sale,Medium,244229.49,131594.0,True
2022-10-04,2,Tuesday,40,10,October,4,2022,4,False,False,False,False,False,,False,,1.0,,Diwali Mega Sale,True,20.6,0.0,55.1,Pleasant,6.51,106.48,6.89,100.27,Diwali Mega Sale,Festival Sale,High,374860.96,178265.36,True
2022-10-05,3,Wednesday,40,10,October,4,2022,5,False,False,False,False,False,Dussehra,True,Festival,0.0,0.0,Diwali Mega Sale,True,20.2,0.0,52.2,Pleasant,6.48,106.42,6.9,100.27,Diwali Mega Sale,Festival Sale,High,360329.51,175474.61,True
2022-10-06,4,Thursday,40,10,October,4,2022,6,False,False,False,False,False,,False,,18.0,1.0,Diwali Mega Sale,True,21.7,0.0,66.2,Pleasant,6.46,106.25,6.9,100.19,Diwali Mega Sale,Festival Sale,High,362339.89,177153.77,True
2022-10-07,5,Friday,40,10,October,4,2022,7,False,False,False,False,False,,False,,17.0,2.0,Diwali Mega Sale,True,20.8,0.0,62.8,Pleasant,6.48,106.15,6.9,100.21,Diwali Mega Sale,Festival Sale,High,377182.66,178007.68,True
2022-10-08,6,Saturday,40,10,October,4,2022,8,True,False,False,False,False,,False,,16.0,3.0,Diwali Mega Sale,True,19.6,0.0,46.9,Pleasant,6.47,106.1,6.9,100.18,Diwali Mega Sale,Festival Sale,High,471381.83,230597.68,True
2022-10-09,7,Sunday,40,10,October,4,2022,9,True,False,False,False,False,,False,,15.0,4.0,Diwali Mega Sale,True,19.5,0.0,51.0,Pleasant,6.48,106.14,6.89,100.07,Diwali Mega Sale,Festival Sale,High,381853.1,237459.34,True
2022-10-10,1,Monday,41,10,October,4,2022,10,False,False,False,False,False,,False,,14.0,5.0,Diwali Mega Sale,True,20.4,0.0,50.5,Pleasant,6.47,106.04,6.88,100.07,Diwali Mega Sale,Festival Sale,High,344519.07,196541.79,True
2022-10-11,2,Tuesday,41,10,October,4,2022,11,False,False,False,False,False,,False,,13.0,6.0,Diwali Mega Sale,True,21.9,14.3,64.6,Light Rain,6.49,105.95,6.88,99.97,Diwali Mega Sale,Festival Sale,High,354584.84,191921.67,True
2022-10-12,3,Wednesday,41,10,October,4,2022,12,False,False,False,False,False,,False,,12.0,7.0,Diwali Mega Sale,True,21.2,0.0,67.6,Pleasant,6.53,106.17,6.87,100.02,Diwali Mega Sale,Festival Sale,High,346046.32,180270.56,True
2022-10-13,4,Thursday,41,10,October,4,2022,13,False,False,False,False,False,,False,,11.0,8.0,Diwali Mega Sale,True,21.9,0.0,49.8,Pleasant,6.52,105.98,6.87,99.96,Diwali Mega Sale,Festival Sale,High,353063.98,189739.06,True
2022-10-14,5,Friday,41,10,October,4,2022,14,False,False,False,False,False,,False,,10.0,9.0,Diwali Mega Sale,True,21.6,0.0,57.1,Pleasant,6.54,106.18,6.85,99.86,Diwali Mega Sale,Festival Sale,High,374373.34,189074.48,True
2022-10-15,6,Saturday,41,10,October,4,2022,15,True,False,False,False,False,,False,,9.0,10.0,Diwali Mega Sale,True,22.9,0.0,68.7,Pleasant,6.55,106.08,6.86,99.81,Diwali Mega Sale,Festival Sale,High,448825.21,239234.4,True
2022-10-16,7,Sunday,41,10,October,4,2022,16,True,False,False,False,False,,False,,8.0,11.0,Diwali Mega Sale,True,21.9,0.0,51.8,Pleasant,6.59,105.93,6.87,99.78,Diwali Mega Sale,Festival Sale,High,505795.71,225956.89,True
2022-10-17,1,Monday,42,10,October,4,2022,17,False,False,False,False,False,,False,,7.0,12.0,Diwali Mega Sale,True,22.3,0.0,48.9,Pleasant,6.62,105.95,6.87,99.83,Diwali Mega Sale,Festival Sale,High,,170304.82,True
2022-10-18,2,Tuesday,42,10,October,4,2022,18,False,False,False,False,False,,False,,6.0,13.0,Diwali Mega Sale,True,21.5,0.0,60.6,Pleasant,6.6,105.72,6.86,99.87,Diwali Mega Sale,Festival Sale,High,368312.75,191005.38,True
2022-10-19,3,Wednesday,42,10,October,4,2022,19,False,False,False,False,False,,False,,5.0,14.0,Diwali Mega Sale,True,19.1,0.0,50.6,Pleasant,6.62,105.78,6.85,99.81,Diwali Mega Sale,Festival Sale,High,367938.36,176947.95,True
2022-10-20,4,Thursday,42,10,October,4,2022,20,False,False,False,False,False,,False,,4.0,15.0,Diwali Mega Sale,True,20.4,0.0,55.9,Pleasant,6.6,106.14,6.86,99.84,Diwali Mega Sale,Festival Sale,High,366459.1,183843.21,True
2022-10-21,5,Friday,42,10,October,4,2022,21,False,False,False,False,False,,False,,3.0,16.0,Diwali Mega Sale,True,20.3,0.0,43.0,Pleasant,6.58,106.13,6.86,99.86,Diwali Mega Sale,Festival Sale,High,373211.46,162834.74,True
2022-10-22,6,Saturday,42,10,October,4,2022,22,True,False,False,False,False,,False,,2.0,17.0,Diwali Mega Sale,True,18.8,0.0,56.1,Pleasant,6.58,106.43,6.86,99.84,Diwali Mega Sale,Festival Sale,High,426147.26,258834.97,True
2022-10-23,7,Sunday,42,10,October,4,2022,23,True,False,False,False,False,,False,,1.0,18.0,Diwali Mega Sale,True,19.1,0.0,49.9,Pleasant,6.58,106.38,6.87,99.79,Diwali Mega Sale,Festival Sale,High,456468.71,226906.76,True
2022-10-24,1,Monday,43,10,October,4,2022,24,False,False,False,False,False,Diwali,True,Festival,0.0,0.0,Diwali Mega Sale,True,19.8,0.0,63.0,Pleasant,6.59,106.46,6.87,99.85,Diwali Mega Sale,Festival Sale,High,374471.94,185639.95,True
2022-10-25,2,Tuesday,43,10,October,4,2022,25,False,False,False,False,False,,False,,,1.0,Diwali Mega Sale,True,17.6,0.0,49.6,Pleasant,6.56,106.66,6.89,99.91,Diwali Mega Sale,Festival Sale,High,376297.02,197792.57,True
2022-10-26,3,Wednesday,43,10,October,4,2022,26,False,False,False,False,False,,False,,,2.0,Diwali Mega Sale,True,15.9,0.0,38.8,Pleasant,6.56,106.68,6.89,99.95,Diwali Mega Sale,Festival Sale,High,379105.81,174652.21,True
2022-10-27,4,Thursday,43,10,October,4,2022,27,False,False,False,False,False,,False,,,3.0,Diwali Mega Sale,True,15.9,0.0,56.0,Pleasant,6.55,106.44,6.9,99.89,Diwali Mega Sale,Festival Sale,High,353641.25,174157.88,True
2022-10-28,5,Friday,43,10,October,4,2022,28,False,False,False,False,False,,False,,,4.0,,False,15.8,0.0,49.4,Pleasant,6.52,106.34,6.89,99.79,,,,159128.2,82094.35,False
2022-10-29,6,Saturday,43,10,October,4,2022,29,True,False,False,False,False,,False,,,5.0,,False,14.8,0.0,69.6,Cold,6.5,106.4,6.89,99.84,,,,100245.23,98349.66,False
2022-10-30,7,Sunday,43,10,October,4,2022,30,True,False,False,False,False,,False,,,6.0,,False,15.3,0.0,62.0,Pleasant,6.45,106.4,6.89,99.88,,,,210624.32,100166.73,False
2022-10-31,1,Monday,44,10,October,4,2022,31,False,False,True,False,False,,False,,,7.0,,False,15.2,0.0,48.9,Pleasant,6.46,106.37,6.89,99.89,,,,106343.81,66581.0,False
2022-11-01,2,Tuesday,44,11,November,4,2022,1,False,True,False,False,False,,False,,,8.0,,False,14.5,0.0,65.2,Cold,6.44,106.03,6.89,99.85,,,,120259.61,94004.16,False
2022-11-02,3,Wednesday,44,11,November,4,2022,2,False,False,False,False,False,,False,,,9.0,,False,14.9,0.0,52.7,Cold,6.44,106.27,6.89,99.78,,,,129547.49,89308.64,False
2022-11-03,4,Thursday,44,11,November,4,2022,3,False,False,False,False,False,,False,,,10.0,,False,13.6,0.0,64.4,Cold,6.45,106.23,6.88,99.78,,,,150963.97,72316.83,False
2022-11-04,5,Friday,44,11,November,4,2022,4,False,False,False,False,False,,False,,,11.0,,False,16.0,0.0,65.4,Pleasant,6.45,106.37,6.88,99.89,,,,166515.34,77326.88,False
2022-11-05,6,Saturday,44,11,November,4,2022,5,True,False,False,False,False,,False,,,12.0,,False,15.2,1.7,48.1,Pleasant,6.45,106.47,6.9,99.89,,,,137844.54,58354.61,False
2022-11-06,7,Sunday,44,11,November,4,2022,6,True,False,False,False,False,,False,,,13.0,,False,15.5,0.0,64.1,Pleasant,6.45,106.37,6.89,99.88,,,,182855.02,98291.48,False
2022-11-07,1,Monday,45,11,November,4,2022,7,False,False,False,False,False,,False,,,14.0,,False,16.1,0.0,59.8,Pleasant,6.5,106.4,6.89,99.95,,,,160335.51,63392.61,False
2022-11-08,2,Tuesday,45,11,November,4,2022,8,False,False,False,False,False,,False,,,15.0,,False,14.4,3.9,57.9,Light Rain,6.51,106.6,6.89,100.1,,,,196593.35,78319.05,False
2022-11-09,3,Wednesday,45,11,November,4,2022,9,False,False,False,False,False,,False,,,16.0,,False,14.9,0.0,44.0,Cold,6.51,,6.89,100.09,,,,184124.95,61271.37,False
2022-11-10,4,Thursday,45,11,November,4,2022,10,False,False,False,False,False,,False,,,17.0,,False,15.8,0.0,68.0,Pleasant,6.53,106.26,6.88,100.1,,,,127642.13,75072.51,False
2022-11-11,5,Friday,45,11,November,4,2022,11,False,False,False,False,False,,False,,,18.0,,False,16.1,0.0,52.9,Pleasant,6.54,106.25,6.88,100.13,,,,138145.07,84552.71,False
2022-11-12,6,Saturday,45,11,November,4,2022,12,True,False,False,False,False,,False,,,19.0,,False,14.7,1.5,62.0,Cold,6.56,106.36,6.89,100.16,,,,174696.61,100412.18,False
2022-11-13,7,Sunday,45,11,November,4,2022,13,True,False,False,False,False,,False,,,20.0,,False,16.4,0.0,57.5,Pleasant,6.56,106.06,6.88,100.15,,,,207986.72,106637.13,False
2022-11-14,1,Monday,46,11,November,4,2022,14,False,False,False,False,False,,False,,,21.0,,False,16.5,0.0,59.1,Pleasant,6.58,106.18,6.87,100.09,,,,121599.09,58939.74,False
2022-11-15,2,Tuesday,46,11,November,4,2022,15,False,False,False,False,False,,False,,,22.0,,False,17.5,0.0,72.5,Pleasant,6.62,106.34,6.87,100.13,,,,150021.53,55448.89,False
2022-11-16,3,Wednesday,46,11,November,4,2022,16,False,False,False,False,False,,False,,,23.0,,False,15.5,8.1,44.1,Light Rain,6.62,106.43,6.85,100.25,,,,124603.61,81351.36,False
2022-11-17,4,Thursday,46,11,November,4,2022,17,False,False,False,False,False,,False,,,24.0,,False,16.4,0.0,54.2,Pleasant,6.62,106.38,6.86,100.25,,,,103643.95,71103.35,False
2022-11-18,5,Friday,46,11,November,4,2022,18,False,False,False,False,False,,False,,,25.0,,False,14.8,3.3,63.3,Light Rain,6.62,106.3,6.88,100.3,,,,137360.03,70191.33,False
2022-11-19,6,Saturday,46,11,November,4,2022,19,True,False,False,False,False,,False,,,26.0,,False,14.6,0.0,47.3,Cold,6.66,106.49,6.86,100.24,,,,178896.77,81286.53,False
2022-11-20,7,Sunday,46,11,November,4,2022,20,True,False,False,False,False,,False,,,27.0,,False,12.2,0.0,45.5,Cold,6.67,106.56,6.87,100.19,,,,229692.09,73369.39,False
2022-11-21,1,Monday,47,11,November,4,2022,21,False,False,False,False,False,,False,,,28.0,,False,15.0,0.0,58.6,Cold,6.65,106.81,6.88,100.09,,,,85193.08,63051.17,False
2022-11-22,2,Tuesday,47,11,November,4,2022,22,False,False,False,False,False,,False,,,29.0,,False,14.0,0.0,56.2,Cold,6.65,106.73,6.89,100.05,,,,108162.87,44624.61,False
2022-11-23,3,Wednesday,47,11,November,4,2022,23,False,False,False,False,False,,False,,,30.0,,False,15.0,0.0,41.2,Cold,6.64,106.67,6.9,99.92,,,,131527.32,77949.32,False
2022-11-24,4,Thursday,47,11,November,4,2022,24,False,False,False,False,False,,False,,,,,False,15.6,0.0,71.1,Pleasant,6.62,106.58,6.91,100.02,,,,147892.75,66977.35,False
2022-11-25,5,Friday,47,11,November,4,2022,25,False,False,False,False,False,,False,,30.0,,Black Friday,True,14.1,0.0,58.2,Cold,6.6,106.51,6.9,100.06,Black Friday,Flash Sale,High,361896.84,195675.2,True
2022-11-26,6,Saturday,47,11,November,4,2022,26,True,False,False,False,False,,False,,29.0,,Black Friday,True,16.0,0.0,65.0,Pleasant,6.62,106.75,6.89,100.1,Black Friday,Flash Sale,High,520228.33,243977.28,True
2022-11-27,7,Sunday,47,11,November,4,2022,27,True,False,False,False,False,,False,,28.0,,Black Friday,True,15.2,0.0,74.1,Pleasant,6.62,106.66,6.9,100.09,Black Friday,Flash Sale,High,427685.19,213674.28,True
2022-11-28,1,Monday,48,11,November,4,2022,28,False,False,False,False,False,,False,,27.0,,Cyber Monday,True,15.2,0.0,67.6,Pleasant,6.6,106.47,6.9,100.02,Cyber Monday,Flash Sale,High,390867.67,174678.74,True
2022-11-29,2,Tuesday,48,11,November,4,2022,29,False,False,False,False,False,,False,,26.0,,,False,17.0,0.0,72.2,Pleasant,6.6,106.61,6.88,99.99,,,,126232.5,83316.33,False
2022-11-30,3,Wednesday,48,11,November,4,2022,30,False,False,True,False,False,,False,,25.0,,,False,16.2,0.0,50.0,Pleasant,6.58,106.61,6.89,100.0,,,,175689.43,67596.97,False
2022-12-01,4,Thursday,48,12,December,4,2022,1,False,True,False,False,False,,False,,24.0,,,False,15.4,0.0,53.7,Pleasant,6.57,106.59,6.88,99.94,,,,174639.44,80467.43,False
2022-12-02,5,Friday,48,12,December,4,2022,2,False,False,False,False,False,,False,,23.0,,,False,14.9,0.0,43.1,Cold,6.58,106.51,6.9,99.84,,,,149531.03,84078.86,False
2022-12-03,6,Saturday,48,12,December,4,2022,3,True,False,False,False,False,,False,,22.0,,,False,14.2,0.0,64.1,Cold,6.61,106.39,6.92,99.91,,,,186865.17,116249.45,False
2022-12-04,7,Sunday,48,12,December,4,2022,4,True,False,False,False,False,,False,,21.0,,,False,14.8,0.0,58.8,Cold,6.64,106.32,6.92,99.88,,,,183302.39,54497.22,False
2022-12-05,1,Monday,49,12,December,4,2022,5,False,False,False,False,False,,False,,20.0,,,False,12.6,0.0,51.3,Cold,6.61,106.44,6.93,99.83,,,,98134.36,77280.34,False
2022-12-06,2,Tuesday,49,12,December,4,2022,6,False,False,False,False,False,,False,,19.0,,,False,12.6,0.0,65.0,Cold,6.6,106.42,6.94,99.82,,,,99303.77,77198.89,False
2022-12-07,3,Wednesday,49,12,December,4,2022,7,False,False,False,False,False,,False,,18.0,,,False,13.6,0.0,59.7,Cold,6.6,106.37,6.95,99.74,,,,105992.53,68632.62,False
2022-12-08,4,Thursday,49,12,December,4,2022,8,False,False,False,False,False,,False,,17.0,,,False,12.2,0.0,49.1,Cold,6.56,106.31,6.92,99.82,,,,139687.48,77442.16,False
2022-12-09,5,Friday,49,12,December,4,2022,9,False,False,False,False,False,,False,,16.0,,,False,13.4,0.0,46.6,Cold,6.58,106.26,6.92,99.7,,,,167706.85,67631.04,False
2022-12-10,6,Saturday,49,12,December,4,2022,10,True,False,False,False,False,,False,,15.0,,,False,13.1,0.0,62.7,Cold,6.57,106.41,6.92,99.65,,,,196021.6,68643.15,False
2022-12-11,7,Sunday,49,12,December,4,2022,11,True,False,False,False,False,,False,,14.0,,,False,11.6,0.0,61.2,Cold,6.6,106.4,6.91,99.66,,,,,83303.16,False
2022-12-12,1,Monday,50,12,December,4,2022,12,False,False,False,False,False,,False,,13.0,,,False,12.9,0.0,53.4,Cold,6.62,106.44,6.91,99.7,,,,137282.36,77361.39,False
2022-12-13,2,Tuesday,50,12,December,4,2022,13,False,False,False,False,False,,False,,12.0,,,False,12.2,0.0,43.5,Cold,6.65,106.65,6.92,99.73,,,,144467.5,67610.3,False
2022-12-14,3,Wednesday,50,12,December,4,2022,14,False,False,False,False,False,,False,,11.0,,,False,13.5,0.0,46.9,Cold,6.67,106.79,6.93,99.72,,,,132044.44,71061.97,False
2022-12-15,4,Thursday,50,12,December,4,2022,15,False,False,False,False,False,,False,,10.0,,,False,13.9,0.0,51.4,Cold,6.64,106.96,6.91,99.65,,,,121328.15,71686.75,False
2022-12-16,5,Friday,50,12,December,4,2022,16,False,False,False,False,False,,False,,9.0,,,False,12.8,0.0,60.9,Cold,6.6,106.99,6.92,99.57,,,,137940.94,70810.7,False
2022-12-17,6,Saturday,50,12,December,4,2022,17,True,False,False,False,False,,False,,8.0,,,False,12.4,0.0,57.6,Cold,6.59,106.98,6.9,99.61,,,,162376.39,106316.1,False
2022-12-18,7,Sunday,50,12,December,4,2022,18,True,False,False,False,False,,False,,7.0,,,False,15.3,0.0,51.2,Pleasant,6.59,106.94,6.91,99.56,,,,152059.45,89078.36,False
2022-12-19,1,Monday,51,12,December,4,2022,19,False,False,False,False,False,,False,,6.0,,,False,14.0,0.0,60.7,Cold,6.6,106.91,6.91,99.62,,,,141241.32,69976.74,False
2022-12-20,2,Tuesday,51,12,December,4,2022,20,False,False,False,False,False,,False,,5.0,,,False,16.2,0.0,52.8,Pleasant,6.6,107.11,6.9,99.59,,,,162882.1,82166.36,False
2022-12-21,3,Wednesday,51,12,December,4,2022,21,False,False,False,False,False,,False,,4.0,,,False,17.2,0.0,58.5,Pleasant,6.58,107.17,6.89,99.57,,,,162638.18,72083.18,False
2022-12-22,4,Thursday,51,12,December,4,2022,22,False,False,False,False,False,,False,,3.0,,,False,13.4,0.0,57.9,Cold,6.58,107.17,6.88,99.64,,,,139210.14,53064.28,False
2022-12-23,5,Friday,51,12,December,4,2022,23,False,False,False,False,False,,False,,2.0,,,False,12.5,0.0,64.0,Cold,6.59,107.05,6.89,99.71,,,,142151.09,77749.46,False
2022-12-24,6,Saturday,51,12,December,4,2022,24,True,False,False,False,False,,False,,1.0,,,False,14.4,0.0,58.7,Cold,6.6,106.86,6.89,99.76,,,,226611.46,92637.29,False
2022-12-25,7,Sunday,51,12,December,4,2022,25,True,False,False,False,False,Christmas,True,National,0.0,0.0,,False,15.6,0.0,47.3,Pleasant,6.61,106.93,6.88,99.71,,,,181734.04,83302.36,False
2022-12-26,1,Monday,52,12,December,4,2022,26,False,False,False,False,False,,False,,6.0,1.0,New Year Sale,False,15.8,0.0,61.7,Pleasant,6.6,106.99,6.86,99.76,New Year Sale,Seasonal Sale,Medium,256626.02,,True
2022-12-27,2,Tuesday,52,12,December,4,2022,27,False,False,False,False,False,,False,,5.0,2.0,New Year Sale,False,13.3,0.0,60.9,Cold,6.62,106.72,6.87,99.82,New Year Sale,Seasonal Sale,Medium,282102.35,127595.92,True
2022-12-28,3,Wednesday,52,12,December,4,2022,28,False,False,False,False,False,,False,,4.0,3.0,New Year Sale,False,11.7,0.0,72.0,Cold,6.63,106.87,6.86,99.81,New Year Sale,Seasonal Sale,Medium,248028.54,116329.82,True
2022-12-29,4,Thursday,52,12,December,4,2022,29,False,False,False,False,False,,False,,3.0,4.0,New Year Sale,False,12.1,1.6,55.4,Cold,6.61,107.14,6.88,99.81,New Year Sale,Seasonal Sale,Medium,215641.15,139907.96,True
2022-12-30,5,Friday,52,12,December,4,2022,30,False,False,False,False,False,,False,,2.0,5.0,New Year Sale,False,14.4,0.0,66.7,Cold,6.6,107.1,6.87,99.82,New Year Sale,Seasonal Sale,Medium,249581.87,141384.55,True
2022-12-31,6,Saturday,52,12,December,4,2022,31,True,False,True,False,True,,False,,1.0,6.0,New Year Sale,False,14.0,0.0,55.6,Cold,6.6,106.98,6.87,99.91,New Year Sale,Seasonal Sale,Medium,347076.96,146387.7,True
2023-01-01,7,Sunday,52,1,January,1,2023,1,True,True,False,True,False,New Year,True,National,0.0,0.0,New Year Sale,False,13.6,0.0,49.4,Cold,6.59,106.8,6.88,99.97,New Year Sale,Seasonal Sale,Medium,328786.7,155838.71,True
2023-01-02,1,Monday,1,1,January,1,2023,2,False,False,False,False,False,,False,,24.0,1.0,New Year Sale,False,14.1,0.0,63.6,Cold,6.64,106.4,6.88,99.97,New Year Sale,Seasonal Sale,Medium,256623.63,123316.54,True
2023-01-03,2,Tuesday,1,1,January,1,2023,3,False,False,False,False,False,,False,,23.0,2.0,End of Season Sale - Winter,False,12.4,0.0,51.9,Cold,6.64,106.39,6.88,100.11,End of Season Sale - Winter,Clearance,Medium,226121.76,122109.72,True
2023-01-04,3,Wednesday,1,1,January,1,2023,4,False,False,False,False,False,,False,,22.0,3.0,End of Season Sale - Winter,False,11.5,0.0,67.6,Cold,6.64,106.27,6.86,100.14,End of Season Sale - Winter,Clearance,Medium,237345.94,132804.24,True
2023-01-05,4,Thursday,1,1,January,1,2023,5,False,False,False,False,False,,False,,21.0,4.0,End of Season Sale - Winter,False,11.6,0.0,54.6,Cold,6.6,106.46,6.85,100.15,End of Season Sale - Winter,Clearance,Medium,261777.9,150989.22,True
2023-01-06,5,Friday,1,1,January,1,2023,6,False,False,False,False,False,,False,,20.0,5.0,End of Season Sale - Winter,False,13.1,0.0,51.0,Cold,6.6,106.46,6.86,100.09,End of Season Sale - Winter,Clearance,Medium,260844.24,156282.84,True
2023-01-07,6,Saturday,1,1,January,1,2023,7,True,False,False,False,False,,False,,19.0,6.0,End of Season Sale - Winter,False,12.4,0.0,50.9,Cold,6.6,106.71,6.87,100.16,End of Season Sale - Winter,Clearance,Medium,305251.48,161755.12,True
2023-01-08,7,Sunday,1,1,January,1,2023,8,True,False,False,False,False,,False,,18.0,7.0,End of Season Sale - Winter,False,13.5,0.0,57.5,Cold,6.59,106.75,6.85,100.04,End of Season Sale - Winter,Clearance,Medium,361786.13,162996.64,True
2023-01-09,1,Monday,2,1,January,1,2023,9,False,False,False,False,False,,False,,17.0,8.0,End of Season Sale - Winter,False,13.8,0.0,63.4,Cold,6.6,106.65,6.86,100.06,End of Season Sale - Winter,Clearance,Medium,,141582.29,True
2023-01-10,2,Tuesday,2,1,January,1,2023,10,False,False,False,False,False,,False,,16.0,9.0,End of Season Sale - Winter,False,15.1,0.0,48.9,Pleasant,6.59,106.83,6.86,100.03,End of Season Sale - Winter,Clearance,Medium,260116.35,127027.74,True
2023-01-11,3,Wednesday,2,1,January,1,2023,11,False,False,False,False,False,,False,,15.0,10.0,End of Season Sale - Winter,False,14.6,0.0,61.7,Cold,6.6,106.71,6.85,100.05,End of Season Sale - Winter,Clearance,Medium,231553.24,128106.33,True
2023-01-12,4,Thursday,2,1,January,1,2023,12,False,False,False,False,False,,False,,14.0,11.0,End of Season Sale - Winter,False,14.7,0.0,36.3,Cold,6.58,106.72,6.86,100.13,End of Season Sale - Winter,Clearance,Medium,253265.4,125794.39,True
2023-01-13,5,Friday,2,1,January,1,2023,13,False,False,False,False,False,,False,,13.0,12.0,End of Season Sale - Winter,False,15.3,11.3,48.5,Light Rain,6.57,106.91,6.85,100.09,End of Season Sale - Winter,Clearance,Medium,265114.66,138748.01,True
2023-01-14,6,Saturday,2,1,January,1,2023,14,True,False,False,False,False,,False,,12.0,13.0,End of Season Sale - Winter,False,14.8,0.0,50.0,Cold,6.6,106.75,6.85,100.06,End of Season Sale - Winter,Clearance,Medium,299650.84,161256.72,True
2023-01-15,7,Sunday,2,1,January,1,2023,15,True,False,False,False,False,,False,,11.0,14.0,End of Season Sale - Winter,False,15.8,0.0,70.4,Pleasant,6.61,106.8,6.84,100.06,End of Season Sale - Winter,Clearance,Medium,348424.91,148662.52,True
2023-01-16,1,Monday,3,1,January,1,2023,16,False,False,False,False,False,,False,,10.0,15.0,,False,14.9,0.0,44.6,Cold,6.62,106.68,6.86,99.99,,,,132960.6,,False
2023-01-17,2,Tuesday,3,1,January,1,2023,17,False,False,False,False,False,,False,,9.0,16.0,,False,13.9,0.0,49.8,Cold,6.62,106.54,6.86,99.88,,,,146323.66,91993.25,False
2023-01-18,3,Wednesday,3,1,January,1,2023,18,False,False,False,False,False,,False,,8.0,17.0,,False,15.6,0.0,52.2,Pleasant,6.61,106.71,6.86,99.91,,,,119527.71,74074.18,False
2023-01-19,4,Thursday,3,1,January,1,2023,19,False,False,False,False,False,,False,,7.0,18.0,,False,15.8,0.0,54.1,Pleasant,6.62,106.79,6.86,99.99,,,,138676.36,61994.08,False
2023-01-20,5,Friday,3,1,January,1,2023,20,False,False,False,False,False,,False,,6.0,19.0,Republic Day Sale,False,16.9,0.0,52.3,Pleasant,6.65,106.77,6.85,99.94,Republic Day Sale,National Sale,Medium,233948.84,138281.84,True
2023-01-21,6,Saturday,3,1,January,1,2023,21,True,False,False,False,False,,False,,5.0,20.0,Republic Day Sale,False,16.8,0.0,56.1,Pleasant,6.68,106.76,6.84,99.96,Republic Day Sale,National Sale,Medium,301483.85,168847.15,True
2023-01-22,7,Sunday,3,1,January,1,2023,22,True,False,False,False,False,,False,,4.0,21.0,Republic Day Sale,False,17.7,0.0,51.6,Pleasant,6.68,106.54,6.85,100.1,Republic Day Sale,National Sale,Medium,324563.91,134103.94,True
2023-01-23,1,Monday,4,1,January,1,2023,23,False,False,False,False,False,,False,,3.0,22.0,Republic Day Sale,False,16.5,0.0,40.0,Pleasant,6.68,106.52,6.85,100.17,Republic Day Sale,National Sale,Medium,252792.68,115702.39,True
2023-01-24,2,Tuesday,4,1,January,1,2023,24,False,False,False,False,False,,False,,2.0,23.0,Republic Day Sale,False,16.9,1.7,57.4,Pleasant,6.68,106.43,6.85,100.2,Republic Day Sale,National Sale,Medium,257132.37,137760.51,True
2023-01-25,3,Wednesday,4,1,January,1,2023,25,False,False,False,False,False,,False,,1.0,24.0,Republic Day Sale,False,15.5,0.0,68.4,Pleasant,6.68,106.1,6.86,100.18,Republic Day Sale,National Sale,Medium,265664.04,128912.82,True
2023-01-26,4,Thursday,4,1,January,1,2023,26,False,False,False,False,False,Republic Day,True,National,0.0,0.0,Republic Day Sale,False,16.6,0.0,56.0,Pleasant,6.69,105.9,6.85,100.18,Republic Day Sale,National Sale,Medium,285330.57,117281.81,True
2023-01-27,5,Friday,4,1,January,1,2023,27,False,False,False,False,False,,False,,18.0,1.0,Republic Day Sale,False,16.2,1.4,39.2,Pleasant,6.71,105.73,6.85,100.21,Republic Day Sale,National Sale,Medium,230941.2,130680.83,True
2023-01-28,6,Saturday,4,1,January,1,2023,28,True,False,False,False,False,,False,,17.0,2.0,,False,13.8,0.0,46.6,Cold,6.71,105.76,6.86,100.24,,,,162548.8,70340.95,False
2023-01-29,7,Sunday,4,1,January,1,2023,29,True,False,False,False,False,,False,,16.0,3.0,,False,13.2,0.0,46.6,Cold,6.71,105.82,6.85,100.18,,,,122650.9,102647.98,False
2023-01-30,1,Monday,5,1,January,1,2023,30,False,False,False,False,False,,False,,15.0,4.0,,False,13.7,0.0,49.8,Cold,6.71,105.52,6.86,100.18,,,,149347.59,70041.06,False
2023-01-31,2,Tuesday,5,1,January,1,2023,31,False,False,True,False,False,,False,,14.0,5.0,,False,13.5,0.0,53.3,Cold,6.7,105.75,6.85,100.21,,,,140921.21,51401.87,False
2023-02-01,3,Wednesday,5,2,February,1,2023,1,False,True,False,False,False,,False,,13.0,6.0,,False,15.6,0.0,43.3,Pleasant,6.7,105.93,6.85,100.19,,,,126078.05,65277.21,False
2023-02-02,4,Thursday,5,2,February,1,2023,2,False,False,False,False,False,,False,,12.0,7.0,,False,17.5,3.9,31.4,Light Rain,6.71,106.01,6.85,100.1,,,,123009.69,76851.28,False
2023-02-03,5,Friday,5,2,February,1,2023,3,False,False,False,False,False,,False,,11.0,8.0,,False,18.0,0.0,45.6,Pleasant,6.71,106.23,6.85,100.18,,,,157624.12,78379.94,False
2023-02-04,6,Saturday,5,2,February,1,2023,4,True,False,False,False,False,,False,,10.0,9.0,,False,17.1,0.0,49.4,Pleasant,6.73,106.41,6.84,100.1,,,,182669.45,107267.6,False
2023-02-05,7,Sunday,5,2,February,1,2023,5,True,False,False,False,False,,False,,9.0,10.0,,False,17.6,0.0,58.6,Pleasant,6.74,106.38,6.85,100.14,,,,176357.62,112228.62,False
2023-02-06,1,Monday,6,2,February,1,2023,6,False,False,False,False,False,,False,,8.0,11.0,,False,16.5,0.0,48.1,Pleasant,6.77,106.54,6.84,100.14,,,,129984.7,55444.88,False
2023-02-07,2,Tuesday,6,2,February,1,2023,7,False,False,False,False,False,,False,,7.0,12.0,,False,16.0,0.0,59.3,Pleasant,6.75,106.54,6.85,100.22,,,,146689.81,61236.51,False
2023-02-08,3,Wednesday,6,2,February,1,2023,8,False,False,False,False,False,,False,,6.0,13.0,,False,14.8,0.0,52.3,Cold,6.74,106.43,6.84,100.23,,,,153571.05,61240.25,False
2023-02-09,4,Thursday,6,2,February,1,2023,9,False,False,False,False,False,,False,,5.0,14.0,,False,18.1,0.0,52.9,Pleasant,6.74,106.65,6.83,100.19,,,,126884.23,59291.66,False
2023-02-10,5,Friday,6,2,February,1,2023,10,False,False,False,False,False,,False,,4.0,15.0,,False,19.1,0.0,55.6,Pleasant,6.74,106.62,6.85,100.18,,,,121870.19,55514.39,False
2023-02-11,6,Saturday,6,2,February,1,2023,11,True,False,False,False,False,,False,,3.0,16.0,,False,18.2,0.0,56.2,Pleasant,6.75,106.56,6.85,100.21,,,,147569.78,95177.65,False
2023-02-12,7,Sunday,6,2,February,1,2023,12,True,False,False,False,False,,False,,2.0,17.0,,False,19.0,0.0,63.6,Pleasant,6.75,106.45,6.86,100.31,,,,148981.41,88965.04,False
2023-02-13,1,Monday,7,2,February,1,2023,13,False,False,False,False,False,,False,,1.0,18.0,,False,20.1,0.0,63.0,Pleasant,6.78,106.18,6.87,100.22,,,,120227.59,58646.39,False
2023-02-14,2,Tuesday,7,2,February,1,2023,14,False,False,False,False,False,Valentine's Day,True,Commercial,0.0,0.0,,False,20.5,0.0,55.7,Pleasant,6.75,106.47,6.86,100.22,,,,115279.35,63893.14,False
2023-02-15,3,Wednesday,7,2,February,1,2023,15,False,False,False,False,False,,False,,21.0,1.0,,False,21.7,0.0,45.7,Pleasant,6.74,106.45,6.88,100.21,,,,148896.81,80885.1,False
2023-02-16,4,Thursday,7,2,February,1,2023,16,False,False,False,False,False,,False,,20.0,2.0,,False,24.0,0.0,46.4,Pleasant,6.72,106.7,6.88,100.09,,,,129107.02,65108.93,False
2023-02-17,5,Friday,7,2,February,1,2023,17,False,False,False,False,False,,False,,19.0,3.0,,False,22.3,4.9,39.9,Light Rain,6.72,106.67,6.87,100.14,,,,112041.86,55389.67,False
2023-02-18,6,Saturday,7,2,February,1,2023,18,True,False,False,False,False,,False,,18.0,4.0,,False,23.6,0.0,61.5,Pleasant,6.75,106.48,6.89,100.15,,,,194353.08,100834.34,False
2023-02-19,7,Sunday,7,2,February,1,2023,19,True,False,False,False,False,,False,,17.0,5.0,,False,23.4,0.0,54.9,Pleasant,6.75,106.64,6.86,100.23,,,,154923.74,119403.9,False
2023-02-20,1,Monday,8,2,February,1,2023,20,False,False,False,False,False,,False,,16.0,6.0,,False,23.1,0.0,53.2,Pleasant,6.79,106.7,6.87,100.26,,,,87801.57,54500.85,False
2023-02-21,2,Tuesday,8,2,February,1,2023,21,False,False,False,False,False,,False,,15.0,7.0,,False,20.4,0.0,53.3,Pleasant,6.8,106.75,6.88,100.22,,,,147527.78,64783.71,False
2023-02-22,3,Wednesday,8,2,February,1,2023,22,False,False,False,False,False,,False,,14.0,8.0,,False,19.2,0.0,54.2,Pleasant,6.78,106.67,6.87,100.15,,,,199252.93,70346.4,False
2023-02-23,4,Thursday,8,2,February,1,2023,23,False,False,False,False,False,,False,,13.0,9.0,,False,18.1,0.0,55.1,Pleasant,6.75,106.83,6.86,100.18,,,,129761.28,61173.57,False
2023-02-24,5,Friday,8,2,February,1,2023,24,False,False,False,False,False,,False,,12.0,10.0,,False,22.9,0.0,42.4,Pleasant,6.74,106.67,6.87,100.21,,,,114001.18,88204.09,False
2023-02-25,6,Saturday,8,2,February,1,2023,25,True,False,False,False,False,,False,,11.0,11.0,,False,22.1,0.0,63.4,Pleasant,6.76,106.51,6.86,100.19,,,,160341.59,96807.2,False
2023-02-26,7,Sunday,8,2,February,1,2023,26,True,False,False,False,False,,False,,10.0,12.0,,False,22.3,0.0,45.8,Pleasant,6.75,106.7,6.85,100.23,,,,160994.32,95233.29,False
2023-02-27,1,Monday,9,2,February,1,2023,27,False,False,False,False,False,,False,,9.0,13.0,,False,21.4,0.0,,Pleasant,6.73,106.99,6.86,100.15,,,,163717.95,67556.52,False
2023-02-28,2,Tuesday,9,2,February,1,2023,28,False,False,True,False,False,,False,,8.0,14.0,,False,23.1,0.0,53.7,Pleasant,6.72,106.87,6.85,100.26,,,,138509.86,65967.33,False
2023-03-01,3,Wednesday,9,3,March,1,2023,1,False,True,False,False,False,,False,,7.0,15.0,,False,20.8,0.0,63.6,Pleasant,6.72,106.65,6.86,100.26,,,,107850.14,91675.61,False
2023-03-02,4,Thursday,9,3,March,1,2023,2,False,False,False,False,False,,False,,6.0,16.0,,False,22.1,0.0,48.0,Pleasant,6.73,,6.86,100.29,,,,131315.79,91785.3,False
2023-03-03,5,Friday,9,3,March,1,2023,3,False,False,False,False,False,,False,,5.0,17.0,,False,21.9,0.0,58.0,Pleasant,6.73,106.94,6.88,100.15,,,,135430.15,83347.84,False
2023-03-04,6,Saturday,9,3,March,1,2023,4,True,False,False,False,False,,False,,4.0,18.0,,False,23.9,5.0,56.2,Light Rain,6.72,107.1,6.89,100.25,,,,187550.18,92029.41,False
2023-03-05,7,Sunday,9,3,March,1,2023,5,True,False,False,False,False,,False,,3.0,19.0,,False,25.0,0.0,53.3,Pleasant,6.71,107.37,6.88,100.1,,,,207646.43,109489.83,False
2023-03-06,1,Monday,10,3,March,1,2023,6,False,False,False,False,False,,False,,2.0,20.0,,False,26.1,0.0,64.2,Pleasant,6.7,107.53,6.87,100.0,,,,135949.37,56620.23,False
2023-03-07,2,Tuesday,10,3,March,1,2023,7,False,False,False,False,False,,False,,1.0,21.0,,False,24.0,0.0,51.8,Pleasant,6.7,107.38,6.86,100.0,,,,143746.41,75223.88,False
2023-03-08,3,Wednesday,10,3,March,1,2023,8,False,False,False,False,False,Holi,True,Festival,0.0,0.0,,False,24.8,0.0,58.8,Pleasant,6.72,107.38,6.86,99.94,,,,145297.49,80631.67,False
2023-03-09,4,Thursday,10,3,March,1,2023,9,False,False,False,False,False,,False,,,1.0,,False,23.7,0.0,51.0,Pleasant,6.74,107.64,6.87,99.92,,,,149935.38,65961.89,False
2023-03-10,5,Friday,10,3,March,1,2023,10,False,False,False,False,False,,False,,,2.0,,False,22.7,0.0,39.6,Pleasant,6.76,107.52,6.88,99.89,,,,179189.7,64836.97,False
2023-03-11,6,Saturday,10,3,March,1,2023,11,True,False,False,False,False,,False,,,3.0,,False,20.5,0.0,55.4,Pleasant,6.76,107.52,6.87,99.91,,,,159532.69,119984.69,False
2023-03-12,7,Sunday,10,3,March,1,2023,12,True,False,False,False,False,,False,,,4.0,,False,20.8,0.0,66.0,Pleasant,6.75,107.66,6.87,99.85,,,,158275.78,104980.11,False
2023-03-13,1,Monday,11,3,March,1,2023,13,False,False,False,False,False,,False,,,5.0,,False,23.2,0.0,63.3,Pleasant,6.73,107.69,6.87,99.72,,,,153315.81,66811.37,False
2023-03-14,2,Tuesday,11,3,March,1,2023,14,False,False,False,False,False,,False,,,6.0,,False,21.9,0.0,57.3,Pleasant,6.74,107.64,6.87,99.64,,,,134866.88,58668.29,False
2023-03-15,3,Wednesday,11,3,March,1,2023,15,False,False,False,False,False,,False,,,7.0,,False,22.3,0.0,61.3,Pleasant,6.75,107.68,6.86,99.7,,,,164658.65,64568.31,False
2023-03-16,4,Thursday,11,3,March,1,2023,16,False,False,False,False,False,,False,,,8.0,,False,22.6,0.0,52.4,Pleasant,6.74,107.98,6.88,99.62,,,,156100.55,67251.43,False
2023-03-17,5,Friday,11,3,March,1,2023,17,False,False,False,False,False,,False,,,9.0,,False,21.3,0.0,49.3,Pleasant,6.75,108.06,6.87,99.7,,,,142470.83,61438.12,False
2023-03-18,6,Saturday,11,3,March,1,2023,18,True,False,False,False,False,,False,,,10.0,,False,20.6,0.0,48.3,Pleasant,6.75,108.1,6.88,99.62,,,,112616.35,91083.76,False
2023-03-19,7,Sunday,11,3,March,1,2023,19,True,False,False,False,False,,False,,,11.0,,False,20.3,0.0,71.5,Pleasant,6.73,108.19,6.87,99.8,,,,168683.71,94961.69,False
2023-03-20,1,Monday,12,3,March,1,2023,20,False,False,False,False,False,,False,,,12.0,,False,21.8,3.0,47.2,Light Rain,6.72,108.14,6.87,99.81,,,,121362.87,63899.9,False
2023-03-21,2,Tuesday,12,3,March,1,2023,21,False,False,False,False,False,,False,,,13.0,,False,25.6,0.0,65.5,Pleasant,6.71,108.18,6.86,99.68,,,,126305.77,78372.94,False
2023-03-22,3,Wednesday,12,3,March,1,2023,22,False,False,False,False,False,,False,,,14.0,,False,27.3,0.0,49.7,Pleasant,6.7,107.99,6.86,99.72,,,,142426.26,,False
2023-03-23,4,Thursday,12,3,March,1,2023,23,False,False,False,False,False,,False,,30.0,15.0,,False,27.5,0.0,58.0,Pleasant,6.7,108.0,6.86,99.67,,,,83600.22,71153.9,False
2023-03-24,5,Friday,12,3,March,1,2023,24,False,False,False,False,False,,False,,29.0,16.0,,False,27.4,0.0,66.7,Pleasant,6.72,108.25,6.85,99.64,,,,145319.12,79083.78,False
2023-03-25,6,Saturday,12,3,March,1,2023,25,True,False,False,False,False,,False,,28.0,17.0,,False,29.0,0.0,53.1,Pleasant,6.68,108.2,6.86,99.68,,,,243104.5,98551.55,False
2023-03-26,7,Sunday,12,3,March,1,2023,26,True,False,False,False,False,,False,,27.0,18.0,,False,27.9,0.0,56.7,Pleasant,6.71,108.0,6.85,99.68,,,,169121.04,101536.11,False
2023-03-27,1,Monday,13,3,March,1,2023,27,False,False,False,False,False,,False,,26.0,19.0,,False,27.2,0.0,54.5,Pleasant,6.71,108.2,6.84,99.58,,,,106887.58,66293.65,False
2023-03-28,2,Tuesday,13,3,March,1,2023,28,False,False,False,False,False,,False,,25.0,20.0,,False,27.4,0.0,57.1,Pleasant,6.71,107.92,6.83,99.6,,,,112295.55,64208.36,False
2023-03-29,3,Wednesday,13,3,March,1,2023,29,False,False,False,False,False,,False,,24.0,21.0,,False,26.9,0.0,47.4,Pleasant,6.68,107.86,6.83,99.65,,,,125852.22,66886.37,False
2023-03-30,4,Thursday,13,3,March,1,2023,30,False,False,False,False,False,,False,,23.0,22.0,,False,26.6,13.6,59.3,Light Rain,6.66,107.86,6.81,99.65,,,,121357.11,75343.2,False
2023-03-31,5,Friday,13,3,March,1,2023,31,False,False,True,False,True,,False,,22.0,23.0,,False,28.7,0.0,41.4,Pleasant,6.68,108.15,6.81,99.52,,,,105253.87,79585.44,False
2023-04-01,6,Saturday,13,4,April,2,2023,1,True,True,False,True,False,,False,,21.0,24.0,,False,30.7,0.0,43.5,Pleasant,6.71,107.93,6.8,99.48,,,,160706.92,96633.43,False
2023-04-02,7,Sunday,13,4,April,2,2023,2,True,False,False,False,False,,False,,20.0,25.0,,False,28.9,0.0,63.4,Pleasant,6.73,108.13,6.8,99.37,,,,183606.75,92327.62,False
2023-04-03,1,Monday,14,4,April,2,2023,3,False,False,False,False,False,,False,,19.0,26.0,,False,29.2,0.0,58.3,Pleasant,6.71,108.24,6.82,99.38,,,,140100.06,76298.31,False
2023-04-04,2,Tuesday,14,4,April,2,2023,4,False,False,False,False,False,,False,,18.0,27.0,,False,29.8,0.0,56.3,Pleasant,6.7,108.48,6.8,99.44,,,,120734.09,,False
2023-04-05,3,Wednesday,14,4,April,2,2023,5,False,False,False,False,False,,False,,17.0,28.0,,False,28.4,0.0,46.2,Pleasant,6.68,108.67,6.8,99.4,,,,117944.24,69069.76,False
2023-04-06,4,Thursday,14,4,April,2,2023,6,False,False,False,False,False,,False,,16.0,29.0,,False,28.6,0.0,48.9,Pleasant,6.65,108.65,6.8,99.44,,,,117599.34,64032.43,False
2023-04-07,5,Friday,14,4,April,2,2023,7,False,False,False,False,False,,False,,15.0,30.0,,False,29.3,0.0,43.1,Pleasant,6.65,108.59,6.81,99.49,,,,128222.08,57251.0,False
2023-04-08,6,Saturday,14,4,April,2,2023,8,True,False,False,False,False,,False,,14.0,,,False,28.5,0.0,55.3,Pleasant,6.67,108.53,6.81,99.45,,,,160951.24,89141.13,False
2023-04-09,7,Sunday,14,4,April,2,2023,9,True,False,False,False,False,,False,,13.0,,,False,28.7,0.0,55.0,Pleasant,6.69,108.42,6.8,99.48,,,,230032.67,103655.64,False
2023-04-10,1,Monday,15,4,April,2,2023,10,False,False,False,False,False,,False,,12.0,,,False,27.7,0.0,63.6,Pleasant,6.7,108.69,6.8,99.3,,,,151172.88,,False
2023-04-11,2,Tuesday,15,4,April,2,2023,11,False,False,False,False,False,,False,,11.0,,,False,27.3,0.0,44.2,Pleasant,6.7,108.85,6.81,99.34,,,,165279.31,65238.11,False
2023-04-12,3,Wednesday,15,4,April,2,2023,12,False,False,False,False,False,,False,,10.0,,,False,27.3,0.0,58.4,Pleasant,6.69,108.95,6.81,99.44,,,,111101.59,63745.09,False
2023-04-13,4,Thursday,15,4,April,2,2023,13,False,False,False,False,False,,False,,9.0,,,False,28.1,0.0,44.4,Pleasant,6.7,109.04,6.81,99.47,,,,129213.18,79892.66,False
2023-04-14,5,Friday,15,4,April,2,2023,14,False,False,False,False,False,,False,,8.0,,,False,28.2,0.0,53.2,Pleasant,6.7,109.09,6.81,99.57,,,,110897.17,52650.63,False
2023-04-15,6,Saturday,15,4,April,2,2023,15,True,False,False,False,False,,False,,7.0,,,False,29.4,0.0,63.2,Pleasant,6.7,109.05,6.81,99.68,,,,174122.78,94347.7,False
2023-04-16,7,Sunday,15,4,April,2,2023,16,True,False,False,False,False,,False,,6.0,,,False,28.5,0.0,53.9,Pleasant,6.69,109.01,6.81,99.84,,,,196963.26,99172.07,False
2023-04-17,1,Monday,16,4,April,2,2023,17,False,False,False,False,False,,False,,5.0,,,False,28.5,0.0,37.7,Pleasant,6.68,109.03,6.81,99.75,,,,154127.05,64219.1,False
2023-04-18,2,Tuesday,16,4,April,2,2023,18,False,False,False,False,False,,False,,4.0,,,False,30.9,0.0,55.5,Pleasant,6.67,108.93,6.81,99.79,,,,155729.35,62752.28,False
2023-04-19,3,Wednesday,16,4,April,2,2023,19,False,False,False,False,False,,False,,3.0,,,False,29.8,0.0,65.5,Pleasant,6.66,108.87,6.81,99.81,,,,160777.18,60383.78,False
2023-04-20,4,Thursday,16,4,April,2,2023,20,False,False,False,False,False,,False,,2.0,,,False,31.0,4.8,43.6,Light Rain,6.66,109.08,6.82,99.9,,,,133170.34,71111.44,False
2023-04-21,5,Friday,16,4,April,2,2023,21,False,False,False,False,False,,False,,1.0,,,False,30.5,0.0,53.8,Pleasant,6.64,109.03,6.82,99.96,,,,157646.99,95118.95,False
2023-04-22,6,Saturday,16,4,April,2,2023,22,True,False,False,False,False,Eid al-Fitr,True,Religious,0.0,0.0,,False,32.1,0.0,64.2,Pleasant,6.63,108.88,6.83,99.93,,,,182151.34,84167.86,False
2023-04-23,7,Sunday,16,4,April,2,2023,23,True,False,False,False,False,,False,,21.0,1.0,,False,32.1,0.0,62.8,Pleasant,6.65,108.85,6.84,99.98,,,,214667.98,111163.34,False
2023-04-24,1,Monday,17,4,April,2,2023,24,False,False,False,False,False,,False,,20.0,2.0,,False,31.0,0.0,54.6,Pleasant,6.67,108.83,6.86,100.09,,,,141813.96,75714.95,False
2023-04-25,2,Tuesday,17,4,April,2,2023,25,False,False,False,False,False,,False,,19.0,3.0,,False,32.0,0.0,63.3,Pleasant,6.65,108.63,6.88,100.12,,,,132693.23,63996.27,False
2023-04-26,3,Wednesday,17,4,April,2,2023,26,False,False,False,False,False,,False,,18.0,4.0,,False,30.7,0.2,58.0,Pleasant,6.64,108.79,6.89,100.13,,,,125981.98,63932.32,False
2023-04-27,4,Thursday,17,4,April,2,2023,27,False,False,False,False,False,,False,,17.0,5.0,,False,30.4,0.0,55.6,Pleasant,6.66,108.57,6.89,100.12,,,,143292.2,77983.39,False
2023-04-28,5,Friday,17,4,April,2,2023,28,False,False,False,False,False,,False,,16.0,6.0,,False,32.5,0.0,61.3,Pleasant,6.65,108.19,6.91,100.12,,,,133722.66,84383.61,False
2023-04-29,6,Saturday,17,4,April,2,2023,29,True,False,False,False,False,,False,,15.0,7.0,,False,33.4,0.0,,Pleasant,6.66,108.16,6.89,100.13,,,,154835.16,75965.22,False
2023-04-30,7,Sunday,17,4,April,2,2023,30,True,False,True,False,False,,False,,14.0,8.0,,False,33.6,,45.5,Pleasant,6.66,107.94,6.87,100.11,,,,205166.85,93903.5,False
2023-05-01,1,Monday,18,5,May,2,2023,1,False,True,False,False,False,,False,,13.0,9.0,,False,34.1,0.0,59.0,Pleasant,6.65,107.8,6.87,100.13,,,,133172.68,67526.69,False
2023-05-02,2,Tuesday,18,5,May,2,2023,2,False,False,False,False,False,,False,,12.0,10.0,,False,33.4,0.0,45.4,Pleasant,6.64,108.07,6.88,100.22,,,,142593.2,68766.63,False
2023-05-03,3,Wednesday,18,5,May,2,2023,3,False,False,False,False,False,,False,,11.0,11.0,,False,34.7,0.0,64.2,Pleasant,6.64,108.19,6.87,100.33,,,,144567.98,77138.59,False
2023-05-04,4,Thursday,18,5,May,2,2023,4,False,False,False,False,False,,False,,10.0,12.0,,False,33.7,0.0,60.7,Pleasant,6.61,108.38,6.86,100.39,,,,126361.84,69613.8,False
2023-05-05,5,Friday,18,5,May,2,2023,5,False,False,False,False,False,,False,,9.0,13.0,,False,34.1,0.9,57.4,Pleasant,6.62,108.25,6.86,100.34,,,,132154.45,81410.06,False
2023-05-06,6,Saturday,18,5,May,2,2023,6,True,False,False,False,False,,False,,8.0,14.0,,False,35.7,0.0,53.8,Hot,6.62,108.11,6.86,100.28,,,,195296.49,77175.18,False
2023-05-07,7,Sunday,18,5,May,2,2023,7,True,False,False,False,False,,False,,7.0,15.0,,False,37.2,0.0,59.6,Hot,6.63,108.01,6.84,100.29,,,,146770.22,104725.63,False
2023-05-08,1,Monday,19,5,May,2,2023,8,False,False,False,False,False,,False,,6.0,16.0,,False,36.6,0.0,55.8,Hot,6.65,108.01,6.85,100.31,,,,128883.37,81521.85,False
2023-05-09,2,Tuesday,19,5,May,2,2023,9,False,False,False,False,False,,False,,5.0,17.0,,False,38.1,0.0,55.9,Hot,6.66,107.85,6.84,100.26,,,,127472.06,78596.97,False
2023-05-10,3,Wednesday,19,5,May,2,2023,10,False,False,False,False,False,,False,,4.0,18.0,,False,36.2,0.0,42.8,Hot,6.65,107.6,6.85,100.25,,,,158977.97,84061.52,False
2023-05-11,4,Thursday,19,5,May,2,2023,11,False,False,False,False,False,,False,,3.0,19.0,,False,36.5,0.0,55.9,Hot,6.64,107.27,6.85,100.2,,,,118745.24,63701.95,False
2023-05-12,5,Friday,19,5,May,2,2023,12,False,False,False,False,False,,False,,2.0,20.0,,False,36.2,0.0,46.9,Hot,6.61,107.43,6.86,100.25,,,,133825.7,55241.47,False
2023-05-13,6,Saturday,19,5,May,2,2023,13,True,False,False,False,False,,False,,1.0,21.0,,False,37.6,0.0,50.0,Hot,6.62,107.59,6.88,100.32,,,,194525.83,86953.93,False
2023-05-14,7,Sunday,19,5,May,2,2023,14,True,False,False,False,False,Mother's Day,True,Commercial,0.0,0.0,,False,36.5,0.0,49.7,Hot,6.63,107.61,6.88,100.26,,,,183128.34,85585.77,False
2023-05-15,1,Monday,20,5,May,2,2023,15,False,False,False,False,False,,False,,,1.0,,False,36.8,0.0,60.5,Hot,6.63,107.89,6.87,100.38,,,,201075.3,69996.97,False
2023-05-16,2,Tuesday,20,5,May,2,2023,16,False,False,False,False,False,,False,,,2.0,,False,39.0,0.5,63.5,Hot,6.64,108.04,6.88,100.47,,,,136633.58,59786.54,False
2023-05-17,3,Wednesday,20,5,May,2,2023,17,False,False,False,False,False,,False,,,3.0,,False,37.4,0.0,48.4,Hot,6.64,108.02,6.87,100.47,,,,133413.79,81084.15,False
2023-05-18,4,Thursday,20,5,May,2,2023,18,False,False,False,False,False,,False,,,4.0,,False,37.3,0.0,44.1,Hot,6.64,107.95,6.86,100.6,,,,113963.46,79311.33,False
2023-05-19,5,Friday,20,5,May,2,2023,19,False,False,False,False,False,,False,,30.0,5.0,,False,38.0,0.0,52.1,Hot,6.59,108.06,6.85,100.64,,,,138311.86,84294.04,False
2023-05-20,6,Saturday,20,5,May,2,2023,20,True,False,False,False,False,,False,,29.0,6.0,,False,38.2,0.0,74.8,Hot,6.58,107.75,6.86,100.68,,,,197670.83,83958.64,False
2023-05-21,7,Sunday,20,5,May,2,2023,21,True,False,False,False,False,,False,,28.0,7.0,,False,37.8,0.0,52.4,Hot,6.6,107.68,6.87,100.67,,,,184741.32,86849.4,False
2023-05-22,1,Monday,21,5,May,2,2023,22,False,False,False,False,False,,False,,27.0,8.0,,False,38.9,0.0,49.4,Hot,6.6,107.87,6.87,100.61,,,,125899.19,60037.23,False
2023-05-23,2,Tuesday,21,5,May,2,2023,23,False,False,False,False,False,,False,,26.0,9.0,,False,40.0,0.0,62.5,Hot,6.62,107.83,6.88,100.61,,,,148037.89,49515.81,False
2023-05-24,3,Wednesday,21,5,May,2,2023,24,False,False,False,False,False,,False,,25.0,10.0,,False,39.0,0.0,49.2,Hot,6.62,107.65,6.88,100.45,,,,135648.13,62866.6,False
2023-05-25,4,Thursday,21,5,May,2,2023,25,False,False,False,False,False,,False,,24.0,11.0,,False,40.4,0.0,59.8,Hot,6.56,107.58,6.87,100.53,,,,160130.07,71222.27,False
2023-05-26,5,Friday,21,5,May,2,2023,26,False,False,False,False,False,,False,,23.0,12.0,,False,39.6,0.0,54.5,Hot,6.58,107.67,6.86,100.49,,,,,65418.77,False
2023-05-27,6,Saturday,21,5,May,2,2023,27,True,False,False,False,False,,False,,22.0,13.0,,False,38.0,0.0,55.8,Hot,6.57,107.47,6.85,100.57,,,,171710.18,105755.15,False
2023-05-28,7,Sunday,21,5,May,2,2023,28,True,False,False,False,False,,False,,21.0,14.0,,False,36.5,0.0,56.5,Hot,6.57,107.21,6.87,100.58,,,,181274.07,102946.48,False
2023-05-29,1,Monday,22,5,May,2,2023,29,False,False,False,False,False,,False,,20.0,15.0,,False,35.6,0.0,62.2,Hot,6.58,107.32,6.86,100.58,,,,151521.77,65797.39,False
2023-05-30,2,Tuesday,22,5,May,2,2023,30,False,False,False,False,False,,False,,19.0,16.0,,False,37.8,0.0,67.0,Hot,6.55,107.56,6.86,100.54,,,,136227.91,85998.61,False
2023-05-31,3,Wednesday,22,5,May,2,2023,31,False,False,True,False,False,,False,,18.0,17.0,,False,38.4,0.0,64.2,Hot,6.58,107.75,6.87,100.57,,,,153158.8,56917.34,False
2023-06-01,4,Thursday,22,6,June,2,2023,1,False,True,False,False,False,,False,,17.0,18.0,,False,38.0,1.3,76.6,Hot,6.56,107.69,6.88,100.55,,,,142269.28,90828.57,False
2023-06-02,5,Friday,22,6,June,2,2023,2,False,False,False,False,False,,False,,16.0,19.0,,False,38.4,26.6,80.2,Heavy Rain,6.59,107.67,6.89,100.53,,,,132868.38,77150.62,False
2023-06-03,6,Saturday,22,6,June,2,2023,3,True,False,False,False,False,,False,,15.0,20.0,,False,37.5,0.5,85.6,Hot,6.57,107.76,6.89,100.44,,,,172314.47,59723.74,False
2023-06-04,7,Sunday,22,6,June,2,2023,4,True,False,False,False,False,,False,,14.0,21.0,,False,39.0,9.9,75.1,Light Rain,6.54,107.7,6.9,100.49,,,,169989.37,80295.47,False
2023-06-05,1,Monday,23,6,June,2,2023,5,False,False,False,False,False,,False,,13.0,22.0,,False,38.5,4.0,62.0,Light Rain,6.52,107.83,6.9,100.45,,,,142751.23,67109.91,False
2023-06-06,2,Tuesday,23,6,June,2,2023,6,False,False,False,False,False,,False,,12.0,23.0,,False,38.5,27.5,61.5,Heavy Rain,6.53,107.71,6.91,100.5,,,,139463.38,74660.53,False
2023-06-07,3,Wednesday,23,6,June,2,2023,7,False,False,False,False,False,,False,,11.0,24.0,,False,36.5,2.3,77.6,Light Rain,6.56,107.61,6.9,100.45,,,,124419.48,71758.14,False
2023-06-08,4,Thursday,23,6,June,2,2023,8,False,False,False,False,False,,False,,10.0,25.0,,False,35.2,22.6,92.8,Heavy Rain,6.56,107.62,6.88,100.47,,,,100351.22,78661.66,False
2023-06-09,5,Friday,23,6,June,2,2023,9,False,False,False,False,False,,False,,9.0,26.0,,False,35.2,16.0,82.3,Heavy Rain,6.58,107.79,6.89,100.43,,,,116399.34,77665.36,False
2023-06-10,6,Saturday,23,6,June,2,2023,10,True,False,False,False,False,,False,,8.0,27.0,,False,36.4,8.7,82.4,Light Rain,6.6,107.7,6.88,100.32,,,,167646.16,85776.55,False
2023-06-11,7,Sunday,23,6,June,2,2023,11,True,False,False,False,False,,False,,7.0,28.0,,False,35.3,27.3,68.9,Heavy Rain,6.61,107.68,6.88,100.33,,,,177864.19,102594.17,False
2023-06-12,1,Monday,24,6,June,2,2023,12,False,False,False,False,False,,False,,6.0,29.0,,False,36.9,9.6,70.3,Light Rain,6.61,107.77,6.89,100.24,,,,152273.42,57703.06,False
2023-06-13,2,Tuesday,24,6,June,2,2023,13,False,False,False,False,False,,False,,5.0,30.0,,False,37.5,22.0,66.6,Heavy Rain,6.63,107.82,6.87,100.3,,,,127442.38,57940.53,False
2023-06-14,3,Wednesday,24,6,June,2,2023,14,False,False,False,False,False,,False,,4.0,,,False,37.9,7.9,77.1,Light Rain,6.68,,6.87,100.3,,,,147342.08,75125.22,False
2023-06-15,4,Thursday,24,6,June,2,2023,15,False,False,False,False,False,,False,,3.0,,,False,37.2,19.3,70.6,Heavy Rain,6.68,,6.88,100.13,,,,165151.81,70677.21,False
2023-06-16,5,Friday,24,6,June,2,2023,16,False,False,False,False,False,,False,,2.0,,,False,37.5,34.4,66.8,Heavy Rain,6.64,107.93,6.89,100.08,,,,118521.95,74002.91,False
2023-06-17,6,Saturday,24,6,June,2,2023,17,True,False,False,False,False,,False,,1.0,,,False,36.5,7.0,78.1,Light Rain,6.62,107.86,6.88,99.97,,,,172742.73,65664.0,False
2023-06-18,7,Sunday,24,6,June,2,2023,18,True,False,False,False,False,Father's Day,True,Commercial,0.0,0.0,,False,35.5,8.8,72.7,Light Rain,6.64,107.87,6.89,99.94,,,,161829.76,111730.11,False
2023-06-19,1,Monday,25,6,June,2,2023,19,False,False,False,False,False,,False,,,1.0,,False,34.3,28.4,79.9,Heavy Rain,6.62,107.93,6.89,99.81,,,,125824.77,76202.17,False
2023-06-20,2,Tuesday,25,6,June,2,2023,20,False,False,False,False,False,,False,,,2.0,,False,36.5,16.1,74.3,Heavy Rain,6.59,107.78,6.89,99.81,,,,153676.44,71427.23,False
2023-06-21,3,Wednesday,25,6,June,2,2023,21,False,False,False,False,False,,False,,,3.0,,False,37.6,11.9,94.0,Light Rain,6.57,107.8,6.89,99.84,,,,148990.37,61398.0,False
2023-06-22,4,Thursday,25,6,June,2,2023,22,False,False,False,False,False,,False,,,4.0,,False,37.9,15.4,77.4,Heavy Rain,6.6,107.88,6.89,99.85,,,,181158.7,63597.41,False
2023-06-23,5,Friday,25,6,June,2,2023,23,False,False,False,False,False,,False,,,5.0,,False,39.2,7.6,69.6,Light Rain,6.6,107.85,6.88,99.8,,,,120095.77,58997.77,False
2023-06-24,6,Saturday,25,6,June,2,2023,24,True,False,False,False,False,,False,,,6.0,,False,38.1,16.4,82.1,Heavy Rain,6.59,107.85,6.85,99.81,,,,169044.57,97842.99,False
2023-06-25,7,Sunday,25,6,June,2,2023,25,True,False,False,False,False,,False,,,7.0,,False,39.0,11.5,77.5,Light Rain,6.61,107.98,6.85,99.76,,,,172251.77,75917.25,False
2023-06-26,1,Monday,26,6,June,2,2023,26,False,False,False,False,False,,False,,,8.0,,False,36.1,17.1,79.9,Heavy Rain,6.59,107.97,6.84,99.67,,,,148977.13,50834.36,False
2023-06-27,2,Tuesday,26,6,June,2,2023,27,False,False,False,False,False,,False,,,9.0,,False,36.2,53.4,80.0,Heavy Rain,6.6,107.93,6.83,99.79,,,,135337.43,63594.03,False
2023-06-28,3,Wednesday,26,6,June,2,2023,28,False,False,False,False,False,,False,,,10.0,,False,37.5,12.5,69.8,Light Rain,6.59,107.87,6.85,99.84,,,,145124.2,,False
2023-06-29,4,Thursday,26,6,June,2,2023,29,False,False,False,False,False,,False,,,11.0,,False,38.0,5.6,71.1,Light Rain,6.59,107.87,6.85,99.81,,,,159641.89,73700.07,False
2023-06-30,5,Friday,26,6,June,2,2023,30,False,False,True,False,True,,False,,,12.0,,False,37.0,18.3,78.0,Heavy Rain,6.61,107.8,6.85,99.82,,,,140917.0,91024.46,False
2023-07-01,6,Saturday,26,7,July,3,2023,1,True,True,False,True,False,,False,,,13.0,End of Season Sale - Summer,False,37.6,,70.8,Light Rain,6.66,107.71,6.84,99.86,End of Season Sale - Summer,Clearance,Low,220491.13,112101.87,True
2023-07-02,7,Sunday,26,7,July,3,2023,2,True,False,False,False,False,,False,,,14.0,End of Season Sale - Summer,False,37.4,7.7,57.9,Light Rain,6.65,107.81,6.86,99.87,End of Season Sale - Summer,Clearance,Low,256514.62,107721.9,True
2023-07-03,1,Monday,27,7,July,3,2023,3,False,False,False,False,False,,False,,,15.0,End of Season Sale - Summer,False,39.2,52.1,72.6,Heavy Rain,6.66,108.04,6.84,99.94,End of Season Sale - Summer,Clearance,Low,162267.94,82867.94,True
2023-07-04,2,Tuesday,27,7,July,3,2023,4,False,False,False,False,False,,False,,,16.0,End of Season Sale - Summer,False,39.1,21.5,86.5,Heavy Rain,6.63,108.06,6.85,99.96,End of Season Sale - Summer,Clearance,Low,206119.03,91841.06,True
2023-07-05,3,Wednesday,27,7,July,3,2023,5,False,False,False,False,False,,False,,,17.0,End of Season Sale - Summer,False,38.3,1.2,63.2,Hot,6.65,107.9,6.86,100.0,End of Season Sale - Summer,Clearance,Low,180413.71,101842.99,True
2023-07-06,4,Thursday,27,7,July,3,2023,6,False,False,False,False,False,,False,,,18.0,End of Season Sale - Summer,False,37.4,20.8,63.6,Heavy Rain,6.61,107.87,6.87,100.07,End of Season Sale - Summer,Clearance,Low,,99597.38,True
2023-07-07,5,Friday,27,7,July,3,2023,7,False,False,False,False,False,,False,,,19.0,End of Season Sale - Summer,False,38.5,11.3,73.9,Light Rain,6.62,107.8,6.91,100.12,End of Season Sale - Summer,Clearance,Low,180288.78,99314.84,True
2023-07-08,6,Saturday,27,7,July,3,2023,8,True,False,False,False,False,,False,,,20.0,End of Season Sale - Summer,False,36.8,4.5,80.2,Light Rain,6.6,107.57,6.91,100.06,End of Season Sale - Summer,Clearance,Low,269882.83,91611.43,True
2023-07-09,7,Sunday,27,7,July,3,2023,9,True,False,False,False,False,,False,,,21.0,End of Season Sale - Summer,False,38.4,5.5,75.4,Light Rain,6.57,107.48,6.9,99.91,End of Season Sale - Summer,Clearance,Low,202214.82,121543.09,True
2023-07-10,1,Monday,28,7,July,3,2023,10,False,False,False,False,False,,False,,,22.0,End of Season Sale - Summer,False,35.6,3.6,82.2,Light Rain,6.59,107.7,6.89,99.96,End of Season Sale - Summer,Clearance,Low,186699.94,77315.34,True
2023-07-11,2,Tuesday,28,7,July,3,2023,11,False,False,False,False,False,,False,,,23.0,End of Season Sale - Summer,False,36.7,13.1,66.3,Light Rain,6.56,107.78,6.9,99.94,End of Season Sale - Summer,Clearance,Low,173650.11,84568.84,True
2023-07-12,3,Wednesday,28,7,July,3,2023,12,False,False,False,False,False,,False,,,24.0,End of Season Sale - Summer,False,37.7,15.3,75.6,Heavy Rain,6.57,107.68,6.89,99.91,End of Season Sale - Summer,Clearance,Low,194891.12,86616.62,True
2023-07-13,4,Thursday,28,7,July,3,2023,13,False,False,False,False,False,,False,,,25.0,End of Season Sale - Summer,False,37.4,14.1,,Light Rain,6.61,107.5,6.89,99.86,End of Season Sale - Summer,Clearance,Low,184464.39,96636.09,True
2023-07-14,5,Friday,28,7,July,3,2023,14,False,False,False,False,False,,False,,,26.0,End of Season Sale - Summer,False,40.0,,76.7,Heavy Rain,6.62,107.4,6.9,99.87,End of Season Sale - Summer,Clearance,Low,172511.19,83687.17,True
2023-07-15,6,Saturday,28,7,July,3,2023,15,True,False,False,False,False,,False,,,27.0,End of Season Sale - Summer,False,39.9,12.1,81.9,Light Rain,6.59,107.08,6.9,99.83,End of Season Sale - Summer,Clearance,Low,205808.54,107145.94,True
2023-07-16,7,Sunday,28,7,July,3,2023,16,True,False,False,False,False,,False,,30.0,28.0,,False,40.7,11.1,81.2,Light Rain,6.56,107.15,6.91,99.72,,,,145610.7,88475.2,False
2023-07-17,1,Monday,29,7,July,3,2023,17,False,False,False,False,False,,False,,29.0,29.0,,False,38.8,39.6,88.6,Heavy Rain,6.53,107.02,6.92,99.75,,,,143229.27,86963.47,False
2023-07-18,2,Tuesday,29,7,July,3,2023,18,False,False,False,False,False,,False,,28.0,30.0,,False,40.3,46.0,82.1,Heavy Rain,6.52,107.24,6.89,99.72,,,,135734.36,64991.5,False
2023-07-19,3,Wednesday,29,7,July,3,2023,19,False,False,False,False,False,,False,,27.0,,,False,41.1,3.5,65.5,Light Rain,6.52,107.1,6.9,99.77,,,,95751.88,47699.06,False
2023-07-20,4,Thursday,29,7,July,3,2023,20,False,False,False,False,False,,False,,26.0,,,False,40.7,18.0,74.8,Heavy Rain,6.5,107.22,6.89,99.73,,,,150239.45,70634.24,False
2023-07-21,5,Friday,29,7,July,3,2023,21,False,False,False,False,False,,False,,25.0,,,False,40.6,18.3,77.0,Heavy Rain,6.48,107.44,6.91,99.8,,,,186573.16,78555.77,False
2023-07-22,6,Saturday,29,7,July,3,2023,22,True,False,False,False,False,,False,,24.0,,,False,41.1,25.9,82.1,Heavy Rain,6.48,107.72,6.89,99.71,,,,159399.75,111660.78,False
2023-07-23,7,Sunday,29,7,July,3,2023,23,True,False,False,False,False,,False,,23.0,,,False,39.2,6.6,78.8,Light Rain,6.48,107.9,6.89,99.76,,,,156791.15,97425.41,False
2023-07-24,1,Monday,30,7,July,3,2023,24,False,False,False,False,False,,False,,22.0,,,False,41.9,11.5,82.9,Light Rain,6.46,107.83,6.89,99.78,,,,111363.1,85211.99,False
2023-07-25,2,Tuesday,30,7,July,3,2023,25,False,False,False,False,False,,False,,21.0,,,False,40.2,15.5,74.8,Heavy Rain,6.41,108.03,6.88,99.83,,,,137105.95,67965.84,False
2023-07-26,3,Wednesday,30,7,July,3,2023,26,False,False,False,False,False,,False,,20.0,,,False,39.5,39.8,70.5,Heavy Rain,6.42,107.66,6.87,99.77,,,,132655.54,55729.14,False
2023-07-27,4,Thursday,30,7,July,3,2023,27,False,False,False,False,False,,False,,19.0,,,False,39.3,10.5,75.2,Light Rain,6.42,107.56,6.88,99.82,,,,171762.12,68453.41,False
2023-07-28,5,Friday,30,7,July,3,2023,28,False,False,False,False,False,,False,,18.0,,,False,38.5,17.6,74.8,Heavy Rain,6.39,107.38,6.87,99.76,,,,149376.91,73962.37,False
2023-07-29,6,Saturday,30,7,July,3,2023,29,True,False,False,False,False,,False,,17.0,,,False,38.0,10.9,82.5,Light Rain,6.4,107.34,6.89,99.68,,,,136131.57,72521.53,False
2023-07-30,7,Sunday,30,7,July,3,2023,30,True,False,False,False,False,,False,,16.0,,,False,38.6,14.5,56.5,Light Rain,6.39,107.19,6.87,99.75,,,,181179.68,108953.45,False
2023-07-31,1,Monday,31,7,July,3,2023,31,False,False,True,False,False,,False,,15.0,,,False,37.5,20.2,80.1,Heavy Rain,6.39,107.28,6.87,99.69,,,,140778.75,71921.55,False
2023-08-01,2,Tuesday,31,8,August,3,2023,1,False,True,False,False,False,,False,,14.0,,,False,35.9,12.3,85.0,Light Rain,6.39,106.94,6.88,99.8,,,,135490.39,61170.98,False
2023-08-02,3,Wednesday,31,8,August,3,2023,2,False,False,False,False,False,,False,,13.0,,,False,35.9,15.9,70.1,Heavy Rain,6.42,107.08,6.87,99.86,,,,137775.05,77535.47,False
2023-08-03,4,Thursday,31,8,August,3,2023,3,False,False,False,False,False,,False,,12.0,,,False,36.0,14.1,71.8,Light Rain,6.41,107.05,6.86,99.89,,,,144452.66,53206.31,False
2023-08-04,5,Friday,31,8,August,3,2023,4,False,False,False,False,False,,False,,11.0,,,False,36.6,13.1,80.6,Light Rain,6.41,107.14,6.85,99.98,,,,181228.62,76962.07,False
2023-08-05,6,Saturday,31,8,August,3,2023,5,True,False,False,False,False,,False,,10.0,,,False,35.3,22.3,88.3,Heavy Rain,6.41,106.97,6.84,99.94,,,,200323.25,89825.95,False
2023-08-06,7,Sunday,31,8,August,3,2023,6,True,False,False,False,False,,False,,9.0,,,False,35.3,10.4,75.4,Light Rain,6.41,107.21,6.85,99.91,,,,174420.33,105871.99,False
2023-08-07,1,Monday,32,8,August,3,2023,7,False,False,False,False,False,,False,,8.0,,,False,35.4,7.1,63.7,Light Rain,6.37,107.07,6.83,99.9,,,,141488.93,67577.29,False
2023-08-08,2,Tuesday,32,8,August,3,2023,8,False,False,False,False,False,,False,,7.0,,,False,34.3,5.3,59.6,Light Rain,6.38,107.11,6.83,99.93,,,,108036.86,80606.39,False
2023-08-09,3,Wednesday,32,8,August,3,2023,9,False,False,False,False,False,,False,,6.0,,,False,34.8,29.0,77.3,Heavy Rain,6.38,,6.82,99.93,,,,124041.1,74303.64,False
2023-08-10,4,Thursday,32,8,August,3,2023,10,False,False,False,False,False,,False,,5.0,,Independence Day Sale,False,35.1,9.4,81.4,Light Rain,6.36,106.85,6.84,99.93,Independence Day Sale,National Sale,Medium,260372.05,126534.68,True
2023-08-11,5,Friday,32,8,August,3,2023,11,False,False,False,False,False,,False,,4.0,,Independence Day Sale,False,35.6,3.2,68.3,Light Rain,6.35,107.0,6.85,99.97,Independence Day Sale,National Sale,Medium,278695.34,121962.81,True
2023-08-12,6,Saturday,32,8,August,3,2023,12,True,False,False,False,False,,False,,3.0,,Independence Day Sale,False,34.2,3.0,79.5,Light Rain,6.35,106.8,6.84,100.0,Independence Day Sale,National Sale,Medium,324235.64,177014.59,True
2023-08-13,7,Sunday,32,8,August,3,2023,13,True,False,False,False,False,,False,,2.0,,Independence Day Sale,False,34.1,7.4,75.1,Light Rain,6.38,107.1,6.83,100.03,Independence Day Sale,National Sale,Medium,304805.17,165689.6,True
2023-08-14,1,Monday,33,8,August,3,2023,14,False,False,False,False,False,,False,,1.0,,Independence Day Sale,False,30.4,7.9,86.7,Light Rain,6.38,107.17,6.83,99.95,Independence Day Sale,National Sale,Medium,265181.83,137439.09,True
2023-08-15,2,Tuesday,33,8,August,3,2023,15,False,False,False,False,False,Independence Day,True,National,0.0,0.0,Independence Day Sale,False,31.3,20.0,79.7,Heavy Rain,6.37,106.93,6.83,99.91,Independence Day Sale,National Sale,Medium,268153.0,140212.98,True
2023-08-16,3,Wednesday,33,8,August,3,2023,16,False,False,False,False,False,,False,,14.0,1.0,Independence Day Sale,False,31.7,26.7,77.4,Heavy Rain,6.35,107.07,6.84,99.97,Independence Day Sale,National Sale,Medium,269376.99,138346.38,True
2023-08-17,4,Thursday,33,8,August,3,2023,17,False,False,False,False,False,,False,,13.0,2.0,,False,34.1,9.0,72.8,Light Rain,6.32,107.17,6.85,100.0,,,,127986.1,77163.68,False
2023-08-18,5,Friday,33,8,August,3,2023,18,False,False,False,False,False,,False,,12.0,3.0,,False,33.3,19.0,80.5,Heavy Rain,6.36,107.08,6.84,99.89,,,,140065.26,87672.26,False
2023-08-19,6,Saturday,33,8,August,3,2023,19,True,False,False,False,False,,False,,11.0,4.0,,False,31.6,10.3,73.2,Light Rain,6.35,107.03,6.83,99.9,,,,207329.15,100903.18,False
2023-08-20,7,Sunday,33,8,August,3,2023,20,True,False,False,False,False,,False,,10.0,5.0,,False,29.5,32.9,84.4,Heavy Rain,6.33,106.95,6.84,100.01,,,,155636.95,94349.56,False
2023-08-21,1,Monday,34,8,August,3,2023,21,False,False,False,False,False,,False,,9.0,6.0,,False,30.7,10.4,71.3,Light Rain,6.35,106.71,6.84,99.98,,,,139558.36,60945.38,False
2023-08-22,2,Tuesday,34,8,August,3,2023,22,False,False,False,False,False,,False,,8.0,7.0,,False,27.4,36.7,78.7,Heavy Rain,6.36,106.77,6.84,99.99,,,,170342.71,64081.74,False
2023-08-23,3,Wednesday,34,8,August,3,2023,23,False,False,False,False,False,,False,,7.0,8.0,,False,27.6,44.7,77.3,Heavy Rain,6.35,106.87,6.85,100.0,,,,121087.64,60809.98,False
2023-08-24,4,Thursday,34,8,August,3,2023,24,False,False,False,False,False,,False,,6.0,9.0,,False,28.8,12.9,70.9,Light Rain,6.36,106.86,6.86,100.11,,,,134599.79,73695.41,False
2023-08-25,5,Friday,34,8,August,3,2023,25,False,False,False,False,False,,False,,5.0,10.0,,False,30.0,15.7,58.4,Heavy Rain,6.36,106.71,6.85,100.14,,,,152689.47,65708.47,False
2023-08-26,6,Saturday,34,8,August,3,2023,26,True,False,False,False,False,,False,,4.0,11.0,,False,29.7,10.9,87.6,Light Rain,6.4,106.68,6.87,100.18,,,,151935.49,102672.23,False
2023-08-27,7,Sunday,34,8,August,3,2023,27,True,False,False,False,False,,False,,3.0,12.0,,False,30.8,15.3,70.4,Heavy Rain,6.35,106.68,6.87,100.12,,,,147006.61,108113.32,False
2023-08-28,1,Monday,35,8,August,3,2023,28,False,False,False,False,False,,False,,2.0,13.0,,False,28.8,22.6,85.0,Heavy Rain,6.32,106.7,6.88,100.11,,,,110902.08,49834.11,False
2023-08-29,2,Tuesday,35,8,August,3,2023,29,False,False,False,False,False,,False,,1.0,14.0,,False,28.4,26.9,75.6,Heavy Rain,6.34,106.85,6.89,100.06,,,,155574.7,59716.14,False
2023-08-30,3,Wednesday,35,8,August,3,2023,30,False,False,False,False,False,Raksha Bandhan,True,Festival,0.0,0.0,,False,29.0,23.6,74.3,Heavy Rain,6.36,,6.9,100.06,,,,147272.57,70639.0,False
2023-08-31,4,Thursday,35,8,August,3,2023,31,False,False,True,False,False,,False,,,1.0,,False,29.3,22.9,75.5,Heavy Rain,6.38,107.13,6.9,100.0,,,,148951.6,69323.75,False
2023-09-01,5,Friday,35,9,September,3,2023,1,False,True,False,False,False,,False,,,2.0,,False,29.8,27.3,81.1,Heavy Rain,6.37,106.9,6.89,100.01,,,,144901.76,84504.05,False
2023-09-02,6,Saturday,35,9,September,3,2023,2,True,False,False,False,False,,False,,,3.0,,False,30.1,34.7,66.7,Heavy Rain,6.39,106.74,6.88,99.98,,,,190023.96,105186.67,False
2023-09-03,7,Sunday,35,9,September,3,2023,3,True,False,False,False,False,,False,,,4.0,,False,29.8,25.5,62.4,Heavy Rain,6.36,106.49,6.88,99.85,,,,142725.71,79289.47,False
2023-09-04,1,Monday,36,9,September,3,2023,4,False,False,False,False,False,,False,,,5.0,,False,30.6,19.9,76.7,Heavy Rain,6.36,106.9,6.86,99.73,,,,100349.52,55299.67,False
2023-09-05,2,Tuesday,36,9,September,3,2023,5,False,False,False,False,False,,False,,,6.0,,False,29.7,25.3,72.8,Heavy Rain,6.36,106.93,6.85,99.77,,,,138440.22,72218.12,False
2023-09-06,3,Wednesday,36,9,September,3,2023,6,False,False,False,False,False,,False,,,7.0,,False,29.9,19.6,67.9,Heavy Rain,6.37,106.69,6.83,99.75,,,,147544.66,74493.89,False
2023-09-07,4,Thursday,36,9,September,3,2023,7,False,False,False,False,False,,False,,,8.0,,False,29.8,23.2,70.3,Heavy Rain,6.36,106.57,6.83,99.78,,,,145294.77,70648.9,False
2023-09-08,5,Friday,36,9,September,3,2023,8,False,False,False,False,False,,False,,,9.0,,False,32.0,13.6,84.2,Light Rain,6.39,106.43,6.82,99.85,,,,162270.94,78325.05,False
2023-09-09,6,Saturday,36,9,September,3,2023,9,True,False,False,False,False,,False,,,10.0,,False,30.4,20.7,65.8,Heavy Rain,6.42,106.24,6.82,99.89,,,,187390.05,75148.35,False
2023-09-10,7,Sunday,36,9,September,3,2023,10,True,False,False,False,False,,False,,,11.0,,False,28.9,19.6,87.6,Heavy Rain,6.42,106.5,6.82,99.96,,,,190408.85,90327.34,False
2023-09-11,1,Monday,37,9,September,3,2023,11,False,False,False,False,False,,False,,,12.0,,False,26.8,19.5,77.4,Heavy Rain,6.41,106.35,6.81,99.95,,,,157454.56,65837.27,False
2023-09-12,2,Tuesday,37,9,September,3,2023,12,False,False,False,False,False,,False,,,13.0,,False,25.6,6.1,61.7,Light Rain,6.4,106.25,6.81,100.05,,,,157671.5,84083.07,False
2023-09-13,3,Wednesday,37,9,September,3,2023,13,False,False,False,False,False,,False,,,14.0,,False,26.0,15.4,60.7,Heavy Rain,6.37,106.18,6.81,100.18,,,,137058.23,53605.54,False
2023-09-14,4,Thursday,37,9,September,3,2023,14,False,False,False,False,False,,False,,,15.0,,False,25.7,18.3,70.7,Heavy Rain,6.38,106.19,6.81,100.18,,,,138488.16,83490.78,False
2023-09-15,5,Friday,37,9,September,3,2023,15,False,False,False,False,False,,False,,,16.0,,False,27.0,15.6,74.3,Heavy Rain,6.37,106.24,6.82,100.33,,,,144721.09,74136.92,False
2023-09-16,6,Saturday,37,9,September,3,2023,16,True,False,False,False,False,,False,,,17.0,,False,29.3,6.0,84.9,Light Rain,6.38,106.24,6.81,100.33,,,,161607.77,103900.83,False
2023-09-17,7,Sunday,37,9,September,3,2023,17,True,False,False,False,False,,False,,,18.0,,False,29.1,10.7,67.2,Light Rain,6.36,106.35,6.81,100.27,,,,160658.23,87086.42,False
2023-09-18,1,Monday,38,9,September,3,2023,18,False,False,False,False,False,,False,,,19.0,,False,27.4,15.6,78.9,Heavy Rain,6.36,106.4,6.81,100.29,,,,147240.65,77232.96,False
2023-09-19,2,Tuesday,38,9,September,3,2023,19,False,False,False,False,False,,False,,,20.0,,False,27.4,9.8,85.1,Light Rain,6.36,106.41,6.82,100.33,,,,154089.39,61083.25,False
2023-09-20,3,Wednesday,38,9,September,3,2023,20,False,False,False,False,False,,False,,,21.0,,False,25.8,16.4,61.1,Heavy Rain,6.32,106.5,6.83,100.27,,,,158307.08,71897.14,False
2023-09-21,4,Thursday,38,9,September,3,2023,21,False,False,False,False,False,,False,,,22.0,,False,25.1,12.5,77.3,Light Rain,6.31,106.33,6.82,100.29,,,,162542.45,63414.82,False
2023-09-22,5,Friday,38,9,September,3,2023,22,False,False,False,False,False,,False,,,23.0,,False,24.0,16.3,72.0,Heavy Rain,6.34,106.22,6.83,100.33,,,,105455.86,75272.93,False
2023-09-23,6,Saturday,38,9,September,3,2023,23,True,False,False,False,False,,False,,,24.0,,False,24.0,11.6,75.1,Light Rain,6.33,106.23,6.84,100.41,,,,208596.03,101292.7,False
2023-09-24,7,Sunday,38,9,September,3,2023,24,True,False,False,False,False,,False,,30.0,25.0,,False,24.7,11.4,82.7,Light Rain,6.32,106.26,6.83,100.43,,,,215728.85,88686.89,False
2023-09-25,1,Monday,39,9,September,3,2023,25,False,False,False,False,False,,False,,29.0,26.0,,False,25.7,11.8,71.3,Light Rain,6.27,106.31,6.83,100.47,,,,174306.88,79223.56,False
2023-09-26,2,Tuesday,39,9,September,3,2023,26,False,False,False,False,False,,False,,28.0,27.0,,False,25.9,7.8,64.6,Light Rain,6.26,106.24,6.84,100.48,,,,150923.19,52252.18,False
2023-09-27,3,Wednesday,39,9,September,3,2023,27,False,False,False,False,False,,False,,27.0,28.0,,False,24.8,26.6,65.4,Heavy Rain,6.26,106.15,6.84,100.51,,,,120120.99,69606.43,False
2023-09-28,4,Thursday,39,9,September,3,2023,28,False,False,False,False,False,,False,,26.0,29.0,,False,26.1,11.0,70.7,Light Rain,6.27,106.23,6.84,100.51,,,,174296.21,53464.7,False
2023-09-29,5,Friday,39,9,September,3,2023,29,False,False,False,False,False,,False,,25.0,30.0,,False,26.6,24.7,62.4,Heavy Rain,6.26,106.43,6.83,100.52,,,,142543.93,69212.27,False
2023-09-30,6,Saturday,39,9,September,3,2023,30,True,False,True,False,True,,False,,24.0,,,False,28.0,16.4,77.3,Heavy Rain,6.27,106.28,6.83,100.48,,,,145727.54,78102.36,False
2023-10-01,7,Sunday,39,10,October,4,2023,1,True,True,False,True,False,,False,,23.0,,,False,27.6,0.0,42.2,Pleasant,6.29,106.23,6.8,100.42,,,,117658.13,81698.55,False
2023-10-02,1,Monday,40,10,October,4,2023,2,False,False,False,False,False,,False,,22.0,,,False,29.5,0.0,57.1,Pleasant,6.27,106.06,6.8,100.43,,,,165790.89,70535.3,False
2023-10-03,2,Tuesday,40,10,October,4,2023,3,False,False,False,False,False,,False,,21.0,,,False,29.0,0.0,38.6,Pleasant,6.27,106.21,6.8,100.5,,,,121175.57,67344.24,False
2023-10-04,3,Wednesday,40,10,October,4,2023,4,False,False,False,False,False,,False,,20.0,,,False,27.2,,59.6,Pleasant,6.29,106.15,6.79,100.47,,,,136164.64,65529.85,False
2023-10-05,4,Thursday,40,10,October,4,2023,5,False,False,False,False,False,,False,,19.0,,,False,24.7,0.0,62.7,Pleasant,6.31,106.27,6.8,100.45,,,,132004.14,73105.11,False
2023-10-06,5,Friday,40,10,October,4,2023,6,False,False,False,False,False,,False,,18.0,,,False,21.9,0.0,61.9,Pleasant,6.28,106.54,6.8,100.41,,,,139762.48,64878.42,False
2023-10-07,6,Saturday,40,10,October,4,2023,7,True,False,False,False,False,,False,,17.0,,,False,23.8,0.0,55.9,Pleasant,6.27,106.63,6.81,100.41,,,,167095.08,69927.46,False
2023-10-08,7,Sunday,40,10,October,4,2023,8,True,False,False,False,False,,False,,16.0,,,False,21.7,0.0,42.4,Pleasant,6.25,106.9,6.81,100.45,,,,165037.74,108039.77,False
2023-10-09,1,Monday,41,10,October,4,2023,9,False,False,False,False,False,,False,,15.0,,,False,21.9,0.0,63.9,Pleasant,6.26,107.18,6.8,100.43,,,,150823.87,69344.19,False
2023-10-10,2,Tuesday,41,10,October,4,2023,10,False,False,False,False,False,,False,,14.0,,,False,22.4,0.0,52.9,Pleasant,6.26,107.11,6.79,100.32,,,,150414.22,84696.68,False
2023-10-11,3,Wednesday,41,10,October,4,2023,11,False,False,False,False,False,,False,,13.0,,,False,22.2,0.0,44.8,Pleasant,6.26,107.09,6.8,100.33,,,,151616.23,85459.03,False
2023-10-12,4,Thursday,41,10,October,4,2023,12,False,False,False,False,False,,False,,12.0,,,False,20.6,0.0,58.3,Pleasant,6.25,107.15,6.78,100.27,,,,134949.76,51493.1,False
2023-10-13,5,Friday,41,10,October,4,2023,13,False,False,False,False,False,,False,,11.0,,,False,23.3,0.0,64.9,Pleasant,6.26,107.29,6.78,100.26,,,,98122.66,79674.59,False
2023-10-14,6,Saturday,41,10,October,4,2023,14,True,False,False,False,False,,False,,10.0,,,False,22.4,0.0,48.5,Pleasant,6.27,107.05,6.77,100.13,,,,167034.68,88901.14,False
2023-10-15,7,Sunday,41,10,October,4,2023,15,True,False,False,False,False,,False,,9.0,,,False,19.0,3.9,66.4,Light Rain,6.29,107.22,6.76,100.07,,,,188359.51,96619.47,False
2023-10-16,1,Monday,42,10,October,4,2023,16,False,False,False,False,False,,False,,8.0,,,False,18.8,,47.2,Pleasant,6.28,107.27,6.77,100.1,,,,158031.5,70631.99,False
2023-10-17,2,Tuesday,42,10,October,4,2023,17,False,False,False,False,False,,False,,7.0,,,False,19.8,0.0,47.8,Pleasant,6.3,107.36,6.78,100.13,,,,126022.14,65448.91,False
2023-10-18,3,Wednesday,42,10,October,4,2023,18,False,False,False,False,False,,False,,6.0,,Festival Sale - Dussehra,False,20.0,0.0,48.4,Pleasant,6.29,107.28,6.77,100.06,Festival Sale - Dussehra,Festival Sale,Medium,245735.59,119265.3,True
2023-10-19,4,Thursday,42,10,October,4,2023,19,False,False,False,False,False,,False,,5.0,,Festival Sale - Dussehra,False,21.5,0.0,54.2,Pleasant,6.3,107.26,6.77,100.13,Festival Sale - Dussehra,Festival Sale,Medium,271241.23,123590.05,True
2023-10-20,5,Friday,42,10,October,4,2023,20,False,False,False,False,False,,False,,4.0,,Festival Sale - Dussehra,False,19.4,0.0,59.1,Pleasant,6.27,107.21,6.77,100.04,Festival Sale - Dussehra,Festival Sale,Medium,276134.1,123221.73,True
2023-10-21,6,Saturday,42,10,October,4,2023,21,True,False,False,False,False,,False,,3.0,,Festival Sale - Dussehra,False,17.6,0.0,58.1,Pleasant,6.3,107.25,6.77,100.03,Festival Sale - Dussehra,Festival Sale,Medium,365971.72,178750.42,True
2023-10-22,7,Sunday,42,10,October,4,2023,22,True,False,False,False,False,,False,,2.0,,Festival Sale - Dussehra,False,16.3,0.0,,Pleasant,6.29,107.31,6.78,99.98,Festival Sale - Dussehra,Festival Sale,Medium,357585.62,163933.37,True
2023-10-23,1,Monday,43,10,October,4,2023,23,False,False,False,False,False,,False,,1.0,,Diwali Mega Sale,True,18.4,0.0,54.3,Pleasant,6.32,107.37,6.8,100.01,Diwali Mega Sale,Festival Sale,High,408430.74,173998.74,True
2023-10-24,2,Tuesday,43,10,October,4,2023,24,False,False,False,False,False,Dussehra,True,Festival,0.0,0.0,Diwali Mega Sale,True,18.7,0.0,46.5,Pleasant,6.32,107.15,6.79,100.09,Diwali Mega Sale,Festival Sale,High,374924.94,176510.74,True
2023-10-25,3,Wednesday,43,10,October,4,2023,25,False,False,False,False,False,,False,,18.0,1.0,Diwali Mega Sale,True,18.5,0.0,67.1,Pleasant,6.32,107.17,6.8,100.08,Diwali Mega Sale,Festival Sale,High,371162.74,184714.86,True
2023-10-26,4,Thursday,43,10,October,4,2023,26,False,False,False,False,False,,False,,17.0,2.0,Diwali Mega Sale,True,20.1,0.0,55.6,Pleasant,6.32,107.06,6.8,100.07,Diwali Mega Sale,Festival Sale,High,334293.18,176964.62,True
2023-10-27,5,Friday,43,10,October,4,2023,27,False,False,False,False,False,,False,,16.0,3.0,Diwali Mega Sale,True,18.3,,49.7,Pleasant,6.32,107.16,6.81,100.12,Diwali Mega Sale,Festival Sale,High,347459.04,185162.63,True
2023-10-28,6,Saturday,43,10,October,4,2023,28,True,False,False,False,False,,False,,15.0,4.0,Diwali Mega Sale,True,16.9,0.0,60.6,Pleasant,6.31,107.17,6.82,100.16,Diwali Mega Sale,Festival Sale,High,453067.25,224260.79,True
2023-10-29,7,Sunday,43,10,October,4,2023,29,True,False,False,False,False,,False,,14.0,5.0,Diwali Mega Sale,True,15.3,0.0,50.3,Pleasant,6.31,107.25,6.8,100.12,Diwali Mega Sale,Festival Sale,High,458351.63,212825.15,True
2023-10-30,1,Monday,44,10,October,4,2023,30,False,False,False,False,False,,False,,13.0,6.0,Diwali Mega Sale,True,15.9,0.0,57.5,Pleasant,6.32,107.34,6.8,100.13,Diwali Mega Sale,Festival Sale,High,367511.23,192246.72,True
2023-10-31,2,Tuesday,44,10,October,4,2023,31,False,False,True,False,False,,False,,12.0,7.0,Diwali Mega Sale,True,14.3,0.0,48.9,Cold,6.32,107.49,6.8,100.14,Diwali Mega Sale,Festival Sale,High,349185.82,184862.71,True
2023-11-01,3,Wednesday,44,11,November,4,2023,1,False,True,False,False,False,,False,,11.0,8.0,Diwali Mega Sale,True,15.6,0.0,59.6,Pleasant,6.31,107.18,6.8,100.16,Diwali Mega Sale,Festival Sale,High,372214.39,182882.2,True
2023-11-02,4,Thursday,44,11,November,4,2023,2,False,False,False,False,False,,False,,10.0,9.0,Diwali Mega Sale,True,16.1,4.3,49.1,Light Rain,6.31,107.16,6.81,100.22,Diwali Mega Sale,Festival Sale,High,366098.5,177729.44,True
2023-11-03,5,Friday,44,11,November,4,2023,3,False,False,False,False,False,,False,,9.0,10.0,Diwali Mega Sale,True,18.5,0.0,53.9,Pleasant,6.35,107.24,6.81,100.22,Diwali Mega Sale,Festival Sale,High,387614.53,211145.75,True
2023-11-04,6,Saturday,44,11,November,4,2023,4,True,False,False,False,False,,False,,8.0,11.0,Diwali Mega Sale,True,18.5,7.0,57.7,Light Rain,6.33,107.29,6.8,100.27,Diwali Mega Sale,Festival Sale,High,462138.75,240535.96,True
2023-11-05,7,Sunday,44,11,November,4,2023,5,True,False,False,False,False,,False,,7.0,12.0,Diwali Mega Sale,True,18.2,0.0,39.3,Pleasant,6.34,107.32,6.81,100.19,Diwali Mega Sale,Festival Sale,High,502895.38,225327.13,True
2023-11-06,1,Monday,45,11,November,4,2023,6,False,False,False,False,False,,False,,6.0,13.0,Diwali Mega Sale,True,18.3,0.0,53.3,Pleasant,6.33,,6.8,100.26,Diwali Mega Sale,Festival Sale,High,340704.12,183121.48,True
2023-11-07,2,Tuesday,45,11,November,4,2023,7,False,False,False,False,False,,False,,5.0,14.0,Diwali Mega Sale,True,15.9,0.0,44.3,Pleasant,6.31,107.06,6.81,100.18,Diwali Mega Sale,Festival Sale,High,361819.66,187330.94,True
2023-11-08,3,Wednesday,45,11,November,4,2023,8,False,False,False,False,False,,False,,4.0,15.0,Diwali Mega Sale,True,16.2,0.0,58.4,Pleasant,6.33,107.39,6.82,100.08,Diwali Mega Sale,Festival Sale,High,390234.6,192445.35,True
2023-11-09,4,Thursday,45,11,November,4,2023,9,False,False,False,False,False,,False,,3.0,16.0,Diwali Mega Sale,True,16.7,0.0,63.7,Pleasant,6.33,107.21,6.82,100.12,Diwali Mega Sale,Festival Sale,High,352726.02,175444.91,True
2023-11-10,5,Friday,45,11,November,4,2023,10,False,False,False,False,False,,False,,2.0,17.0,Diwali Mega Sale,True,15.2,0.0,46.8,Pleasant,6.32,107.11,6.83,100.18,Diwali Mega Sale,Festival Sale,High,411066.34,174975.98,True
2023-11-11,6,Saturday,45,11,November,4,2023,11,True,False,False,False,False,,False,,1.0,18.0,Diwali Mega Sale,True,14.4,0.0,44.4,Cold,6.31,107.21,6.83,100.23,Diwali Mega Sale,Festival Sale,High,448849.76,228040.39,True
2023-11-12,7,Sunday,45,11,November,4,2023,12,True,False,False,False,False,Diwali,True,Festival,0.0,0.0,Diwali Mega Sale,True,14.8,0.0,63.7,Cold,6.34,107.23,6.82,100.21,Diwali Mega Sale,Festival Sale,High,468564.1,213986.01,True
2023-11-13,1,Monday,46,11,November,4,2023,13,False,False,False,False,False,,False,,,1.0,Diwali Mega Sale,True,14.2,0.0,57.4,Cold,6.34,107.09,6.83,100.22,Diwali Mega Sale,Festival Sale,High,361713.56,188937.15,True
2023-11-14,2,Tuesday,46,11,November,4,2023,14,False,False,False,False,False,,False,,,2.0,Diwali Mega Sale,True,15.1,0.0,49.9,Pleasant,6.31,107.19,6.83,100.27,Diwali Mega Sale,Festival Sale,High,349863.7,170059.86,True
2023-11-15,3,Wednesday,46,11,November,4,2023,15,False,False,False,False,False,,False,,,3.0,Diwali Mega Sale,True,16.7,0.0,43.8,Pleasant,6.33,107.08,6.84,100.3,Diwali Mega Sale,Festival Sale,High,351852.33,179710.12,True
2023-11-16,4,Thursday,46,11,November,4,2023,16,False,False,False,False,False,,False,,,4.0,,False,16.3,0.0,60.3,Pleasant,6.33,107.19,6.82,100.34,,,,140791.01,58653.29,False
2023-11-17,5,Friday,46,11,November,4,2023,17,False,False,False,False,False,,False,,,5.0,,False,18.4,0.0,47.8,Pleasant,6.31,107.28,6.84,100.37,,,,131533.88,88521.62,False
2023-11-18,6,Saturday,46,11,November,4,2023,18,True,False,False,False,False,,False,,,6.0,,False,16.9,0.0,60.4,Pleasant,6.31,107.2,6.83,100.37,,,,216760.31,89452.66,False
2023-11-19,7,Sunday,46,11,November,4,2023,19,True,False,False,False,False,,False,,,7.0,,False,15.5,0.0,63.2,Pleasant,6.31,107.38,6.83,100.48,,,,177923.18,80719.58,False
2023-11-20,1,Monday,47,11,November,4,2023,20,False,False,False,False,False,,False,,,8.0,,False,15.0,0.0,,Cold,6.3,107.31,6.82,100.45,,,,173599.48,68249.73,False
2023-11-21,2,Tuesday,47,11,November,4,2023,21,False,False,False,False,False,,False,,,9.0,,False,14.0,0.0,49.1,Cold,6.3,107.19,6.83,100.4,,,,134831.79,84938.05,False
2023-11-22,3,Wednesday,47,11,November,4,2023,22,False,False,False,False,False,,False,,,10.0,,False,14.3,0.0,53.5,Cold,6.32,107.5,6.82,100.43,,,,117643.26,69657.62,False
2023-11-23,4,Thursday,47,11,November,4,2023,23,False,False,False,False,False,,False,,,11.0,,False,13.8,0.5,59.5,Cold,6.32,107.69,6.82,100.44,,,,122349.2,55881.83,False
2023-11-24,5,Friday,47,11,November,4,2023,24,False,False,False,False,False,,False,,,12.0,Black Friday,True,14.3,0.0,,Cold,6.35,107.77,6.84,100.43,Black Friday,Flash Sale,High,352990.92,206786.57,True
2023-11-25,6,Saturday,47,11,November,4,2023,25,True,False,False,False,False,,False,,30.0,13.0,Black Friday,True,14.2,0.0,48.7,Cold,6.35,107.9,6.82,100.34,Black Friday,Flash Sale,High,449212.67,229225.16,True
2023-11-26,7,Sunday,47,11,November,4,2023,26,True,False,False,False,False,,False,,29.0,14.0,Black Friday,True,14.5,0.0,49.1,Cold,6.33,107.74,6.82,100.31,Black Friday,Flash Sale,High,438904.56,218289.35,True
2023-11-27,1,Monday,48,11,November,4,2023,27,False,False,False,False,False,,False,,28.0,15.0,Cyber Monday,True,13.6,0.0,56.5,Cold,6.34,107.54,6.82,100.29,Cyber Monday,Flash Sale,High,380201.54,174175.8,True
2023-11-28,2,Tuesday,48,11,November,4,2023,28,False,False,False,False,False,,False,,27.0,16.0,,False,13.5,0.0,57.3,Cold,6.32,107.4,6.81,100.48,,,,162984.96,73536.61,False
2023-11-29,3,Wednesday,48,11,November,4,2023,29,False,False,False,False,False,,False,,26.0,17.0,,False,14.2,0.0,47.2,Cold,6.33,107.4,6.82,100.48,,,,151275.93,71171.0,False
2023-11-30,4,Thursday,48,11,November,4,2023,30,False,False,True,False,False,,False,,25.0,18.0,,False,14.9,0.0,63.6,Cold,6.32,107.37,6.81,100.48,,,,149480.65,70775.54,False
2023-12-01,5,Friday,48,12,December,4,2023,1,False,True,False,False,False,,False,,24.0,19.0,,False,12.5,1.4,49.9,Cold,6.32,107.5,6.82,100.57,,,,106256.38,59121.9,False
2023-12-02,6,Saturday,48,12,December,4,2023,2,True,False,False,False,False,,False,,23.0,20.0,,False,11.6,0.0,60.6,Cold,6.31,107.42,6.82,100.65,,,,221235.26,81435.64,False
2023-12-03,7,Sunday,48,12,December,4,2023,3,True,False,False,False,False,,False,,22.0,21.0,,False,13.5,0.0,67.6,Cold,6.36,107.5,6.83,100.49,,,,195264.29,67203.18,False
2023-12-04,1,Monday,49,12,December,4,2023,4,False,False,False,False,False,,False,,21.0,22.0,,False,13.1,0.0,42.4,Cold,6.4,107.42,6.84,100.46,,,,154492.23,63961.94,False
2023-12-05,2,Tuesday,49,12,December,4,2023,5,False,False,False,False,False,,False,,20.0,23.0,,False,13.4,0.0,62.6,Cold,6.42,107.37,6.83,100.4,,,,124604.31,72471.9,False
2023-12-06,3,Wednesday,49,12,December,4,2023,6,False,False,False,False,False,,False,,19.0,24.0,,False,14.0,0.0,64.2,Cold,6.44,107.43,6.84,100.38,,,,165839.68,62402.89,False
2023-12-07,4,Thursday,49,12,December,4,2023,7,False,False,False,False,False,,False,,18.0,25.0,,False,13.1,0.0,43.6,Cold,6.43,107.21,6.83,100.59,,,,105793.09,80331.76,False
2023-12-08,5,Friday,49,12,December,4,2023,8,False,False,False,False,False,,False,,17.0,26.0,,False,12.7,0.0,43.2,Cold,6.44,107.15,6.83,100.69,,,,111494.9,47702.05,False
2023-12-09,6,Saturday,49,12,December,4,2023,9,True,False,False,False,False,,False,,16.0,27.0,,False,13.3,0.0,56.3,Cold,6.47,107.32,6.83,100.65,,,,184192.24,105523.62,False
2023-12-10,7,Sunday,49,12,December,4,2023,10,True,False,False,False,False,,False,,15.0,28.0,,False,14.2,0.0,58.2,Cold,6.47,107.45,6.83,100.75,,,,191413.26,92899.31,False
2023-12-11,1,Monday,50,12,December,4,2023,11,False,False,False,False,False,,False,,14.0,29.0,,False,12.1,0.0,53.8,Cold,6.46,107.74,6.82,100.69,,,,157098.02,48989.04,False
2023-12-12,2,Tuesday,50,12,December,4,2023,12,False,False,False,False,False,,False,,13.0,30.0,,False,12.8,0.0,32.9,Cold,6.43,107.72,6.82,100.67,,,,120496.12,70328.21,False
2023-12-13,3,Wednesday,50,12,December,4,2023,13,False,False,False,False,False,,False,,12.0,,,False,13.5,0.0,67.7,Cold,6.45,107.57,6.82,100.61,,,,142301.88,80378.5,False
2023-12-14,4,Thursday,50,12,December,4,2023,14,False,False,False,False,False,,False,,11.0,,,False,15.5,0.0,49.9,Pleasant,6.42,107.32,6.83,100.59,,,,128803.24,88830.52,False
2023-12-15,5,Friday,50,12,December,4,2023,15,False,False,False,False,False,,False,,10.0,,,False,14.3,3.9,,Light Rain,6.49,107.38,6.81,100.56,,,,137710.79,76230.6,False
2023-12-16,6,Saturday,50,12,December,4,2023,16,True,False,False,False,False,,False,,9.0,,,False,14.1,0.0,,Cold,6.51,107.29,6.8,100.49,,,,118144.49,106635.57,False
2023-12-17,7,Sunday,50,12,December,4,2023,17,True,False,False,False,False,,False,,8.0,,,False,14.4,0.0,56.4,Cold,6.53,107.23,6.79,100.56,,,,118345.6,85206.14,False
2023-12-18,1,Monday,51,12,December,4,2023,18,False,False,False,False,False,,False,,7.0,,,False,15.7,0.0,54.4,Pleasant,6.53,107.21,6.79,100.55,,,,169100.23,75152.57,False
2023-12-19,2,Tuesday,51,12,December,4,2023,19,False,False,False,False,False,,False,,6.0,,,False,17.2,0.0,52.1,Pleasant,6.53,107.54,6.78,100.61,,,,120105.79,75812.31,False
2023-12-20,3,Wednesday,51,12,December,4,2023,20,False,False,False,False,False,,False,,5.0,,,False,15.9,0.0,48.2,Pleasant,6.51,107.56,6.79,100.64,,,,121512.2,74695.1,False
2023-12-21,4,Thursday,51,12,December,4,2023,21,False,False,False,False,False,,False,,4.0,,,False,12.3,0.0,73.0,Cold,6.47,107.51,6.8,100.75,,,,166343.29,65431.81,False
2023-12-22,5,Friday,51,12,December,4,2023,22,False,False,False,False,False,,False,,3.0,,,False,14.8,0.0,52.4,Cold,6.47,107.38,6.8,100.83,,,,115777.41,82719.65,False
2023-12-23,6,Saturday,51,12,December,4,2023,23,True,False,False,False,False,,False,,2.0,,,False,15.0,0.0,50.4,Pleasant,6.48,107.36,6.8,100.74,,,,181195.98,85065.12,False
2023-12-24,7,Sunday,51,12,December,4,2023,24,True,False,False,False,False,,False,,1.0,,,False,15.8,0.0,54.5,Pleasant,6.47,107.27,6.79,100.78,,,,140614.85,70083.67,False
2023-12-25,1,Monday,52,12,December,4,2023,25,False,False,False,False,False,Christmas,True,National,0.0,0.0,,False,15.6,0.0,57.6,Pleasant,6.47,107.59,6.8,100.74,,,,143392.31,80486.94,False
2023-12-26,2,Tuesday,52,12,December,4,2023,26,False,False,False,False,False,,False,,6.0,1.0,New Year Sale,False,14.7,0.0,52.1,Cold,6.47,107.63,6.77,100.82,New Year Sale,Seasonal Sale,Medium,263638.41,130228.21,True
2023-12-27,3,Wednesday,52,12,December,4,2023,27,False,False,False,False,False,,False,,5.0,2.0,New Year Sale,False,14.7,0.0,65.4,Cold,6.47,107.75,6.75,100.93,New Year Sale,Seasonal Sale,Medium,255096.57,128316.42,True
2023-12-28,4,Thursday,52,12,December,4,2023,28,False,False,False,False,False,,False,,4.0,3.0,New Year Sale,False,13.2,0.0,57.7,Cold,6.4,107.93,6.74,100.88,New Year Sale,Seasonal Sale,Medium,250407.68,144832.29,True
2023-12-29,5,Friday,52,12,December,4,2023,29,False,False,False,False,False,,False,,3.0,4.0,New Year Sale,False,13.6,0.0,44.0,Cold,6.39,108.04,6.73,100.71,New Year Sale,Seasonal Sale,Medium,234729.25,120715.43,True
2023-12-30,6,Saturday,52,12,December,4,2023,30,True,False,False,False,False,,False,,2.0,5.0,New Year Sale,False,13.4,0.0,59.1,Cold,6.38,108.11,6.73,100.71,New Year Sale,Seasonal Sale,Medium,294915.41,169327.78,True
2023-12-31,7,Sunday,52,12,December,4,2023,31,True,False,True,False,True,,False,,1.0,6.0,New Year Sale,False,13.1,0.0,42.8,Cold,6.4,107.92,6.73,100.64,New Year Sale,Seasonal Sale,Medium,296451.49,170232.07,True
2024-01-01,1,Monday,1,1,January,1,2024,1,False,True,False,True,False,New Year,True,National,0.0,0.0,New Year Sale,False,11.4,0.0,71.1,Cold,6.41,107.67,6.74,100.63,New Year Sale,Seasonal Sale,Medium,253728.43,124919.28,True
2024-01-02,2,Tuesday,1,1,January,1,2024,2,False,False,False,False,False,,False,,24.0,1.0,New Year Sale,False,13.5,0.0,57.1,Cold,6.44,107.59,6.76,100.57,New Year Sale,Seasonal Sale,Medium,227935.3,121566.17,True
2024-01-03,3,Wednesday,1,1,January,1,2024,3,False,False,False,False,False,,False,,23.0,2.0,End of Season Sale - Winter,False,14.7,0.0,42.1,Cold,6.44,107.64,6.79,100.55,End of Season Sale - Winter,Clearance,Medium,221834.89,108069.08,True
2024-01-04,4,Thursday,1,1,January,1,2024,4,False,False,False,False,False,,False,,22.0,3.0,End of Season Sale - Winter,False,14.3,,56.6,Cold,6.44,107.52,6.79,100.55,End of Season Sale - Winter,Clearance,Medium,304840.06,124765.84,True
2024-01-05,5,Friday,1,1,January,1,2024,5,False,False,False,False,False,,False,,21.0,4.0,End of Season Sale - Winter,False,13.1,1.9,54.4,Cold,6.44,107.53,6.77,100.53,End of Season Sale - Winter,Clearance,Medium,256921.73,134271.33,True
2024-01-06,6,Saturday,1,1,January,1,2024,6,True,False,False,False,False,,False,,20.0,5.0,End of Season Sale - Winter,False,13.8,0.0,60.2,Cold,6.47,107.49,6.75,100.58,End of Season Sale - Winter,Clearance,Medium,351876.51,162135.23,True
2024-01-07,7,Sunday,1,1,January,1,2024,7,True,False,False,False,False,,False,,19.0,6.0,End of Season Sale - Winter,False,13.6,0.0,61.7,Cold,6.47,107.47,6.75,100.64,End of Season Sale - Winter,Clearance,Medium,328307.42,146286.6,True
2024-01-08,1,Monday,2,1,January,1,2024,8,False,False,False,False,False,,False,,18.0,7.0,End of Season Sale - Winter,False,13.2,0.0,58.2,Cold,6.46,107.58,6.74,100.7,End of Season Sale - Winter,Clearance,Medium,287822.17,134834.49,True
2024-01-09,2,Tuesday,2,1,January,1,2024,9,False,False,False,False,False,,False,,17.0,8.0,End of Season Sale - Winter,False,13.8,0.0,37.8,Cold,6.49,107.45,6.73,100.67,End of Season Sale - Winter,Clearance,Medium,229910.85,124772.86,True
2024-01-10,3,Wednesday,2,1,January,1,2024,10,False,False,False,False,False,,False,,16.0,9.0,End of Season Sale - Winter,False,13.6,0.0,63.3,Cold,6.5,107.34,6.73,100.61,End of Season Sale - Winter,Clearance,Medium,270167.6,112768.05,True
2024-01-11,4,Thursday,2,1,January,1,2024,11,False,False,False,False,False,,False,,15.0,10.0,End of Season Sale - Winter,False,13.4,0.0,51.3,Cold,6.5,107.39,6.71,100.62,End of Season Sale - Winter,Clearance,Medium,269483.01,126313.72,True
2024-01-12,5,Friday,2,1,January,1,2024,12,False,False,False,False,False,,False,,14.0,11.0,End of Season Sale - Winter,False,14.4,0.0,54.2,Cold,6.49,107.37,6.7,100.57,End of Season Sale - Winter,Clearance,Medium,258977.11,117754.76,True
2024-01-13,6,Saturday,2,1,January,1,2024,13,True,False,False,False,False,,False,,13.0,12.0,End of Season Sale - Winter,False,15.1,0.0,56.0,Pleasant,6.49,107.44,6.69,100.53,End of Season Sale - Winter,Clearance,Medium,291467.77,148858.3,True
2024-01-14,7,Sunday,2,1,January,1,2024,14,True,False,False,False,False,,False,,12.0,13.0,End of Season Sale - Winter,False,17.0,0.0,54.0,Pleasant,6.48,107.36,6.68,100.51,End of Season Sale - Winter,Clearance,Medium,329913.76,156355.92,True
2024-01-15,1,Monday,3,1,January,1,2024,15,False,False,False,False,False,,False,,11.0,14.0,End of Season Sale - Winter,False,16.8,,51.7,Pleasant,6.47,107.59,6.67,100.5,End of Season Sale - Winter,Clearance,Medium,264042.38,130492.57,True
2024-01-16,2,Tuesday,3,1,January,1,2024,16,False,False,False,False,False,,False,,10.0,15.0,,False,15.1,0.0,53.7,Pleasant,6.49,107.69,6.67,100.47,,,,133246.66,67238.99,False
2024-01-17,3,Wednesday,3,1,January,1,2024,17,False,False,False,False,False,,False,,9.0,16.0,,False,13.5,0.0,53.6,Cold,6.53,107.7,6.65,100.4,,,,136264.22,58664.66,False
2024-01-18,4,Thursday,3,1,January,1,2024,18,False,False,False,False,False,,False,,8.0,17.0,,False,14.3,,48.0,Cold,6.5,107.75,6.65,100.42,,,,151698.4,67631.43,False
2024-01-19,5,Friday,3,1,January,1,2024,19,False,False,False,False,False,,False,,7.0,18.0,,False,16.0,0.0,60.1,Pleasant,6.49,107.67,6.65,100.44,,,,142386.9,80368.17,False
2024-01-20,6,Saturday,3,1,January,1,2024,20,True,False,False,False,False,,False,,6.0,19.0,Republic Day Sale,False,14.8,0.0,47.1,Cold,6.5,107.86,6.64,100.5,Republic Day Sale,National Sale,Medium,296226.41,180849.67,True
2024-01-21,7,Sunday,3,1,January,1,2024,21,True,False,False,False,False,,False,,5.0,20.0,Republic Day Sale,False,15.3,0.6,54.0,Pleasant,6.49,108.0,6.63,100.49,Republic Day Sale,National Sale,Medium,313536.77,151423.64,True
2024-01-22,1,Monday,4,1,January,1,2024,22,False,False,False,False,False,,False,,4.0,21.0,Republic Day Sale,False,16.7,0.0,47.5,Pleasant,6.52,108.16,6.62,100.52,Republic Day Sale,National Sale,Medium,292500.89,119449.02,True
2024-01-23,2,Tuesday,4,1,January,1,2024,23,False,False,False,False,False,,False,,3.0,22.0,Republic Day Sale,False,15.9,0.0,71.1,Pleasant,6.54,108.04,6.62,100.56,Republic Day Sale,National Sale,Medium,246899.44,137925.68,True
2024-01-24,3,Wednesday,4,1,January,1,2024,24,False,False,False,False,False,,False,,2.0,23.0,Republic Day Sale,False,16.1,0.0,57.8,Pleasant,6.54,107.96,6.63,100.61,Republic Day Sale,National Sale,Medium,220851.74,132211.97,True
2024-01-25,4,Thursday,4,1,January,1,2024,25,False,False,False,False,False,,False,,1.0,24.0,Republic Day Sale,False,17.8,0.0,58.6,Pleasant,6.54,107.82,6.62,100.6,Republic Day Sale,National Sale,Medium,232055.11,127838.79,True
2024-01-26,5,Friday,4,1,January,1,2024,26,False,False,False,False,False,Republic Day,True,National,0.0,0.0,Republic Day Sale,False,16.9,0.0,65.1,Pleasant,6.54,107.93,6.6,100.63,Republic Day Sale,National Sale,Medium,237404.49,143148.65,True
2024-01-27,6,Saturday,4,1,January,1,2024,27,True,False,False,False,False,,False,,18.0,1.0,Republic Day Sale,False,15.2,5.9,44.5,Light Rain,6.54,107.84,6.62,100.76,Republic Day Sale,National Sale,Medium,334994.68,175640.01,True
2024-01-28,7,Sunday,4,1,January,1,2024,28,True,False,False,False,False,,False,,17.0,2.0,,False,15.2,0.0,60.2,Pleasant,6.54,107.97,6.62,100.84,,,,179865.53,91845.91,False
2024-01-29,1,Monday,5,1,January,1,2024,29,False,False,False,False,False,,False,,16.0,3.0,,False,17.0,0.0,66.6,Pleasant,6.53,107.86,6.63,100.88,,,,130940.06,60073.74,False
2024-01-30,2,Tuesday,5,1,January,1,2024,30,False,False,False,False,False,,False,,15.0,4.0,,False,16.3,0.0,53.8,Pleasant,6.51,107.75,6.63,100.95,,,,171918.56,63028.2,False
2024-01-31,3,Wednesday,5,1,January,1,2024,31,False,False,True,False,False,,False,,14.0,5.0,,False,15.4,0.0,53.1,Pleasant,6.52,107.88,6.63,100.94,,,,109012.41,54827.47,False
2024-02-01,4,Thursday,5,2,February,1,2024,1,False,True,False,False,False,,False,,13.0,6.0,,False,16.9,0.0,42.3,Pleasant,6.5,107.82,6.64,100.84,,,,140203.88,83338.71,False
2024-02-02,5,Friday,5,2,February,1,2024,2,False,False,False,False,False,,False,,12.0,7.0,,False,14.5,0.0,60.2,Cold,6.52,107.7,6.65,100.89,,,,111889.42,68766.51,False
2024-02-03,6,Saturday,5,2,February,1,2024,3,True,False,False,False,False,,False,,11.0,8.0,,False,14.7,0.0,56.5,Cold,6.5,107.42,6.63,100.81,,,,173764.08,101387.93,False
2024-02-04,7,Sunday,5,2,February,1,2024,4,True,False,False,False,False,,False,,10.0,9.0,,False,15.0,0.0,50.8,Pleasant,6.51,107.4,6.63,100.77,,,,177759.88,84462.3,False
2024-02-05,1,Monday,6,2,February,1,2024,5,False,False,False,False,False,,False,,9.0,10.0,,False,17.2,0.0,63.9,Pleasant,6.52,107.43,6.62,100.76,,,,120410.92,79565.36,False
2024-02-06,2,Tuesday,6,2,February,1,2024,6,False,False,False,False,False,,False,,8.0,11.0,,False,17.8,0.0,53.4,Pleasant,6.54,107.14,6.62,100.73,,,,118575.46,62181.42,False
2024-02-07,3,Wednesday,6,2,February,1,2024,7,False,False,False,False,False,,False,,7.0,12.0,,False,17.8,6.5,48.8,Light Rain,6.56,,6.61,100.69,,,,144995.16,66356.86,False
2024-02-08,4,Thursday,6,2,February,1,2024,8,False,False,False,False,False,,False,,6.0,13.0,,False,18.7,1.1,63.1,Pleasant,6.59,107.34,6.6,100.75,,,,170388.7,67746.75,False
2024-02-09,5,Friday,6,2,February,1,2024,9,False,False,False,False,False,,False,,5.0,14.0,,False,18.3,2.3,60.0,Light Rain,6.61,107.08,6.62,100.68,,,,113677.28,60094.64,False
2024-02-10,6,Saturday,6,2,February,1,2024,10,True,False,False,False,False,,False,,4.0,15.0,,False,18.3,0.0,41.2,Pleasant,6.61,107.13,6.61,100.54,,,,147624.8,79450.48,False
2024-02-11,7,Sunday,6,2,February,1,2024,11,True,False,False,False,False,,False,,3.0,16.0,,False,19.2,0.0,57.7,Pleasant,6.66,107.11,6.61,100.59,,,,,106575.26,False
2024-02-12,1,Monday,7,2,February,1,2024,12,False,False,False,False,False,,False,,2.0,17.0,,False,19.1,0.0,39.3,Pleasant,6.64,107.05,6.6,100.5,,,,130502.32,64013.82,False
2024-02-13,2,Tuesday,7,2,February,1,2024,13,False,False,False,False,False,,False,,1.0,18.0,,False,18.3,0.0,61.4,Pleasant,6.61,107.17,6.6,100.44,,,,125110.66,96334.03,False
2024-02-14,3,Wednesday,7,2,February,1,2024,14,False,False,False,False,False,Valentine's Day,True,Commercial,0.0,0.0,,False,18.4,0.0,52.5,Pleasant,6.62,107.16,6.59,100.38,,,,122954.59,54108.08,False
2024-02-15,4,Thursday,7,2,February,1,2024,15,False,False,False,False,False,,False,,,1.0,,False,18.6,0.0,57.4,Pleasant,6.62,107.34,6.59,100.4,,,,115080.1,64819.55,False
2024-02-16,5,Friday,7,2,February,1,2024,16,False,False,False,False,False,,False,,,2.0,,False,18.2,0.0,53.1,Pleasant,6.62,107.29,6.61,100.36,,,,121955.5,71474.43,False
2024-02-17,6,Saturday,7,2,February,1,2024,17,True,False,False,False,False,,False,,,3.0,,False,18.6,0.0,63.5,Pleasant,6.62,107.26,6.61,100.44,,,,190065.77,97959.08,False
2024-02-18,7,Sunday,7,2,February,1,2024,18,True,False,False,False,False,,False,,,4.0,,False,16.1,0.0,53.2,Pleasant,6.63,107.35,6.61,100.33,,,,180893.96,78206.84,False
2024-02-19,1,Monday,8,2,February,1,2024,19,False,False,False,False,False,,False,,,5.0,,False,14.7,0.0,51.0,Cold,6.63,107.45,6.61,100.33,,,,127409.4,68840.51,False
2024-02-20,2,Tuesday,8,2,February,1,2024,20,False,False,False,False,False,,False,,,6.0,,False,15.0,0.0,54.4,Cold,6.65,107.52,6.61,100.32,,,,137896.65,69771.83,False
2024-02-21,3,Wednesday,8,2,February,1,2024,21,False,False,False,False,False,,False,,,7.0,,False,13.6,0.0,70.0,Cold,6.65,107.72,6.6,100.22,,,,132728.0,65780.4,False
2024-02-22,4,Thursday,8,2,February,1,2024,22,False,False,False,False,False,,False,,,8.0,,False,14.8,0.0,66.1,Cold,6.64,108.01,6.61,100.15,,,,161120.0,73659.2,False
2024-02-23,5,Friday,8,2,February,1,2024,23,False,False,False,False,False,,False,,,9.0,,False,16.7,0.0,58.3,Pleasant,6.62,108.27,6.6,100.06,,,,148830.43,57480.28,False
2024-02-24,6,Saturday,8,2,February,1,2024,24,True,False,False,False,False,,False,,30.0,10.0,,False,19.8,0.0,60.6,Pleasant,6.6,108.19,6.6,100.02,,,,198074.45,80359.83,False
2024-02-25,7,Sunday,8,2,February,1,2024,25,True,False,False,False,False,,False,,29.0,11.0,,False,21.9,0.0,42.0,Pleasant,6.64,108.24,6.59,100.03,,,,183007.28,100865.7,False
2024-02-26,1,Monday,9,2,February,1,2024,26,False,False,False,False,False,,False,,28.0,12.0,,False,22.9,0.0,44.9,Pleasant,6.65,108.15,6.58,99.99,,,,,73905.58,False
2024-02-27,2,Tuesday,9,2,February,1,2024,27,False,False,False,False,False,,False,,27.0,13.0,,False,22.2,0.0,54.2,Pleasant,6.65,108.22,6.57,99.98,,,,136295.79,64427.84,False
2024-02-28,3,Wednesday,9,2,February,1,2024,28,False,False,False,False,False,,False,,26.0,14.0,,False,20.9,0.0,59.9,Pleasant,6.69,108.25,6.57,99.91,,,,138503.65,83090.42,False
2024-02-29,4,Thursday,9,2,February,1,2024,29,False,False,True,False,False,,False,,25.0,15.0,,False,23.7,0.0,68.3,Pleasant,6.72,108.57,6.58,99.88,,,,144422.13,83190.94,False
2024-03-01,5,Friday,9,3,March,1,2024,1,False,True,False,False,False,,False,,24.0,16.0,,False,22.7,0.0,48.6,Pleasant,6.71,108.36,6.59,99.84,,,,142631.88,75591.21,False
2024-03-02,6,Saturday,9,3,March,1,2024,2,True,False,False,False,False,,False,,23.0,17.0,,False,22.3,0.0,50.3,Pleasant,6.69,108.37,6.58,99.91,,,,170309.69,96962.53,False
2024-03-03,7,Sunday,9,3,March,1,2024,3,True,False,False,False,False,,False,,22.0,18.0,,False,21.3,0.0,52.2,Pleasant,6.71,108.52,6.59,99.88,,,,169810.97,91434.9,False
2024-03-04,1,Monday,10,3,March,1,2024,4,False,False,False,False,False,,False,,21.0,19.0,,False,21.4,0.0,61.5,Pleasant,6.73,108.39,6.61,99.76,,,,132411.91,63924.65,False
2024-03-05,2,Tuesday,10,3,March,1,2024,5,False,False,False,False,False,,False,,20.0,20.0,,False,21.8,0.0,63.6,Pleasant,6.71,108.5,6.6,99.76,,,,146737.28,79687.05,False
2024-03-06,3,Wednesday,10,3,March,1,2024,6,False,False,False,False,False,,False,,19.0,21.0,,False,20.8,0.0,68.2,Pleasant,6.69,108.45,6.6,99.84,,,,154262.53,82165.03,False
2024-03-07,4,Thursday,10,3,March,1,2024,7,False,False,False,False,False,,False,,18.0,22.0,,False,23.2,0.0,52.9,Pleasant,6.72,108.59,6.6,99.73,,,,127015.09,74342.68,False
2024-03-08,5,Friday,10,3,March,1,2024,8,False,False,False,False,False,,False,,17.0,23.0,,False,22.8,0.0,76.0,Pleasant,6.72,108.64,6.61,99.83,,,,95076.51,64663.81,False
2024-03-09,6,Saturday,10,3,March,1,2024,9,True,False,False,False,False,,False,,16.0,24.0,,False,24.8,0.0,41.1,Pleasant,6.73,108.44,6.62,99.89,,,,169597.52,74136.54,False
2024-03-10,7,Sunday,10,3,March,1,2024,10,True,False,False,False,False,,False,,15.0,25.0,,False,25.3,0.0,52.6,Pleasant,6.72,108.37,6.61,99.94,,,,210715.94,78354.53,False
2024-03-11,1,Monday,11,3,March,1,2024,11,False,False,False,False,False,,False,,14.0,26.0,,False,23.4,0.0,65.3,Pleasant,6.73,108.54,6.61,99.95,,,,134455.68,61951.48,False
2024-03-12,2,Tuesday,11,3,March,1,2024,12,False,False,False,False,False,,False,,13.0,27.0,,False,23.7,0.0,66.8,Pleasant,6.71,108.58,6.62,99.94,,,,139075.25,61636.12,False
2024-03-13,3,Wednesday,11,3,March,1,2024,13,False,False,False,False,False,,False,,12.0,28.0,,False,23.5,0.0,60.5,Pleasant,6.68,108.57,6.6,99.94,,,,141199.39,55577.78,False
2024-03-14,4,Thursday,11,3,March,1,2024,14,False,False,False,False,False,,False,,11.0,29.0,,False,25.7,0.0,64.6,Pleasant,6.64,108.68,6.58,99.9,,,,111899.67,72865.22,False
2024-03-15,5,Friday,11,3,March,1,2024,15,False,False,False,False,False,,False,,10.0,30.0,,False,24.5,0.0,56.5,Pleasant,6.62,108.58,6.58,99.84,,,,147113.26,50707.53,False
2024-03-16,6,Saturday,11,3,March,1,2024,16,True,False,False,False,False,,False,,9.0,,,False,27.2,0.0,42.8,Pleasant,6.61,108.52,6.59,99.88,,,,207132.95,104897.35,False
2024-03-17,7,Sunday,11,3,March,1,2024,17,True,False,False,False,False,,False,,8.0,,,False,25.3,0.0,53.2,Pleasant,6.62,108.48,6.57,99.85,,,,245550.97,89395.38,False
2024-03-18,1,Monday,12,3,March,1,2024,18,False,False,False,False,False,,False,,7.0,,,False,26.8,0.0,52.3,Pleasant,6.62,108.44,6.58,99.82,,,,99621.28,78590.51,False
2024-03-19,2,Tuesday,12,3,March,1,2024,19,False,False,False,False,False,,False,,6.0,,,False,27.2,0.0,53.3,Pleasant,6.63,108.49,6.57,99.9,,,,192401.63,69584.66,False
2024-03-20,3,Wednesday,12,3,March,1,2024,20,False,False,False,False,False,,False,,5.0,,,False,25.6,0.0,65.7,Pleasant,6.61,108.25,6.55,99.87,,,,115639.75,64446.53,False
2024-03-21,4,Thursday,12,3,March,1,2024,21,False,False,False,False,False,,False,,4.0,,,False,25.2,0.0,56.8,Pleasant,6.64,107.93,6.55,99.83,,,,120976.51,69152.56,False
2024-03-22,5,Friday,12,3,March,1,2024,22,False,False,False,False,False,,False,,3.0,,,False,24.2,0.0,50.9,Pleasant,6.61,107.97,6.55,99.9,,,,139481.7,64091.41,False
2024-03-23,6,Saturday,12,3,March,1,2024,23,True,False,False,False,False,,False,,2.0,,,False,27.1,,56.4,Pleasant,6.64,107.86,6.55,99.85,,,,227371.02,75730.47,False
2024-03-24,7,Sunday,12,3,March,1,2024,24,True,False,False,False,False,,False,,1.0,,,False,25.5,0.0,67.9,Pleasant,6.66,107.72,6.54,99.97,,,,157858.94,87991.56,False
2024-03-25,1,Monday,13,3,March,1,2024,25,False,False,False,False,False,Holi,True,Festival,0.0,0.0,,False,25.0,0.0,47.8,Pleasant,6.62,107.72,6.54,99.95,,,,120945.33,48738.19,False
2024-03-26,2,Tuesday,13,3,March,1,2024,26,False,False,False,False,False,,False,,16.0,1.0,,False,24.4,0.0,40.3,Pleasant,6.65,108.04,6.55,99.96,,,,164524.35,81989.85,False
2024-03-27,3,Wednesday,13,3,March,1,2024,27,False,False,False,False,False,,False,,15.0,2.0,,False,23.7,0.0,46.2,Pleasant,6.6,108.18,6.54,99.97,,,,110645.89,79718.13,False
2024-03-28,4,Thursday,13,3,March,1,2024,28,False,False,False,False,False,,False,,14.0,3.0,,False,25.5,0.0,,Pleasant,6.59,108.18,6.53,99.9,,,,149762.77,72495.56,False
2024-03-29,5,Friday,13,3,March,1,2024,29,False,False,False,False,False,,False,,13.0,4.0,,False,27.4,0.0,44.5,Pleasant,6.59,108.03,6.52,99.9,,,,131702.3,73191.06,False
2024-03-30,6,Saturday,13,3,March,1,2024,30,True,False,False,False,False,,False,,12.0,5.0,,False,27.0,0.0,52.8,Pleasant,6.59,108.17,6.53,99.87,,,,122902.79,67480.82,False
2024-03-31,7,Sunday,13,3,March,1,2024,31,True,False,True,False,True,,False,,11.0,6.0,,False,28.8,0.0,61.2,Pleasant,6.62,108.11,6.53,99.95,,,,199097.91,96637.39,False
2024-04-01,1,Monday,14,4,April,2,2024,1,False,True,False,True,False,,False,,10.0,7.0,,False,29.5,0.0,41.3,Pleasant,6.64,108.14,6.52,99.92,,,,157284.88,62663.62,False
2024-04-02,2,Tuesday,14,4,April,2,2024,2,False,False,False,False,False,,False,,9.0,8.0,,False,27.9,0.0,61.5,Pleasant,6.66,108.26,6.52,99.9,,,,99351.24,68189.52,False
2024-04-03,3,Wednesday,14,4,April,2,2024,3,False,False,False,False,False,,False,,8.0,9.0,,False,27.5,0.0,50.8,Pleasant,6.66,108.38,6.51,99.83,,,,,82407.95,False
2024-04-04,4,Thursday,14,4,April,2,2024,4,False,False,False,False,False,,False,,7.0,10.0,,False,26.0,0.0,65.6,Pleasant,6.65,108.38,6.51,99.81,,,,128270.69,41620.17,False
2024-04-05,5,Friday,14,4,April,2,2024,5,False,False,False,False,False,,False,,6.0,11.0,,False,25.6,0.0,56.2,Pleasant,6.68,108.74,6.52,99.82,,,,115887.67,67416.74,False
2024-04-06,6,Saturday,14,4,April,2,2024,6,True,False,False,False,False,,False,,5.0,12.0,,False,28.1,0.0,56.6,Pleasant,6.71,108.6,6.52,99.9,,,,194170.97,102478.45,False
2024-04-07,7,Sunday,14,4,April,2,2024,7,True,False,False,False,False,,False,,4.0,13.0,,False,28.9,0.0,65.4,Pleasant,6.7,108.67,6.52,99.93,,,,149066.21,96576.52,False
2024-04-08,1,Monday,15,4,April,2,2024,8,False,False,False,False,False,,False,,3.0,14.0,,False,27.7,0.0,51.7,Pleasant,6.73,108.58,6.52,99.92,,,,99227.91,67274.59,False
2024-04-09,2,Tuesday,15,4,April,2,2024,9,False,False,False,False,False,,False,,2.0,15.0,,False,28.4,0.0,53.4,Pleasant,6.73,108.63,6.53,99.98,,,,163110.36,66625.09,False
2024-04-10,3,Wednesday,15,4,April,2,2024,10,False,False,False,False,False,,False,,1.0,16.0,,False,29.4,0.0,51.0,Pleasant,6.72,108.46,6.53,100.04,,,,130265.11,64502.35,False
2024-04-11,4,Thursday,15,4,April,2,2024,11,False,False,False,False,False,Eid al-Fitr,True,Religious,0.0,0.0,,False,28.6,0.0,45.9,Pleasant,6.72,108.21,6.54,100.08,,,,139832.96,63133.9,False
2024-04-12,5,Friday,15,4,April,2,2024,12,False,False,False,False,False,,False,,30.0,1.0,,False,30.3,0.0,70.0,Pleasant,6.72,108.27,6.53,100.14,,,,149382.95,74774.96,False
2024-04-13,6,Saturday,15,4,April,2,2024,13,True,False,False,False,False,,False,,29.0,2.0,,False,32.5,0.0,40.1,Pleasant,6.68,108.16,6.53,100.12,,,,192027.03,103964.75,False
2024-04-14,7,Sunday,15,4,April,2,2024,14,True,False,False,False,False,,False,,28.0,3.0,,False,31.2,0.0,50.4,Pleasant,6.66,108.26,6.54,100.16,,,,152503.72,108153.72,False
2024-04-15,1,Monday,16,4,April,2,2024,15,False,False,False,False,False,,False,,27.0,4.0,,False,31.7,0.0,55.1,Pleasant,6.66,108.26,6.53,100.25,,,,129498.98,73741.25,False
2024-04-16,2,Tuesday,16,4,April,2,2024,16,False,False,False,False,False,,False,,26.0,5.0,,False,31.6,0.0,42.1,Pleasant,6.7,108.48,6.53,100.32,,,,141583.06,78334.79,False
2024-04-17,3,Wednesday,16,4,April,2,2024,17,False,False,False,False,False,,False,,25.0,6.0,,False,31.5,0.0,50.2,Pleasant,6.69,108.37,6.51,100.31,,,,151545.23,73732.1,False
2024-04-18,4,Thursday,16,4,April,2,2024,18,False,False,False,False,False,,False,,24.0,7.0,,False,30.7,0.0,53.2,Pleasant,6.7,108.34,6.5,100.31,,,,120032.71,58322.75,False
2024-04-19,5,Friday,16,4,April,2,2024,19,False,False,False,False,False,,False,,23.0,8.0,,False,28.9,0.0,59.6,Pleasant,6.7,108.28,6.5,100.36,,,,129040.74,69130.2,False
2024-04-20,6,Saturday,16,4,April,2,2024,20,True,False,False,False,False,,False,,22.0,9.0,,False,30.3,0.0,57.4,Pleasant,6.71,108.23,6.52,100.32,,,,179583.68,93090.6,False
2024-04-21,7,Sunday,16,4,April,2,2024,21,True,False,False,False,False,,False,,21.0,10.0,,False,30.9,0.0,55.1,Pleasant,6.69,108.21,6.53,100.36,,,,178768.86,83372.69,False
2024-04-22,1,Monday,17,4,April,2,2024,22,False,False,False,False,False,,False,,20.0,11.0,,False,33.9,0.0,69.0,Pleasant,6.67,108.24,6.54,100.31,,,,115186.72,79727.19,False
2024-04-23,2,Tuesday,17,4,April,2,2024,23,False,False,False,False,False,,False,,19.0,12.0,,False,35.4,4.0,57.7,Light Rain,6.69,108.18,6.52,100.37,,,,115724.61,56106.08,False
2024-04-24,3,Wednesday,17,4,April,2,2024,24,False,False,False,False,False,,False,,18.0,13.0,,False,34.1,0.0,44.8,Pleasant,6.69,108.45,6.53,100.36,,,,123041.18,53860.93,False
2024-04-25,4,Thursday,17,4,April,2,2024,25,False,False,False,False,False,,False,,17.0,14.0,,False,35.4,0.0,55.9,Hot,6.71,108.36,6.53,100.42,,,,142034.22,82148.12,False
2024-04-26,5,Friday,17,4,April,2,2024,26,False,False,False,False,False,,False,,16.0,15.0,,False,36.1,0.0,43.8,Hot,6.72,108.37,6.52,100.32,,,,136357.41,82737.53,False
2024-04-27,6,Saturday,17,4,April,2,2024,27,True,False,False,False,False,,False,,15.0,16.0,,False,36.4,0.0,54.0,Hot,6.71,108.48,6.52,100.28,,,,142050.71,100045.66,False
2024-04-28,7,Sunday,17,4,April,2,2024,28,True,False,False,False,False,,False,,14.0,17.0,,False,37.8,0.0,59.5,Hot,6.73,108.31,6.52,100.37,,,,206749.33,87274.11,False
2024-04-29,1,Monday,18,4,April,2,2024,29,False,False,False,False,False,,False,,13.0,18.0,,False,35.7,0.0,,Hot,6.72,108.33,6.53,100.35,,,,121047.49,74322.71,False
2024-04-30,2,Tuesday,18,4,April,2,2024,30,False,False,True,False,False,,False,,12.0,19.0,,False,34.3,0.0,63.8,Pleasant,6.73,108.01,6.51,100.39,,,,121073.96,78077.13,False
2024-05-01,3,Wednesday,18,5,May,2,2024,1,False,True,False,False,False,,False,,11.0,20.0,,False,35.4,0.0,68.6,Hot,6.7,107.88,6.51,100.37,,,,159371.95,74863.36,False
2024-05-02,4,Thursday,18,5,May,2,2024,2,False,False,False,False,False,,False,,10.0,21.0,,False,34.1,0.0,45.6,Pleasant,6.7,107.69,6.53,100.41,,,,133247.33,68681.84,False
2024-05-03,5,Friday,18,5,May,2,2024,3,False,False,False,False,False,,False,,9.0,22.0,,False,35.2,0.0,65.0,Hot,6.7,108.03,6.53,100.35,,,,119840.92,64881.81,False
2024-05-04,6,Saturday,18,5,May,2,2024,4,True,False,False,False,False,,False,,8.0,23.0,,False,37.1,0.0,62.5,Hot,6.67,108.11,6.52,100.33,,,,180513.3,71989.97,False
2024-05-05,7,Sunday,18,5,May,2,2024,5,True,False,False,False,False,,False,,7.0,24.0,,False,39.2,0.0,51.3,Hot,6.71,108.25,6.5,100.35,,,,208937.21,76913.31,False
2024-05-06,1,Monday,19,5,May,2,2024,6,False,False,False,False,False,,False,,6.0,25.0,,False,37.9,0.0,49.3,Hot,6.74,108.4,6.49,100.28,,,,156343.37,72827.36,False
2024-05-07,2,Tuesday,19,5,May,2,2024,7,False,False,False,False,False,,False,,5.0,26.0,,False,36.7,0.0,45.1,Hot,6.73,108.3,6.51,100.28,,,,120281.89,62881.71,False
2024-05-08,3,Wednesday,19,5,May,2,2024,8,False,False,False,False,False,,False,,4.0,27.0,,False,37.6,0.0,51.2,Hot,6.72,108.42,6.5,100.27,,,,127133.63,45510.51,False
2024-05-09,4,Thursday,19,5,May,2,2024,9,False,False,False,False,False,,False,,3.0,28.0,,False,37.6,5.8,52.7,Light Rain,6.74,108.37,6.5,100.23,,,,133467.69,70962.57,False
2024-05-10,5,Friday,19,5,May,2,2024,10,False,False,False,False,False,,False,,2.0,29.0,,False,39.1,1.4,48.3,Hot,6.75,,6.49,100.26,,,,164241.21,77142.75,False
2024-05-11,6,Saturday,19,5,May,2,2024,11,True,False,False,False,False,,False,,1.0,30.0,,False,35.9,0.0,54.4,Hot,6.75,108.21,6.5,100.29,,,,212849.67,94151.02,False
2024-05-12,7,Sunday,19,5,May,2,2024,12,True,False,False,False,False,Mother's Day,True,Commercial,0.0,0.0,,False,37.9,0.0,52.1,Hot,6.76,108.27,6.48,100.24,,,,196413.38,92018.99,False
2024-05-13,1,Monday,20,5,May,2,2024,13,False,False,False,False,False,,False,,,1.0,,False,36.4,0.0,54.0,Hot,6.75,108.34,6.49,100.2,,,,188208.79,73382.26,False
2024-05-14,2,Tuesday,20,5,May,2,2024,14,False,False,False,False,False,,False,,,2.0,,False,36.1,0.0,55.3,Hot,6.73,108.15,6.49,100.16,,,,104399.23,66168.47,False
2024-05-15,3,Wednesday,20,5,May,2,2024,15,False,False,False,False,False,,False,,,3.0,,False,35.1,0.0,58.6,Hot,6.72,108.3,6.48,100.05,,,,139808.2,84999.72,False
2024-05-16,4,Thursday,20,5,May,2,2024,16,False,False,False,False,False,,False,,,4.0,,False,35.5,0.0,55.7,Hot,6.71,108.39,6.49,100.03,,,,157358.13,87739.83,False
2024-05-17,5,Friday,20,5,May,2,2024,17,False,False,False,False,False,,False,,30.0,5.0,,False,36.2,0.0,61.8,Hot,6.7,108.4,6.5,100.05,,,,160885.18,54376.82,False
2024-05-18,6,Saturday,20,5,May,2,2024,18,True,False,False,False,False,,False,,29.0,6.0,,False,37.2,0.0,70.8,Hot,6.71,108.54,6.5,100.05,,,,152588.9,78016.92,False
2024-05-19,7,Sunday,20,5,May,2,2024,19,True,False,False,False,False,,False,,28.0,7.0,,False,37.3,0.0,53.1,Hot,6.71,108.75,6.51,100.17,,,,175258.92,83116.99,False
2024-05-20,1,Monday,21,5,May,2,2024,20,False,False,False,False,False,,False,,27.0,8.0,,False,37.4,0.0,44.5,Hot,6.72,108.72,6.51,100.19,,,,135826.92,62683.06,False
2024-05-21,2,Tuesday,21,5,May,2,2024,21,False,False,False,False,False,,False,,26.0,9.0,,False,36.9,0.2,54.3,Hot,6.72,108.76,6.52,100.19,,,,168513.2,67626.56,False
2024-05-22,3,Wednesday,21,5,May,2,2024,22,False,False,False,False,False,,False,,25.0,10.0,,False,39.5,0.0,68.2,Hot,6.71,108.59,6.51,100.17,,,,144367.78,69658.84,False
2024-05-23,4,Thursday,21,5,May,2,2024,23,False,False,False,False,False,,False,,24.0,11.0,,False,40.3,0.0,53.1,Hot,6.71,108.67,6.51,100.26,,,,129333.48,66699.22,False
2024-05-24,5,Friday,21,5,May,2,2024,24,False,False,False,False,False,,False,,23.0,12.0,,False,38.8,0.0,51.9,Hot,6.69,,6.49,100.19,,,,84918.17,60633.38,False
2024-05-25,6,Saturday,21,5,May,2,2024,25,True,False,False,False,False,,False,,22.0,13.0,,False,38.9,0.0,41.3,Hot,6.66,108.25,6.48,100.22,,,,179658.73,91467.33,False
2024-05-26,7,Sunday,21,5,May,2,2024,26,True,False,False,False,False,,False,,21.0,14.0,,False,37.8,0.0,55.5,Hot,6.71,108.34,6.48,100.2,,,,163160.79,75774.61,False
2024-05-27,1,Monday,22,5,May,2,2024,27,False,False,False,False,False,,False,,20.0,15.0,,False,37.8,0.0,67.0,Hot,6.71,108.48,6.49,100.19,,,,151286.35,76200.31,False
2024-05-28,2,Tuesday,22,5,May,2,2024,28,False,False,False,False,False,,False,,19.0,16.0,,False,37.3,0.0,54.0,Hot,6.67,108.53,6.47,100.33,,,,137174.01,73118.02,False
2024-05-29,3,Wednesday,22,5,May,2,2024,29,False,False,False,False,False,,False,,18.0,17.0,,False,37.8,0.0,67.4,Hot,6.66,108.7,6.49,100.39,,,,81107.76,58641.76,False
2024-05-30,4,Thursday,22,5,May,2,2024,30,False,False,False,False,False,,False,,17.0,18.0,,False,37.2,0.0,55.1,Hot,6.69,108.89,6.48,100.32,,,,157478.03,78429.86,False
2024-05-31,5,Friday,22,5,May,2,2024,31,False,False,True,False,False,,False,,16.0,19.0,,False,37.0,0.0,68.1,Hot,6.73,109.09,6.49,100.3,,,,147337.87,59037.12,False
2024-06-01,6,Saturday,22,6,June,2,2024,1,True,True,False,False,False,,False,,15.0,20.0,,False,39.1,5.2,73.1,Light Rain,6.73,109.32,6.5,100.26,,,,190391.97,94669.25,False
2024-06-02,7,Sunday,22,6,June,2,2024,2,True,False,False,False,False,,False,,14.0,21.0,,False,40.5,2.7,67.0,Light Rain,6.73,109.47,6.5,100.39,,,,155353.67,92778.33,False
2024-06-03,1,Monday,23,6,June,2,2024,3,False,False,False,False,False,,False,,13.0,22.0,,False,38.9,3.6,75.8,Light Rain,6.72,109.38,6.5,100.36,,,,160889.37,76997.23,False
2024-06-04,2,Tuesday,23,6,June,2,2024,4,False,False,False,False,False,,False,,12.0,23.0,,False,38.7,28.1,67.6,Heavy Rain,6.75,109.25,6.51,100.39,,,,143546.61,68501.77,False
2024-06-05,3,Wednesday,23,6,June,2,2024,5,False,False,False,False,False,,False,,11.0,24.0,,False,37.0,3.1,78.9,Light Rain,6.75,109.3,6.5,100.39,,,,163959.29,62239.58,False
2024-06-06,4,Thursday,23,6,June,2,2024,6,False,False,False,False,False,,False,,10.0,25.0,,False,36.7,10.1,84.4,Light Rain,6.79,109.71,6.5,100.41,,,,89956.81,71470.83,False
2024-06-07,5,Friday,23,6,June,2,2024,7,False,False,False,False,False,,False,,9.0,26.0,,False,36.4,14.1,57.5,Light Rain,6.79,109.64,6.48,100.37,,,,156653.2,62640.68,False
2024-06-08,6,Saturday,23,6,June,2,2024,8,True,False,False,False,False,,False,,8.0,27.0,,False,38.5,19.1,66.8,Heavy Rain,6.77,109.8,6.48,100.38,,,,185250.97,100593.39,False
2024-06-09,7,Sunday,23,6,June,2,2024,9,True,False,False,False,False,,False,,7.0,28.0,,False,39.1,9.3,72.9,Light Rain,6.78,109.56,6.48,100.46,,,,142858.85,79439.32,False
2024-06-10,1,Monday,24,6,June,2,2024,10,False,False,False,False,False,,False,,6.0,29.0,,False,38.9,3.7,76.6,Light Rain,6.8,109.57,6.48,100.43,,,,143210.08,71772.13,False
2024-06-11,2,Tuesday,24,6,June,2,2024,11,False,False,False,False,False,,False,,5.0,30.0,,False,39.1,21.4,79.9,Heavy Rain,6.8,109.57,6.48,100.46,,,,164687.41,64064.79,False
2024-06-12,3,Wednesday,24,6,June,2,2024,12,False,False,False,False,False,,False,,4.0,,,False,39.4,11.4,66.1,Light Rain,6.79,109.66,6.48,100.51,,,,123990.3,45566.23,False
2024-06-13,4,Thursday,24,6,June,2,2024,13,False,False,False,False,False,,False,,3.0,,,False,39.8,12.1,89.4,Light Rain,6.81,109.32,6.47,100.48,,,,172526.5,60951.03,False
2024-06-14,5,Friday,24,6,June,2,2024,14,False,False,False,False,False,,False,,2.0,,,False,38.7,26.9,69.6,Heavy Rain,6.78,109.14,6.48,100.48,,,,134705.34,68206.49,False
2024-06-15,6,Saturday,24,6,June,2,2024,15,True,False,False,False,False,,False,,1.0,,,False,37.8,11.6,67.7,Light Rain,6.78,109.05,6.49,100.55,,,,196256.56,103283.33,False
2024-06-16,7,Sunday,24,6,June,2,2024,16,True,False,False,False,False,Father's Day,True,Commercial,0.0,0.0,,False,37.2,9.7,72.2,Light Rain,6.8,109.02,6.47,100.48,,,,186254.46,122304.42,False
2024-06-17,1,Monday,25,6,June,2,2024,17,False,False,False,False,False,,False,,,1.0,,False,37.6,2.6,69.0,Light Rain,6.77,109.42,6.5,100.48,,,,138468.11,66588.1,False
2024-06-18,2,Tuesday,25,6,June,2,2024,18,False,False,False,False,False,,False,,,2.0,,False,38.7,23.8,65.9,Heavy Rain,6.76,109.54,6.5,100.39,,,,139576.88,80556.38,False
2024-06-19,3,Wednesday,25,6,June,2,2024,19,False,False,False,False,False,,False,,,3.0,,False,35.8,36.9,87.0,Heavy Rain,6.78,109.59,6.5,100.38,,,,124846.83,71442.71,False
2024-06-20,4,Thursday,25,6,June,2,2024,20,False,False,False,False,False,,False,,,4.0,,False,36.9,2.8,55.3,Light Rain,6.75,109.46,6.5,100.37,,,,141094.14,64444.77,False
2024-06-21,5,Friday,25,6,June,2,2024,21,False,False,False,False,False,,False,,,5.0,,False,35.7,23.4,65.0,Heavy Rain,6.74,109.51,6.49,100.32,,,,148124.07,70740.11,False
2024-06-22,6,Saturday,25,6,June,2,2024,22,True,False,False,False,False,,False,,,6.0,,False,37.5,10.1,79.0,Light Rain,6.78,109.39,6.49,100.26,,,,196630.52,99737.97,False
2024-06-23,7,Sunday,25,6,June,2,2024,23,True,False,False,False,False,,False,,,7.0,,False,39.7,11.4,77.0,Light Rain,6.81,109.4,6.49,100.31,,,,178784.25,81037.69,False
2024-06-24,1,Monday,26,6,June,2,2024,24,False,False,False,False,False,,False,,,8.0,,False,37.0,19.6,76.5,Heavy Rain,6.84,109.35,6.5,100.37,,,,132598.17,55677.08,False
2024-06-25,2,Tuesday,26,6,June,2,2024,25,False,False,False,False,False,,False,,,9.0,,False,37.0,14.1,59.6,Light Rain,6.87,109.45,6.49,100.31,,,,127098.93,74834.99,False
2024-06-26,3,Wednesday,26,6,June,2,2024,26,False,False,False,False,False,,False,,,10.0,,False,37.9,17.8,71.4,Heavy Rain,6.87,109.42,6.49,100.32,,,,166427.51,56467.46,False
2024-06-27,4,Thursday,26,6,June,2,2024,27,False,False,False,False,False,,False,,,11.0,,False,39.4,5.7,66.9,Light Rain,6.88,109.49,6.5,100.27,,,,115230.55,92779.97,False
2024-06-28,5,Friday,26,6,June,2,2024,28,False,False,False,False,False,,False,,,12.0,,False,39.6,0.6,75.6,Hot,6.91,109.78,6.49,100.31,,,,136215.93,67011.02,False
2024-06-29,6,Saturday,26,6,June,2,2024,29,True,False,False,False,False,,False,,,13.0,,False,38.6,4.3,72.2,Light Rain,6.92,109.58,6.5,100.29,,,,202361.09,76838.53,False
2024-06-30,7,Sunday,26,6,June,2,2024,30,True,False,True,False,True,,False,,,14.0,,False,36.9,29.2,59.2,Heavy Rain,6.93,109.33,6.51,100.34,,,,180357.9,85615.87,False
2024-07-01,1,Monday,27,7,July,3,2024,1,False,True,False,True,False,,False,,,15.0,End of Season Sale - Summer,False,36.9,12.7,78.5,Light Rain,6.92,109.07,6.51,100.45,End of Season Sale - Summer,Clearance,Low,204845.48,89224.26,True
2024-07-02,2,Tuesday,27,7,July,3,2024,2,False,False,False,False,False,,False,,,16.0,End of Season Sale - Summer,False,36.2,8.7,81.3,Light Rain,6.9,109.1,6.53,100.45,End of Season Sale - Summer,Clearance,Low,185127.62,85240.53,True
2024-07-03,3,Wednesday,27,7,July,3,2024,3,False,False,False,False,False,,False,,,17.0,End of Season Sale - Summer,False,34.6,25.3,81.1,Heavy Rain,6.93,109.1,6.52,100.48,End of Season Sale - Summer,Clearance,Low,156510.47,70424.96,True
2024-07-04,4,Thursday,27,7,July,3,2024,4,False,False,False,False,False,,False,,,18.0,End of Season Sale - Summer,False,35.1,7.9,76.0,Light Rain,6.94,109.0,6.5,100.38,End of Season Sale - Summer,Clearance,Low,,88876.98,True
2024-07-05,5,Friday,27,7,July,3,2024,5,False,False,False,False,False,,False,,,19.0,End of Season Sale - Summer,False,35.8,19.5,67.1,Heavy Rain,6.97,108.98,6.5,100.36,End of Season Sale - Summer,Clearance,Low,205807.71,100458.57,True
2024-07-06,6,Saturday,27,7,July,3,2024,6,True,False,False,False,False,,False,,,20.0,End of Season Sale - Summer,False,38.2,50.8,74.7,Heavy Rain,6.99,109.14,6.51,100.33,End of Season Sale - Summer,Clearance,Low,292904.99,105966.09,True
2024-07-07,7,Sunday,27,7,July,3,2024,7,True,False,False,False,False,,False,,,21.0,End of Season Sale - Summer,False,39.2,10.3,83.1,Light Rain,6.97,109.28,6.51,100.27,End of Season Sale - Summer,Clearance,Low,234906.6,121687.03,True
2024-07-08,1,Monday,28,7,July,3,2024,8,False,False,False,False,False,,False,,,22.0,End of Season Sale - Summer,False,39.6,30.3,69.3,Heavy Rain,6.96,109.08,6.53,100.25,End of Season Sale - Summer,Clearance,Low,177104.32,87328.18,True
2024-07-09,2,Tuesday,28,7,July,3,2024,9,False,False,False,False,False,,False,,,23.0,End of Season Sale - Summer,False,37.9,26.4,70.0,Heavy Rain,6.95,109.15,6.54,100.3,End of Season Sale - Summer,Clearance,Low,210213.55,86295.01,True
2024-07-10,3,Wednesday,28,7,July,3,2024,10,False,False,False,False,False,,False,,,24.0,End of Season Sale - Summer,False,36.5,9.4,70.5,Light Rain,6.96,108.97,6.54,100.32,End of Season Sale - Summer,Clearance,Low,164962.45,99429.85,True
2024-07-11,4,Thursday,28,7,July,3,2024,11,False,False,False,False,False,,False,,,25.0,End of Season Sale - Summer,False,38.7,11.8,67.1,Light Rain,6.96,109.19,6.54,100.29,End of Season Sale - Summer,Clearance,Low,170235.92,93837.47,True
2024-07-12,5,Friday,28,7,July,3,2024,12,False,False,False,False,False,,False,,,26.0,End of Season Sale - Summer,False,38.8,18.0,63.3,Heavy Rain,6.92,109.07,6.54,100.3,End of Season Sale - Summer,Clearance,Low,193754.93,84505.52,True
2024-07-13,6,Saturday,28,7,July,3,2024,13,True,False,False,False,False,,False,,,27.0,End of Season Sale - Summer,False,39.1,37.4,81.4,Heavy Rain,6.91,108.92,6.54,100.33,End of Season Sale - Summer,Clearance,Low,262932.42,112475.17,True
2024-07-14,7,Sunday,28,7,July,3,2024,14,True,False,False,False,False,,False,,,28.0,End of Season Sale - Summer,False,37.2,5.3,59.0,Light Rain,6.94,108.85,6.54,100.31,End of Season Sale - Summer,Clearance,Low,275491.93,98454.85,True
2024-07-15,1,Monday,29,7,July,3,2024,15,False,False,False,False,False,,False,,,29.0,End of Season Sale - Summer,False,37.8,17.7,81.6,Heavy Rain,6.92,108.6,6.52,100.28,End of Season Sale - Summer,Clearance,Low,190870.68,91965.79,True
2024-07-16,2,Tuesday,29,7,July,3,2024,16,False,False,False,False,False,,False,,30.0,30.0,,False,36.9,18.4,84.6,Heavy Rain,6.94,108.77,6.53,100.39,,,,108338.24,58191.17,False
2024-07-17,3,Wednesday,29,7,July,3,2024,17,False,False,False,False,False,,False,,29.0,,,False,36.8,12.7,78.7,Light Rain,6.94,109.01,6.53,100.24,,,,129642.84,61691.13,False
2024-07-18,4,Thursday,29,7,July,3,2024,18,False,False,False,False,False,,False,,28.0,,,False,34.8,25.0,59.3,Heavy Rain,6.93,109.28,6.53,100.35,,,,152947.26,89119.76,False
2024-07-19,5,Friday,29,7,July,3,2024,19,False,False,False,False,False,,False,,27.0,,,False,36.0,20.1,63.1,Heavy Rain,6.9,109.22,6.54,100.39,,,,151015.42,48319.92,False
2024-07-20,6,Saturday,29,7,July,3,2024,20,True,False,False,False,False,,False,,26.0,,,False,34.7,10.4,75.3,Light Rain,6.88,108.98,6.54,100.32,,,,172117.7,88520.0,False
2024-07-21,7,Sunday,29,7,July,3,2024,21,True,False,False,False,False,,False,,25.0,,,False,35.6,6.1,72.5,Light Rain,6.86,108.98,6.53,100.29,,,,141959.06,118292.78,False
2024-07-22,1,Monday,30,7,July,3,2024,22,False,False,False,False,False,,False,,24.0,,,False,33.3,7.7,69.5,Light Rain,6.83,108.82,6.52,100.38,,,,166173.0,88712.94,False
2024-07-23,2,Tuesday,30,7,July,3,2024,23,False,False,False,False,False,,False,,23.0,,,False,33.4,15.1,79.6,Heavy Rain,6.83,108.84,6.53,100.34,,,,147512.01,61673.02,False
2024-07-24,3,Wednesday,30,7,July,3,2024,24,False,False,False,False,False,,False,,22.0,,,False,35.1,20.7,64.3,Heavy Rain,6.83,109.09,6.53,100.37,,,,102338.26,58482.28,False
2024-07-25,4,Thursday,30,7,July,3,2024,25,False,False,False,False,False,,False,,21.0,,,False,35.2,25.0,69.9,Heavy Rain,6.87,108.66,6.51,100.43,,,,167122.47,88342.56,False
2024-07-26,5,Friday,30,7,July,3,2024,26,False,False,False,False,False,,False,,20.0,,,False,34.2,3.2,66.7,Light Rain,6.88,108.59,6.51,100.47,,,,134380.19,71358.39,False
2024-07-27,6,Saturday,30,7,July,3,2024,27,True,False,False,False,False,,False,,19.0,,,False,36.3,6.8,68.3,Light Rain,6.89,108.4,6.5,100.5,,,,122336.57,,False
2024-07-28,7,Sunday,30,7,July,3,2024,28,True,False,False,False,False,,False,,18.0,,,False,36.7,11.1,78.8,Light Rain,6.9,108.24,6.5,100.45,,,,164512.16,89118.32,False
2024-07-29,1,Monday,31,7,July,3,2024,29,False,False,False,False,False,,False,,17.0,,,False,36.3,10.0,71.3,Light Rain,6.89,108.48,6.51,100.39,,,,92451.44,78425.01,False
2024-07-30,2,Tuesday,31,7,July,3,2024,30,False,False,False,False,False,,False,,16.0,,,False,38.2,10.9,75.1,Light Rain,6.9,108.4,6.51,100.38,,,,133881.73,71812.29,False
2024-07-31,3,Wednesday,31,7,July,3,2024,31,False,False,True,False,False,,False,,15.0,,,False,35.5,28.8,76.7,Heavy Rain,6.88,108.09,6.51,100.35,,,,87713.3,82401.86,False
2024-08-01,4,Thursday,31,8,August,3,2024,1,False,True,False,False,False,,False,,14.0,,,False,37.1,10.4,87.1,Light Rain,6.9,107.65,6.52,100.23,,,,129530.58,86680.71,False
2024-08-02,5,Friday,31,8,August,3,2024,2,False,False,False,False,False,,False,,13.0,,,False,35.3,2.8,72.2,Light Rain,6.85,107.87,6.52,100.22,,,,139963.46,70487.94,False
2024-08-03,6,Saturday,31,8,August,3,2024,3,True,False,False,False,False,,False,,12.0,,,False,36.6,10.7,78.3,Light Rain,6.86,107.96,6.51,100.24,,,,194090.26,75004.91,False
2024-08-04,7,Sunday,31,8,August,3,2024,4,True,False,False,False,False,,False,,11.0,,,False,36.5,12.4,88.2,Light Rain,6.86,107.78,6.51,100.18,,,,155856.67,106375.31,False
2024-08-05,1,Monday,32,8,August,3,2024,5,False,False,False,False,False,,False,,10.0,,,False,36.4,9.8,76.1,Light Rain,6.89,107.86,6.51,100.2,,,,167697.16,78607.86,False
2024-08-06,2,Tuesday,32,8,August,3,2024,6,False,False,False,False,False,,False,,9.0,,,False,35.8,1.1,76.2,Hot,6.89,108.02,6.51,100.21,,,,142122.73,54287.07,False
2024-08-07,3,Wednesday,32,8,August,3,2024,7,False,False,False,False,False,,False,,8.0,,,False,34.9,14.4,79.2,Light Rain,6.88,108.14,6.48,100.19,,,,122882.04,75136.4,False
2024-08-08,4,Thursday,32,8,August,3,2024,8,False,False,False,False,False,,False,,7.0,,,False,36.6,22.0,81.5,Heavy Rain,6.92,107.96,6.49,100.13,,,,129247.14,77362.32,False
2024-08-09,5,Friday,32,8,August,3,2024,9,False,False,False,False,False,,False,,6.0,,,False,36.7,12.1,74.8,Light Rain,6.91,107.97,6.49,100.2,,,,162287.95,65718.25,False
2024-08-10,6,Saturday,32,8,August,3,2024,10,True,False,False,False,False,,False,,5.0,,Independence Day Sale,False,35.5,8.9,77.7,Light Rain,6.92,107.8,6.49,100.16,Independence Day Sale,National Sale,Medium,295655.09,162469.55,True
2024-08-11,7,Sunday,32,8,August,3,2024,11,True,False,False,False,False,,False,,4.0,,Independence Day Sale,False,34.4,19.0,74.7,Heavy Rain,6.93,107.84,6.49,100.12,Independence Day Sale,National Sale,Medium,350395.06,174340.93,True
2024-08-12,1,Monday,33,8,August,3,2024,12,False,False,False,False,False,,False,,3.0,,Independence Day Sale,False,35.2,5.6,76.7,Light Rain,6.95,107.85,6.5,100.06,Independence Day Sale,National Sale,Medium,263922.16,105983.46,True
2024-08-13,2,Tuesday,33,8,August,3,2024,13,False,False,False,False,False,,False,,2.0,,Independence Day Sale,False,33.5,5.1,70.2,Light Rain,6.95,107.98,6.5,100.11,Independence Day Sale,National Sale,Medium,232299.9,139708.17,True
2024-08-14,3,Wednesday,33,8,August,3,2024,14,False,False,False,False,False,,False,,1.0,,Independence Day Sale,False,32.1,4.5,86.0,Light Rain,6.92,108.13,6.51,100.13,Independence Day Sale,National Sale,Medium,223141.5,115325.79,True
2024-08-15,4,Thursday,33,8,August,3,2024,15,False,False,False,False,False,Independence Day,True,National,0.0,0.0,Independence Day Sale,False,32.8,1.1,89.0,Pleasant,6.89,,6.52,100.09,Independence Day Sale,National Sale,Medium,266045.16,121202.48,True
2024-08-16,5,Friday,33,8,August,3,2024,16,False,False,False,False,False,,False,,3.0,1.0,Independence Day Sale,False,32.0,12.0,79.9,Light Rain,6.89,108.16,6.53,100.14,Independence Day Sale,National Sale,Medium,222672.41,119126.11,True
2024-08-17,6,Saturday,33,8,August,3,2024,17,True,False,False,False,False,,False,,2.0,2.0,,False,31.8,19.4,70.1,Heavy Rain,6.91,107.98,6.53,100.11,,,,173018.7,106806.05,False
2024-08-18,7,Sunday,33,8,August,3,2024,18,True,False,False,False,False,,False,,1.0,3.0,,False,31.4,14.4,77.1,Light Rain,6.89,107.82,6.53,100.13,,,,187684.44,66869.24,False
2024-08-19,1,Monday,34,8,August,3,2024,19,False,False,False,False,False,Raksha Bandhan,True,Festival,0.0,0.0,,False,30.2,3.9,78.0,Light Rain,6.88,107.89,6.53,100.13,,,,170776.82,78265.29,False
2024-08-20,2,Tuesday,34,8,August,3,2024,20,False,False,False,False,False,,False,,,1.0,,False,29.9,10.2,74.8,Light Rain,6.87,107.96,6.52,100.14,,,,129706.01,73695.21,False
2024-08-21,3,Wednesday,34,8,August,3,2024,21,False,False,False,False,False,,False,,,2.0,,False,33.1,16.3,61.4,Heavy Rain,6.87,107.92,6.5,100.11,,,,139836.29,58089.4,False
2024-08-22,4,Thursday,34,8,August,3,2024,22,False,False,False,False,False,,False,,,3.0,,False,32.3,18.9,85.7,Heavy Rain,6.85,107.75,6.51,100.09,,,,124688.94,60142.42,False
2024-08-23,5,Friday,34,8,August,3,2024,23,False,False,False,False,False,,False,,,4.0,,False,32.5,7.6,60.3,Light Rain,6.82,107.69,6.5,100.06,,,,162390.14,70919.7,False
2024-08-24,6,Saturday,34,8,August,3,2024,24,True,False,False,False,False,,False,,,5.0,,False,33.3,5.4,71.3,Light Rain,6.84,107.52,6.5,100.11,,,,184565.84,93484.48,False
2024-08-25,7,Sunday,34,8,August,3,2024,25,True,False,False,False,False,,False,,,6.0,,False,32.1,0.7,68.7,Pleasant,6.86,107.53,6.49,100.17,,,,190520.65,67674.03,False
2024-08-26,1,Monday,35,8,August,3,2024,26,False,False,False,False,False,,False,,,7.0,,False,33.2,17.8,83.5,Heavy Rain,6.83,107.71,6.49,100.14,,,,146456.39,76722.11,False
2024-08-27,2,Tuesday,35,8,August,3,2024,27,False,False,False,False,False,,False,,,8.0,,False,31.9,5.7,77.9,Light Rain,6.8,107.9,6.49,100.26,,,,171094.72,68262.53,False
2024-08-28,3,Wednesday,35,8,August,3,2024,28,False,False,False,False,False,,False,,,9.0,,False,32.3,5.1,59.6,Light Rain,6.78,107.89,6.49,100.31,,,,164080.34,80701.51,False
2024-08-29,4,Thursday,35,8,August,3,2024,29,False,False,False,False,False,,False,,,10.0,,False,31.0,12.2,75.1,Light Rain,6.74,107.76,6.51,100.32,,,,124987.25,77029.91,False
2024-08-30,5,Friday,35,8,August,3,2024,30,False,False,False,False,False,,False,,,11.0,,False,30.9,12.5,66.5,Light Rain,6.74,107.77,6.51,100.41,,,,139921.08,73178.91,False
2024-08-31,6,Saturday,35,8,August,3,2024,31,True,False,True,False,False,,False,,,12.0,,False,32.0,24.1,74.2,Heavy Rain,6.72,107.65,6.52,100.5,,,,191381.35,57666.01,False
2024-09-01,7,Sunday,35,9,September,3,2024,1,True,True,False,False,False,,False,,,13.0,,False,30.6,10.1,87.9,Light Rain,6.73,107.76,6.52,100.56,,,,174993.87,71710.95,False
2024-09-02,1,Monday,36,9,September,3,2024,2,False,False,False,False,False,,False,,,14.0,,False,30.1,7.1,58.8,Light Rain,6.72,107.71,6.54,100.52,,,,123917.66,68772.2,False
2024-09-03,2,Tuesday,36,9,September,3,2024,3,False,False,False,False,False,,False,,,15.0,,False,30.7,3.8,85.1,Light Rain,6.75,107.59,6.52,100.5,,,,134311.36,81091.8,False
2024-09-04,3,Wednesday,36,9,September,3,2024,4,False,False,False,False,False,,False,,,16.0,,False,31.1,13.5,77.4,Light Rain,6.73,107.44,6.52,100.62,,,,177437.2,,False
2024-09-05,4,Thursday,36,9,September,3,2024,5,False,False,False,False,False,,False,,,17.0,,False,28.3,20.5,78.7,Heavy Rain,6.75,107.54,6.51,100.56,,,,154545.71,83132.28,False
2024-09-06,5,Friday,36,9,September,3,2024,6,False,False,False,False,False,,False,,,18.0,,False,27.4,5.9,70.2,Light Rain,6.77,,6.52,100.52,,,,120640.15,66277.59,False
2024-09-07,6,Saturday,36,9,September,3,2024,7,True,False,False,False,False,,False,,,19.0,,False,27.7,24.2,72.1,Heavy Rain,6.78,107.82,6.52,100.46,,,,,103306.1,False
2024-09-08,7,Sunday,36,9,September,3,2024,8,True,False,False,False,False,,False,,,20.0,,False,28.6,5.2,75.9,Light Rain,6.77,107.8,6.51,100.42,,,,188763.94,90130.3,False
2024-09-09,1,Monday,37,9,September,3,2024,9,False,False,False,False,False,,False,,,21.0,,False,28.5,4.6,88.0,Light Rain,6.75,107.81,6.51,100.44,,,,155946.84,63881.6,False
2024-09-10,2,Tuesday,37,9,September,3,2024,10,False,False,False,False,False,,False,,,22.0,,False,29.3,21.9,80.4,Heavy Rain,6.78,108.04,6.51,100.49,,,,141161.96,62468.79,False
2024-09-11,3,Wednesday,37,9,September,3,2024,11,False,False,False,False,False,,False,,,23.0,,False,31.7,29.1,73.6,Heavy Rain,6.78,107.99,6.53,100.47,,,,143518.99,80559.14,False
2024-09-12,4,Thursday,37,9,September,3,2024,12,False,False,False,False,False,,False,,30.0,24.0,,False,30.3,27.2,75.3,Heavy Rain,6.79,107.7,6.54,100.51,,,,149977.71,72862.09,False
2024-09-13,5,Friday,37,9,September,3,2024,13,False,False,False,False,False,,False,,29.0,25.0,,False,28.1,14.9,70.9,Light Rain,6.76,107.65,6.55,100.54,,,,121379.6,61168.01,False
2024-09-14,6,Saturday,37,9,September,3,2024,14,True,False,False,False,False,,False,,28.0,26.0,,False,29.1,11.3,88.6,Light Rain,6.79,107.49,6.53,100.64,,,,143648.81,71032.8,False
2024-09-15,7,Sunday,37,9,September,3,2024,15,True,False,False,False,False,,False,,27.0,27.0,,False,27.7,10.2,69.7,Light Rain,6.77,107.62,6.52,100.8,,,,142742.87,91310.13,False
2024-09-16,1,Monday,38,9,September,3,2024,16,False,False,False,False,False,,False,,26.0,28.0,,False,28.7,13.9,75.0,Light Rain,6.79,107.52,6.5,100.8,,,,95618.74,75459.6,False
2024-09-17,2,Tuesday,38,9,September,3,2024,17,False,False,False,False,False,,False,,25.0,29.0,,False,28.8,15.3,84.1,Heavy Rain,6.82,107.7,6.5,100.84,,,,126220.86,83462.5,False
2024-09-18,3,Wednesday,38,9,September,3,2024,18,False,False,False,False,False,,False,,24.0,30.0,,False,27.5,4.5,79.8,Light Rain,6.82,107.68,6.49,100.84,,,,138842.49,71121.92,False
2024-09-19,4,Thursday,38,9,September,3,2024,19,False,False,False,False,False,,False,,23.0,,,False,26.8,12.8,89.9,Light Rain,6.79,107.72,6.5,100.74,,,,104722.47,77948.65,False
2024-09-20,5,Friday,38,9,September,3,2024,20,False,False,False,False,False,,False,,22.0,,,False,29.5,28.4,70.7,Heavy Rain,6.77,107.53,6.5,100.79,,,,133314.85,73974.01,False
2024-09-21,6,Saturday,38,9,September,3,2024,21,True,False,False,False,False,,False,,21.0,,,False,29.2,7.6,76.5,Light Rain,6.76,107.55,6.5,100.8,,,,134945.57,93812.78,False
2024-09-22,7,Sunday,38,9,September,3,2024,22,True,False,False,False,False,,False,,20.0,,,False,27.7,13.1,75.5,Light Rain,6.76,107.46,6.5,100.79,,,,128223.4,93200.13,False
2024-09-23,1,Monday,39,9,September,3,2024,23,False,False,False,False,False,,False,,19.0,,,False,26.2,27.0,71.0,Heavy Rain,6.76,107.5,6.49,100.84,,,,129805.14,75220.52,False
2024-09-24,2,Tuesday,39,9,September,3,2024,24,False,False,False,False,False,,False,,18.0,,,False,25.7,10.7,69.4,Light Rain,6.75,107.54,6.49,100.78,,,,152047.65,71223.33,False
2024-09-25,3,Wednesday,39,9,September,3,2024,25,False,False,False,False,False,,False,,17.0,,,False,25.9,14.0,80.7,Light Rain,6.76,107.61,6.49,100.79,,,,154826.24,67748.79,False
2024-09-26,4,Thursday,39,9,September,3,2024,26,False,False,False,False,False,,False,,16.0,,,False,27.2,11.6,80.1,Light Rain,6.75,107.59,6.5,100.62,,,,102169.66,68231.51,False
2024-09-27,5,Friday,39,9,September,3,2024,27,False,False,False,False,False,,False,,15.0,,,False,24.7,,71.5,Heavy Rain,6.76,107.29,6.5,100.67,,,,168402.96,75794.35,False
2024-09-28,6,Saturday,39,9,September,3,2024,28,True,False,False,False,False,,False,,14.0,,,False,26.2,18.0,77.6,Heavy Rain,6.81,107.62,6.5,100.7,,,,194262.88,70423.38,False
2024-09-29,7,Sunday,39,9,September,3,2024,29,True,False,False,False,False,,False,,13.0,,,False,24.8,15.1,73.4,Heavy Rain,6.79,107.61,6.51,100.71,,,,201607.68,87613.35,False
2024-09-30,1,Monday,40,9,September,3,2024,30,False,False,True,False,True,,False,,12.0,,,False,23.4,14.6,68.9,Light Rain,6.78,107.52,6.52,100.66,,,,158579.51,78307.49,False
2024-10-01,2,Tuesday,40,10,October,4,2024,1,False,True,False,True,False,,False,,11.0,,,False,23.5,0.0,45.8,Pleasant,6.79,107.48,6.54,100.71,,,,168747.64,60228.71,False
2024-10-02,3,Wednesday,40,10,October,4,2024,2,False,False,False,False,False,,False,,10.0,,,False,23.2,0.0,35.7,Pleasant,6.8,107.41,6.54,100.73,,,,160348.73,75679.49,False
2024-10-03,4,Thursday,40,10,October,4,2024,3,False,False,False,False,False,,False,,9.0,,,False,25.1,0.0,61.3,Pleasant,6.78,107.37,6.55,100.76,,,,144531.41,72108.61,False
2024-10-04,5,Friday,40,10,October,4,2024,4,False,False,False,False,False,,False,,8.0,,,False,25.1,0.0,59.8,Pleasant,6.77,107.49,6.55,100.77,,,,143101.58,,False
2024-10-05,6,Saturday,40,10,October,4,2024,5,True,False,False,False,False,,False,,7.0,,,False,24.6,0.0,43.8,Pleasant,6.75,107.54,6.54,100.83,,,,181085.64,93653.5,False
2024-10-06,7,Sunday,40,10,October,4,2024,6,True,False,False,False,False,,False,,6.0,,Festival Sale - Dussehra,False,23.8,0.0,62.6,Pleasant,6.76,107.64,6.52,100.77,Festival Sale - Dussehra,Festival Sale,Medium,355970.76,178982.41,True
2024-10-07,1,Monday,41,10,October,4,2024,7,False,False,False,False,False,,False,,5.0,,Festival Sale - Dussehra,False,22.3,0.0,44.6,Pleasant,6.77,107.61,6.53,100.76,Festival Sale - Dussehra,Festival Sale,Medium,257040.12,131160.08,True
2024-10-08,2,Tuesday,41,10,October,4,2024,8,False,False,False,False,False,,False,,4.0,,Festival Sale - Dussehra,False,22.0,1.2,55.0,Pleasant,6.79,107.61,6.53,100.69,Festival Sale - Dussehra,Festival Sale,Medium,235160.33,129761.95,True
2024-10-09,3,Wednesday,41,10,October,4,2024,9,False,False,False,False,False,,False,,3.0,,Festival Sale - Dussehra,False,22.0,0.0,53.7,Pleasant,6.78,107.82,6.54,100.76,Festival Sale - Dussehra,Festival Sale,Medium,225908.61,125133.67,True
2024-10-10,4,Thursday,41,10,October,4,2024,10,False,False,False,False,False,,False,,2.0,,Festival Sale - Dussehra,False,22.1,0.0,36.2,Pleasant,6.78,107.81,6.55,100.75,Festival Sale - Dussehra,Festival Sale,Medium,252801.13,123931.86,True
2024-10-11,5,Friday,41,10,October,4,2024,11,False,False,False,False,False,,False,,1.0,,Festival Sale - Dussehra,False,20.5,0.0,69.8,Pleasant,6.76,108.03,6.56,100.66,Festival Sale - Dussehra,Festival Sale,Medium,224631.89,117479.76,True
2024-10-12,6,Saturday,41,10,October,4,2024,12,True,False,False,False,False,Dussehra,True,Festival,0.0,0.0,Diwali Mega Sale,True,19.5,0.0,46.6,Pleasant,6.75,108.1,6.57,100.65,Diwali Mega Sale,Festival Sale,High,440745.76,240916.29,True
2024-10-13,7,Sunday,41,10,October,4,2024,13,True,False,False,False,False,,False,,19.0,1.0,Diwali Mega Sale,True,20.6,0.0,57.9,Pleasant,6.73,,6.57,100.63,Diwali Mega Sale,Festival Sale,High,496572.25,231291.47,True
2024-10-14,1,Monday,42,10,October,4,2024,14,False,False,False,False,False,,False,,18.0,2.0,Diwali Mega Sale,True,20.9,0.0,42.4,Pleasant,6.74,108.15,6.57,100.7,Diwali Mega Sale,Festival Sale,High,340125.76,172385.87,True
2024-10-15,2,Tuesday,42,10,October,4,2024,15,False,False,False,False,False,,False,,17.0,3.0,Diwali Mega Sale,True,19.1,0.0,47.8,Pleasant,6.75,107.89,6.58,100.61,Diwali Mega Sale,Festival Sale,High,347549.27,154346.54,True
2024-10-16,3,Wednesday,42,10,October,4,2024,16,False,False,False,False,False,,False,,16.0,4.0,Diwali Mega Sale,True,17.8,0.0,43.3,Pleasant,6.78,108.22,6.57,100.52,Diwali Mega Sale,Festival Sale,High,354777.73,183982.47,True
2024-10-17,4,Thursday,42,10,October,4,2024,17,False,False,False,False,False,,False,,15.0,5.0,Diwali Mega Sale,True,16.0,0.0,55.8,Pleasant,6.79,107.92,6.57,100.53,Diwali Mega Sale,Festival Sale,High,386552.63,184719.88,True
2024-10-18,5,Friday,42,10,October,4,2024,18,False,False,False,False,False,,False,,14.0,6.0,Diwali Mega Sale,True,18.4,0.0,47.8,Pleasant,6.84,108.02,6.58,100.5,Diwali Mega Sale,Festival Sale,High,,182549.65,True
2024-10-19,6,Saturday,42,10,October,4,2024,19,True,False,False,False,False,,False,,13.0,7.0,Diwali Mega Sale,True,19.5,0.0,53.6,Pleasant,6.81,107.92,6.59,100.52,Diwali Mega Sale,Festival Sale,High,448274.78,221173.57,True
2024-10-20,7,Sunday,42,10,October,4,2024,20,True,False,False,False,False,,False,,12.0,8.0,Diwali Mega Sale,True,18.4,0.0,53.4,Pleasant,6.84,107.97,6.61,100.41,Diwali Mega Sale,Festival Sale,High,461877.51,206872.66,True
2024-10-21,1,Monday,43,10,October,4,2024,21,False,False,False,False,False,,False,,11.0,9.0,Diwali Mega Sale,True,16.0,0.0,39.9,Pleasant,6.84,107.83,6.62,100.48,Diwali Mega Sale,Festival Sale,High,328902.88,189601.43,True
2024-10-22,2,Tuesday,43,10,October,4,2024,22,False,False,False,False,False,,False,,10.0,10.0,Diwali Mega Sale,True,16.9,0.0,50.3,Pleasant,6.86,107.97,6.62,100.38,Diwali Mega Sale,Festival Sale,High,311160.84,191984.09,True
2024-10-23,3,Wednesday,43,10,October,4,2024,23,False,False,False,False,False,,False,,9.0,11.0,Diwali Mega Sale,True,17.7,0.0,46.6,Pleasant,6.92,107.79,6.62,100.46,Diwali Mega Sale,Festival Sale,High,413111.25,184946.78,True
2024-10-24,4,Thursday,43,10,October,4,2024,24,False,False,False,False,False,,False,,8.0,12.0,Diwali Mega Sale,True,18.6,0.0,58.4,Pleasant,6.91,107.62,6.61,100.53,Diwali Mega Sale,Festival Sale,High,385918.52,210392.52,True
2024-10-25,5,Friday,43,10,October,4,2024,25,False,False,False,False,False,,False,,7.0,13.0,Diwali Mega Sale,True,18.2,0.0,71.5,Pleasant,6.93,107.88,6.6,100.5,Diwali Mega Sale,Festival Sale,High,396184.43,173035.7,True
2024-10-26,6,Saturday,43,10,October,4,2024,26,True,False,False,False,False,,False,,6.0,14.0,Diwali Mega Sale,True,18.2,0.0,62.3,Pleasant,6.95,107.75,6.61,100.49,Diwali Mega Sale,Festival Sale,High,464804.39,236073.84,True
2024-10-27,7,Sunday,43,10,October,4,2024,27,True,False,False,False,False,,False,,5.0,15.0,Diwali Mega Sale,True,19.4,0.0,59.1,Pleasant,6.93,107.53,6.6,100.51,Diwali Mega Sale,Festival Sale,High,470834.63,236439.34,True
2024-10-28,1,Monday,44,10,October,4,2024,28,False,False,False,False,False,,False,,4.0,16.0,Diwali Mega Sale,True,17.4,0.0,55.4,Pleasant,6.95,107.61,6.6,100.46,Diwali Mega Sale,Festival Sale,High,331600.6,176455.66,True
2024-10-29,2,Tuesday,44,10,October,4,2024,29,False,False,False,False,False,,False,,3.0,17.0,Diwali Mega Sale,True,19.1,0.0,50.5,Pleasant,6.95,108.04,6.59,100.4,Diwali Mega Sale,Festival Sale,High,327135.73,160026.67,True
2024-10-30,3,Wednesday,44,10,October,4,2024,30,False,False,False,False,False,,False,,2.0,18.0,Diwali Mega Sale,True,19.2,0.0,49.9,Pleasant,6.96,108.13,6.59,100.42,Diwali Mega Sale,Festival Sale,High,382290.85,165839.85,True
2024-10-31,4,Thursday,44,10,October,4,2024,31,False,False,True,False,False,,False,,1.0,19.0,Diwali Mega Sale,True,18.6,0.0,40.0,Pleasant,7.01,108.29,6.6,100.33,Diwali Mega Sale,Festival Sale,High,362719.44,194715.86,True
2024-11-01,5,Friday,44,11,November,4,2024,1,False,True,False,False,False,Diwali,True,Festival,0.0,0.0,Diwali Mega Sale,True,17.7,0.0,46.0,Pleasant,7.01,108.24,6.59,100.31,Diwali Mega Sale,Festival Sale,High,363954.94,170312.91,True
2024-11-02,6,Saturday,44,11,November,4,2024,2,True,False,False,False,False,,False,,,1.0,Diwali Mega Sale,True,17.0,0.0,62.1,Pleasant,7.02,108.35,6.6,100.3,Diwali Mega Sale,Festival Sale,High,448368.58,235589.82,True
2024-11-03,7,Sunday,44,11,November,4,2024,3,True,False,False,False,False,,False,,,2.0,Diwali Mega Sale,True,17.3,0.0,57.1,Pleasant,7.03,108.52,6.59,100.38,Diwali Mega Sale,Festival Sale,High,463066.12,214674.05,True
2024-11-04,1,Monday,45,11,November,4,2024,4,False,False,False,False,False,,False,,,3.0,Diwali Mega Sale,True,18.7,0.0,56.2,Pleasant,7.0,108.65,6.58,100.32,Diwali Mega Sale,Festival Sale,High,362609.33,192398.61,True
2024-11-05,2,Tuesday,45,11,November,4,2024,5,False,False,False,False,False,,False,,,4.0,,False,18.2,0.0,47.5,Pleasant,7.02,108.59,6.59,100.49,,,,144948.45,58919.1,False
2024-11-06,3,Wednesday,45,11,November,4,2024,6,False,False,False,False,False,,False,,,5.0,,False,16.1,0.0,46.7,Pleasant,7.03,108.8,6.59,100.47,,,,153621.3,60882.41,False
2024-11-07,4,Thursday,45,11,November,4,2024,7,False,False,False,False,False,,False,,,6.0,,False,16.0,0.0,65.0,Pleasant,7.02,108.74,6.58,100.49,,,,173262.29,70770.03,False
2024-11-08,5,Friday,45,11,November,4,2024,8,False,False,False,False,False,,False,,,7.0,,False,14.8,0.0,64.0,Cold,7.04,108.87,6.58,100.43,,,,152217.33,66964.96,False
2024-11-09,6,Saturday,45,11,November,4,2024,9,True,False,False,False,False,,False,,,8.0,,False,15.5,0.1,43.0,Pleasant,7.03,108.86,6.58,100.38,,,,211748.24,85683.98,False
2024-11-10,7,Sunday,45,11,November,4,2024,10,True,False,False,False,False,,False,,,9.0,,False,16.7,0.0,64.2,Pleasant,7.02,108.85,6.59,100.43,,,,147583.51,74744.16,False
2024-11-11,1,Monday,46,11,November,4,2024,11,False,False,False,False,False,,False,,,10.0,,False,15.8,0.0,56.8,Pleasant,7.02,108.63,6.57,100.45,,,,116677.39,80326.9,False
2024-11-12,2,Tuesday,46,11,November,4,2024,12,False,False,False,False,False,,False,,,11.0,,False,14.9,0.0,61.0,Cold,7.03,108.62,6.6,100.45,,,,149290.74,66417.51,False
2024-11-13,3,Wednesday,46,11,November,4,2024,13,False,False,False,False,False,,False,,,12.0,,False,16.5,0.0,64.9,Pleasant,7.04,108.77,6.59,100.42,,,,154512.11,46218.2,False
2024-11-14,4,Thursday,46,11,November,4,2024,14,False,False,False,False,False,,False,,,13.0,,False,14.3,0.0,56.5,Cold,7.03,108.74,6.6,100.45,,,,132294.77,54075.23,False
2024-11-15,5,Friday,46,11,November,4,2024,15,False,False,False,False,False,,False,,,14.0,,False,14.9,0.0,53.4,Cold,7.02,,6.59,100.45,,,,170665.32,45867.96,False
2024-11-16,6,Saturday,46,11,November,4,2024,16,True,False,False,False,False,,False,,,15.0,,False,14.5,0.0,68.2,Cold,7.03,108.92,6.6,100.5,,,,196686.86,92016.55,False
2024-11-17,7,Sunday,46,11,November,4,2024,17,True,False,False,False,False,,False,,,16.0,,False,16.1,0.0,71.5,Pleasant,7.01,108.88,6.6,100.55,,,,,108981.22,False
2024-11-18,1,Monday,47,11,November,4,2024,18,False,False,False,False,False,,False,,,17.0,,False,17.1,0.0,53.1,Pleasant,7.03,108.87,6.61,100.6,,,,131810.81,67115.65,False
2024-11-19,2,Tuesday,47,11,November,4,2024,19,False,False,False,False,False,,False,,,18.0,,False,18.9,0.0,,Pleasant,7.06,109.11,6.61,100.54,,,,165040.14,64528.89,False
2024-11-20,3,Wednesday,47,11,November,4,2024,20,False,False,False,False,False,,False,,,19.0,,False,17.8,0.0,43.7,Pleasant,7.05,109.08,6.59,100.63,,,,134678.71,87816.57,False
2024-11-21,4,Thursday,47,11,November,4,2024,21,False,False,False,False,False,,False,,,20.0,,False,18.5,0.0,54.9,Pleasant,7.04,109.07,6.59,100.66,,,,149608.65,71916.79,False
2024-11-22,5,Friday,47,11,November,4,2024,22,False,False,False,False,False,,False,,,21.0,Black Friday,True,16.7,0.0,56.9,Pleasant,7.04,109.18,6.58,100.67,Black Friday,Flash Sale,High,343454.05,186256.33,True
2024-11-23,6,Saturday,47,11,November,4,2024,23,True,False,False,False,False,,False,,,22.0,Black Friday,True,15.9,0.0,76.4,Pleasant,7.05,109.16,6.59,100.68,Black Friday,Flash Sale,High,467517.04,235228.16,True
2024-11-24,7,Sunday,47,11,November,4,2024,24,True,False,False,False,False,,False,,,23.0,Black Friday,True,15.7,0.0,66.1,Pleasant,7.05,109.32,6.6,100.78,Black Friday,Flash Sale,High,481982.88,240435.58,True
2024-11-25,1,Monday,48,11,November,4,2024,25,False,False,False,False,False,,False,,30.0,24.0,Cyber Monday,True,18.4,0.0,56.9,Pleasant,7.06,109.42,6.59,100.76,Cyber Monday,Flash Sale,High,333567.98,176609.14,True
2024-11-26,2,Tuesday,48,11,November,4,2024,26,False,False,False,False,False,,False,,29.0,25.0,,False,15.0,0.0,53.6,Pleasant,7.04,109.64,6.59,100.7,,,,150092.99,64866.03,False
2024-11-27,3,Wednesday,48,11,November,4,2024,27,False,False,False,False,False,,False,,28.0,26.0,,False,12.6,0.0,67.4,Cold,7.01,109.57,6.6,100.72,,,,159249.65,67427.73,False
2024-11-28,4,Thursday,48,11,November,4,2024,28,False,False,False,False,False,,False,,27.0,27.0,,False,14.8,0.0,54.3,Cold,7.02,109.53,6.59,100.69,,,,122552.93,62284.12,False
2024-11-29,5,Friday,48,11,November,4,2024,29,False,False,False,False,False,,False,,26.0,28.0,,False,13.1,0.0,57.5,Cold,6.98,109.46,6.59,100.63,,,,148709.38,63749.86,False
2024-11-30,6,Saturday,48,11,November,4,2024,30,True,False,True,False,False,,False,,25.0,29.0,,False,13.6,0.0,56.5,Cold,6.98,109.81,6.61,100.64,,,,181398.75,90896.52,False
2024-12-01,7,Sunday,48,12,December,4,2024,1,True,True,False,False,False,,False,,24.0,30.0,,False,14.2,0.0,54.6,Cold,6.99,109.81,6.6,100.55,,,,130301.95,111958.86,False
2024-12-02,1,Monday,49,12,December,4,2024,2,False,False,False,False,False,,False,,23.0,,,False,15.1,0.0,52.4,Pleasant,6.98,109.57,6.6,100.46,,,,122692.89,82258.36,False
2024-12-03,2,Tuesday,49,12,December,4,2024,3,False,False,False,False,False,,False,,22.0,,,False,16.7,5.8,58.8,Light Rain,6.95,109.61,6.6,100.48,,,,148001.34,71250.89,False
2024-12-04,3,Wednesday,49,12,December,4,2024,4,False,False,False,False,False,,False,,21.0,,,False,16.6,0.0,57.8,Pleasant,6.93,109.63,6.6,100.44,,,,127707.71,64037.87,False
2024-12-05,4,Thursday,49,12,December,4,2024,5,False,False,False,False,False,,False,,20.0,,,False,16.9,0.0,58.0,Pleasant,6.94,109.96,6.61,100.39,,,,115144.45,70957.94,False
2024-12-06,5,Friday,49,12,December,4,2024,6,False,False,False,False,False,,False,,19.0,,,False,16.7,0.0,62.8,Pleasant,6.9,109.65,6.6,100.42,,,,159517.71,71075.13,False
2024-12-07,6,Saturday,49,12,December,4,2024,7,True,False,False,False,False,,False,,18.0,,,False,17.7,0.0,53.9,Pleasant,6.94,109.71,6.59,100.44,,,,151754.25,105260.65,False
2024-12-08,7,Sunday,49,12,December,4,2024,8,True,False,False,False,False,,False,,17.0,,,False,16.4,0.0,65.5,Pleasant,6.94,109.64,6.6,100.49,,,,179944.71,93599.3,False
2024-12-09,1,Monday,50,12,December,4,2024,9,False,False,False,False,False,,False,,16.0,,,False,17.0,2.7,52.9,Light Rain,6.93,109.66,6.61,100.44,,,,135857.74,63910.61,False
2024-12-10,2,Tuesday,50,12,December,4,2024,10,False,False,False,False,False,,False,,15.0,,,False,18.3,0.0,58.0,Pleasant,6.95,109.45,6.6,100.46,,,,168635.45,54675.46,False
2024-12-11,3,Wednesday,50,12,December,4,2024,11,False,False,False,False,False,,False,,14.0,,,False,17.5,1.9,46.4,Pleasant,6.98,109.37,6.6,100.4,,,,125688.76,51661.78,False
2024-12-12,4,Thursday,50,12,December,4,2024,12,False,False,False,False,False,,False,,13.0,,,False,18.2,0.0,55.9,Pleasant,6.99,109.68,6.6,100.41,,,,126069.62,79309.36,False
2024-12-13,5,Friday,50,12,December,4,2024,13,False,False,False,False,False,,False,,12.0,,,False,17.6,0.0,63.6,Pleasant,6.97,109.6,6.6,100.45,,,,139023.7,77147.11,False
2024-12-14,6,Saturday,50,12,December,4,2024,14,True,False,False,False,False,,False,,11.0,,,False,17.5,0.0,55.7,Pleasant,6.96,109.43,6.61,100.57,,,,177007.04,114400.04,False
2024-12-15,7,Sunday,50,12,December,4,2024,15,True,False,False,False,False,,False,,10.0,,,False,18.5,0.0,52.9,Pleasant,6.96,109.59,6.62,100.54,,,,140657.79,91948.09,False
2024-12-16,1,Monday,51,12,December,4,2024,16,False,False,False,False,False,,False,,9.0,,,False,18.8,0.0,55.7,Pleasant,6.92,109.69,6.62,100.55,,,,144256.13,65955.29,False
2024-12-17,2,Tuesday,51,12,December,4,2024,17,False,False,False,False,False,,False,,8.0,,,False,16.3,0.0,60.0,Pleasant,6.96,109.66,6.61,100.67,,,,163963.98,62831.62,False
2024-12-18,3,Wednesday,51,12,December,4,2024,18,False,False,False,False,False,,False,,7.0,,,False,15.4,0.0,67.2,Pleasant,6.96,109.89,6.62,100.63,,,,146009.79,53094.41,False
2024-12-19,4,Thursday,51,12,December,4,2024,19,False,False,False,False,False,,False,,6.0,,,False,14.3,0.0,49.1,Cold,6.96,109.71,6.62,100.53,,,,133917.74,78733.15,False
2024-12-20,5,Friday,51,12,December,4,2024,20,False,False,False,False,False,,False,,5.0,,,False,13.7,0.0,58.8,Cold,6.97,109.61,6.62,100.47,,,,126006.55,65451.98,False
2024-12-21,6,Saturday,51,12,December,4,2024,21,True,False,False,False,False,,False,,4.0,,,False,14.5,0.0,44.8,Cold,7.0,109.27,6.6,100.58,,,,214991.65,93561.95,False
2024-12-22,7,Sunday,51,12,December,4,2024,22,True,False,False,False,False,,False,,3.0,,,False,14.7,0.0,37.9,Cold,7.02,109.21,6.58,100.61,,,,201563.81,109026.23,False
2024-12-23,1,Monday,52,12,December,4,2024,23,False,False,False,False,False,,False,,2.0,,,False,15.9,0.0,61.1,Pleasant,7.02,109.24,6.6,100.6,,,,88878.13,65977.43,False
2024-12-24,2,Tuesday,52,12,December,4,2024,24,False,False,False,False,False,,False,,1.0,,,False,13.6,0.0,67.1,Cold,7.03,109.14,6.59,100.66,,,,145444.25,88699.72,False
2024-12-25,3,Wednesday,52,12,December,4,2024,25,False,False,False,False,False,Christmas,True,National,0.0,0.0,,False,12.6,0.0,75.4,Cold,7.03,109.16,6.59,100.69,,,,155991.03,83136.29,False
2024-12-26,4,Thursday,52,12,December,4,2024,26,False,False,False,False,False,,False,,6.0,1.0,New Year Sale,False,10.7,0.0,60.5,Cold,7.06,109.23,6.59,100.65,New Year Sale,Seasonal Sale,Medium,284014.9,125774.5,True
2024-12-27,5,Friday,52,12,December,4,2024,27,False,False,False,False,False,,False,,5.0,2.0,New Year Sale,False,13.7,0.0,58.0,Cold,7.04,109.04,6.59,100.64,New Year Sale,Seasonal Sale,Medium,281433.92,112182.88,True
2024-12-28,6,Saturday,52,12,December,4,2024,28,True,False,False,False,False,,False,,4.0,3.0,New Year Sale,False,12.3,0.0,48.2,Cold,7.02,108.73,6.58,100.68,New Year Sale,Seasonal Sale,Medium,349261.45,136670.29,True
2024-12-29,7,Sunday,52,12,December,4,2024,29,True,False,False,False,False,,False,,3.0,4.0,New Year Sale,False,13.3,0.0,61.9,Cold,7.0,108.62,6.59,100.67,New Year Sale,Seasonal Sale,Medium,331102.87,170140.31,True
2024-12-30,1,Monday,1,12,December,4,2024,30,False,False,False,False,False,,False,,2.0,5.0,New Year Sale,False,14.3,0.0,61.8,Cold,6.99,108.48,6.58,100.67,New Year Sale,Seasonal Sale,Medium,234775.22,127989.94,True
2024-12-31,2,Tuesday,1,12,December,4,2024,31,False,False,True,False,True,,False,,1.0,6.0,New Year Sale,False,14.1,0.0,47.2,Cold,7.02,108.59,6.6,100.63,New Year Sale,Seasonal Sale,Medium,263865.53,120301.39,True
2025-01-01,3,Wednesday,1,1,January,1,2025,1,False,True,False,True,False,New Year,True,National,0.0,0.0,New Year Sale,False,13.7,0.0,62.6,Cold,7.05,108.54,6.59,100.64,New Year Sale,Seasonal Sale,Medium,275954.83,132729.11,True
2025-01-02,4,Thursday,1,1,January,1,2025,2,False,False,False,False,False,,False,,24.0,1.0,New Year Sale,False,14.8,0.0,55.6,Cold,7.06,108.85,6.6,100.6,New Year Sale,Seasonal Sale,Medium,245248.62,124171.12,True
2025-01-03,5,Friday,1,1,January,1,2025,3,False,False,False,False,False,,False,,23.0,2.0,End of Season Sale - Winter,False,15.1,0.0,43.2,Pleasant,7.05,108.8,6.59,100.48,End of Season Sale - Winter,Clearance,Medium,226635.2,137305.02,True
2025-01-04,6,Saturday,1,1,January,1,2025,4,True,False,False,False,False,,False,,22.0,3.0,End of Season Sale - Winter,False,13.4,0.0,60.1,Cold,7.05,108.83,6.61,100.6,End of Season Sale - Winter,Clearance,Medium,292717.96,176132.0,True
2025-01-05,7,Sunday,1,1,January,1,2025,5,True,False,False,False,False,,False,,21.0,4.0,End of Season Sale - Winter,False,14.5,0.0,52.5,Cold,7.03,109.08,6.64,100.52,End of Season Sale - Winter,Clearance,Medium,303068.98,160032.85,True
2025-01-06,1,Monday,2,1,January,1,2025,6,False,False,False,False,False,,False,,20.0,5.0,End of Season Sale - Winter,False,13.4,0.0,57.1,Cold,7.03,108.83,6.62,100.52,End of Season Sale - Winter,Clearance,Medium,211495.72,134807.97,True
2025-01-07,2,Tuesday,2,1,January,1,2025,7,False,False,False,False,False,,False,,19.0,6.0,End of Season Sale - Winter,False,13.2,0.0,57.7,Cold,7.04,108.9,6.61,100.48,End of Season Sale - Winter,Clearance,Medium,244547.06,127622.84,True
2025-01-08,3,Wednesday,2,1,January,1,2025,8,False,False,False,False,False,,False,,18.0,7.0,End of Season Sale - Winter,False,14.7,0.0,66.0,Cold,7.03,108.73,6.61,100.45,End of Season Sale - Winter,Clearance,Medium,282612.61,135175.81,True
2025-01-09,4,Thursday,2,1,January,1,2025,9,False,False,False,False,False,,False,,17.0,8.0,End of Season Sale - Winter,False,15.2,0.0,57.5,Pleasant,7.01,109.1,6.61,100.51,End of Season Sale - Winter,Clearance,Medium,277913.5,125949.79,True
2025-01-10,5,Friday,2,1,January,1,2025,10,False,False,False,False,False,,False,,16.0,9.0,End of Season Sale - Winter,False,15.0,0.0,54.7,Pleasant,7.0,108.83,6.62,100.44,End of Season Sale - Winter,Clearance,Medium,248368.14,150268.2,True
2025-01-11,6,Saturday,2,1,January,1,2025,11,True,False,False,False,False,,False,,15.0,10.0,End of Season Sale - Winter,False,17.1,0.0,56.7,Pleasant,7.01,109.07,6.64,100.45,End of Season Sale - Winter,Clearance,Medium,310455.29,167647.54,True
2025-01-12,7,Sunday,2,1,January,1,2025,12,True,False,False,False,False,,False,,14.0,11.0,End of Season Sale - Winter,False,17.1,0.0,57.7,Pleasant,7.0,109.33,6.64,100.46,End of Season Sale - Winter,Clearance,Medium,347395.14,160277.87,True
2025-01-13,1,Monday,3,1,January,1,2025,13,False,False,False,False,False,,False,,13.0,12.0,End of Season Sale - Winter,False,16.8,0.0,40.7,Pleasant,7.02,109.48,6.65,100.53,End of Season Sale - Winter,Clearance,Medium,228048.52,128499.1,True
2025-01-14,2,Tuesday,3,1,January,1,2025,14,False,False,False,False,False,,False,,12.0,13.0,End of Season Sale - Winter,False,16.1,0.5,54.2,Pleasant,7.0,109.43,6.64,100.56,End of Season Sale - Winter,Clearance,Medium,294959.64,130377.61,True
2025-01-15,3,Wednesday,3,1,January,1,2025,15,False,False,False,False,False,,False,,11.0,14.0,End of Season Sale - Winter,False,15.8,0.0,49.2,Pleasant,7.01,109.45,6.64,100.45,End of Season Sale - Winter,Clearance,Medium,227947.14,129792.73,True
2025-01-16,4,Thursday,3,1,January,1,2025,16,False,False,False,False,False,,False,,10.0,15.0,,False,14.4,0.0,55.6,Cold,6.99,109.72,6.61,100.42,,,,107833.91,65932.54,False
2025-01-17,5,Friday,3,1,January,1,2025,17,False,False,False,False,False,,False,,9.0,16.0,,False,15.4,0.0,58.1,Pleasant,6.99,109.76,6.6,100.41,,,,156169.27,72876.36,False
2025-01-18,6,Saturday,3,1,January,1,2025,18,True,False,False,False,False,,False,,8.0,17.0,,False,16.2,0.0,59.7,Pleasant,6.98,109.62,6.58,100.27,,,,154880.47,82978.46,False
2025-01-19,7,Sunday,3,1,January,1,2025,19,True,False,False,False,False,,False,,7.0,18.0,,False,16.3,0.0,45.2,Pleasant,6.99,109.68,6.59,100.29,,,,163598.01,95801.29,False
2025-01-20,1,Monday,4,1,January,1,2025,20,False,False,False,False,False,,False,,6.0,19.0,Republic Day Sale,False,16.7,0.0,52.9,Pleasant,6.97,109.84,6.6,100.28,Republic Day Sale,National Sale,Medium,205373.15,116834.07,True
2025-01-21,2,Tuesday,4,1,January,1,2025,21,False,False,False,False,False,,False,,5.0,20.0,Republic Day Sale,False,17.7,0.0,58.7,Pleasant,6.96,109.75,6.61,100.28,Republic Day Sale,National Sale,Medium,252095.66,118262.33,True
2025-01-22,3,Wednesday,4,1,January,1,2025,22,False,False,False,False,False,,False,,4.0,21.0,Republic Day Sale,False,17.5,0.0,60.1,Pleasant,6.92,109.93,6.63,100.32,Republic Day Sale,National Sale,Medium,244160.48,138771.05,True
2025-01-23,4,Thursday,4,1,January,1,2025,23,False,False,False,False,False,,False,,3.0,22.0,Republic Day Sale,False,18.7,0.0,54.6,Pleasant,6.92,109.8,6.63,100.37,Republic Day Sale,National Sale,Medium,295588.59,107055.68,True
2025-01-24,5,Friday,4,1,January,1,2025,24,False,False,False,False,False,,False,,2.0,23.0,Republic Day Sale,False,18.7,0.0,50.3,Pleasant,6.94,109.65,6.63,100.34,Republic Day Sale,National Sale,Medium,267194.03,111717.92,True
2025-01-25,6,Saturday,4,1,January,1,2025,25,True,False,False,False,False,,False,,1.0,24.0,Republic Day Sale,False,20.5,0.0,49.8,Pleasant,6.91,109.84,6.63,100.35,Republic Day Sale,National Sale,Medium,364581.57,146315.31,True
2025-01-26,7,Sunday,4,1,January,1,2025,26,True,False,False,False,False,Republic Day,True,National,0.0,0.0,Republic Day Sale,False,18.2,1.0,53.6,Pleasant,6.91,109.89,6.62,100.41,Republic Day Sale,National Sale,Medium,324894.56,152516.62,True
2025-01-27,1,Monday,5,1,January,1,2025,27,False,False,False,False,False,,False,,18.0,1.0,Republic Day Sale,False,17.1,0.0,54.2,Pleasant,6.92,110.11,6.62,100.32,Republic Day Sale,National Sale,Medium,258961.67,127586.8,True
2025-01-28,2,Tuesday,5,1,January,1,2025,28,False,False,False,False,False,,False,,17.0,2.0,,False,17.2,0.0,42.1,Pleasant,6.91,110.13,6.62,100.41,,,,176049.71,49808.44,False
2025-01-29,3,Wednesday,5,1,January,1,2025,29,False,False,False,False,False,,False,,16.0,3.0,,False,19.5,0.0,51.4,Pleasant,6.97,110.38,6.63,100.35,,,,142686.5,75640.82,False
2025-01-30,4,Thursday,5,1,January,1,2025,30,False,False,False,False,False,,False,,15.0,4.0,,False,17.7,0.0,44.5,Pleasant,7.0,110.37,6.62,100.44,,,,158392.15,85758.65,False
2025-01-31,5,Friday,5,1,January,1,2025,31,False,False,True,False,False,,False,,14.0,5.0,,False,15.9,0.0,54.3,Pleasant,6.96,110.39,6.62,100.43,,,,138224.09,54224.22,False
2025-02-01,6,Saturday,5,2,February,1,2025,1,True,True,False,False,False,,False,,13.0,6.0,,False,17.1,0.0,44.4,Pleasant,6.94,110.39,6.61,100.37,,,,169508.2,71481.49,False
2025-02-02,7,Sunday,5,2,February,1,2025,2,True,False,False,False,False,,False,,12.0,7.0,,False,15.2,0.0,46.6,Pleasant,6.96,110.27,6.62,100.34,,,,138635.67,96336.92,False
2025-02-03,1,Monday,6,2,February,1,2025,3,False,False,False,False,False,,False,,11.0,8.0,,False,15.7,0.0,72.3,Pleasant,6.99,110.09,6.62,100.32,,,,121636.12,74994.6,False
2025-02-04,2,Tuesday,6,2,February,1,2025,4,False,False,False,False,False,,False,,10.0,9.0,,False,17.3,0.0,45.4,Pleasant,7.0,110.28,6.6,100.3,,,,122541.87,77294.58,False
2025-02-05,3,Wednesday,6,2,February,1,2025,5,False,False,False,False,False,,False,,9.0,10.0,,False,15.7,0.0,53.2,Pleasant,6.99,110.27,6.58,100.22,,,,119251.48,77872.44,False
2025-02-06,4,Thursday,6,2,February,1,2025,6,False,False,False,False,False,,False,,8.0,11.0,,False,18.0,0.0,51.4,Pleasant,6.96,110.05,6.58,100.29,,,,130501.44,62071.17,False
2025-02-07,5,Friday,6,2,February,1,2025,7,False,False,False,False,False,,False,,7.0,12.0,,False,17.3,0.0,64.8,Pleasant,6.95,109.99,6.58,100.25,,,,138208.84,81671.55,False
2025-02-08,6,Saturday,6,2,February,1,2025,8,True,False,False,False,False,,False,,6.0,13.0,,False,18.2,0.0,70.7,Pleasant,7.01,109.77,6.58,100.29,,,,213671.28,64962.96,False
2025-02-09,7,Sunday,6,2,February,1,2025,9,True,False,False,False,False,,False,,5.0,14.0,,False,20.3,0.0,60.4,Pleasant,7.01,109.48,6.58,100.24,,,,190127.46,84112.11,False
2025-02-10,1,Monday,7,2,February,1,2025,10,False,False,False,False,False,,False,,4.0,15.0,,False,18.4,0.0,75.8,Pleasant,6.98,109.52,6.57,100.28,,,,120761.97,75067.46,False
2025-02-11,2,Tuesday,7,2,February,1,2025,11,False,False,False,False,False,,False,,3.0,16.0,,False,17.9,0.1,56.9,Pleasant,6.99,109.55,6.58,100.36,,,,126959.11,,False
2025-02-12,3,Wednesday,7,2,February,1,2025,12,False,False,False,False,False,,False,,2.0,17.0,,False,17.2,0.0,69.2,Pleasant,6.97,109.68,6.6,100.41,,,,163842.99,59008.37,False
2025-02-13,4,Thursday,7,2,February,1,2025,13,False,False,False,False,False,,False,,1.0,18.0,,False,17.4,0.0,66.6,Pleasant,6.97,,6.6,100.48,,,,112707.24,78503.86,False
2025-02-14,5,Friday,7,2,February,1,2025,14,False,False,False,False,False,Valentine's Day,True,Commercial,0.0,0.0,,False,18.2,0.0,58.0,Pleasant,6.95,109.41,6.58,100.5,,,,108924.09,63750.75,False
2025-02-15,6,Saturday,7,2,February,1,2025,15,True,False,False,False,False,,False,,27.0,1.0,,False,17.6,0.0,33.8,Pleasant,6.94,109.41,6.59,100.49,,,,203814.77,88092.03,False
2025-02-16,7,Sunday,7,2,February,1,2025,16,True,False,False,False,False,,False,,26.0,2.0,,False,17.7,0.0,57.6,Pleasant,6.95,109.47,6.6,100.58,,,,150717.24,79042.01,False
2025-02-17,1,Monday,8,2,February,1,2025,17,False,False,False,False,False,,False,,25.0,3.0,,False,20.9,0.0,38.1,Pleasant,6.95,109.53,6.61,100.6,,,,152452.3,72501.71,False
2025-02-18,2,Tuesday,8,2,February,1,2025,18,False,False,False,False,False,,False,,24.0,4.0,,False,22.0,0.0,55.5,Pleasant,6.95,109.56,6.62,100.53,,,,166707.37,78727.18,False
2025-02-19,3,Wednesday,8,2,February,1,2025,19,False,False,False,False,False,,False,,23.0,5.0,,False,20.1,0.0,54.5,Pleasant,6.91,109.56,6.62,100.49,,,,99330.98,73142.88,False
2025-02-20,4,Thursday,8,2,February,1,2025,20,False,False,False,False,False,,False,,22.0,6.0,,False,21.9,0.0,64.8,Pleasant,6.92,109.7,6.6,100.46,,,,136209.18,70435.67,False
2025-02-21,5,Friday,8,2,February,1,2025,21,False,False,False,False,False,,False,,21.0,7.0,,False,20.9,0.0,61.9,Pleasant,6.89,109.79,6.6,100.49,,,,144033.59,73260.97,False
2025-02-22,6,Saturday,8,2,February,1,2025,22,True,False,False,False,False,,False,,20.0,8.0,,False,20.5,0.0,,Pleasant,6.91,109.67,6.6,100.5,,,,232438.23,100011.77,False
2025-02-23,7,Sunday,8,2,February,1,2025,23,True,False,False,False,False,,False,,19.0,9.0,,False,21.3,0.0,44.8,Pleasant,6.92,109.23,6.59,100.51,,,,140095.78,58303.54,False
2025-02-24,1,Monday,9,2,February,1,2025,24,False,False,False,False,False,,False,,18.0,10.0,,False,19.5,3.7,53.3,Light Rain,6.94,109.31,6.59,100.5,,,,180108.17,64282.46,False
2025-02-25,2,Tuesday,9,2,February,1,2025,25,False,False,False,False,False,,False,,17.0,11.0,,False,18.7,0.0,39.0,Pleasant,6.91,109.5,6.59,100.53,,,,156006.46,,False
2025-02-26,3,Wednesday,9,2,February,1,2025,26,False,False,False,False,False,,False,,16.0,12.0,,False,19.0,0.0,66.1,Pleasant,6.9,109.29,6.58,100.62,,,,137403.6,56529.12,False
2025-02-27,4,Thursday,9,2,February,1,2025,27,False,False,False,False,False,,False,,15.0,13.0,,False,20.2,0.0,48.4,Pleasant,6.89,109.14,6.57,100.59,,,,154074.64,75850.19,False
2025-02-28,5,Friday,9,2,February,1,2025,28,False,False,True,False,False,,False,,14.0,14.0,,False,20.6,0.0,55.6,Pleasant,6.91,109.29,6.56,100.54,,,,159340.83,70953.2,False
2025-03-01,6,Saturday,9,3,March,1,2025,1,True,True,False,False,False,,False,,13.0,15.0,,False,22.7,0.0,63.8,Pleasant,6.91,109.11,6.57,100.52,,,,196671.72,87511.2,False
2025-03-02,7,Sunday,9,3,March,1,2025,2,True,False,False,False,False,,False,,12.0,16.0,,False,23.4,0.0,55.7,Pleasant,6.93,109.32,6.55,100.54,,,,187149.47,92849.47,False
2025-03-03,1,Monday,10,3,March,1,2025,3,False,False,False,False,False,,False,,11.0,17.0,,False,23.1,0.0,51.7,Pleasant,6.94,109.54,6.54,100.62,,,,113156.7,66098.15,False
2025-03-04,2,Tuesday,10,3,March,1,2025,4,False,False,False,False,False,,False,,10.0,18.0,,False,22.0,0.0,53.1,Pleasant,6.95,109.25,6.54,100.67,,,,139769.45,59364.72,False
2025-03-05,3,Wednesday,10,3,March,1,2025,5,False,False,False,False,False,,False,,9.0,19.0,,False,22.4,0.0,62.6,Pleasant,6.97,109.12,6.54,100.64,,,,136454.62,60054.2,False
2025-03-06,4,Thursday,10,3,March,1,2025,6,False,False,False,False,False,,False,,8.0,20.0,,False,21.8,0.0,45.4,Pleasant,6.99,109.09,6.53,100.68,,,,143825.14,83969.82,False
2025-03-07,5,Friday,10,3,March,1,2025,7,False,False,False,False,False,,False,,7.0,21.0,,False,24.7,0.0,52.2,Pleasant,6.97,108.85,6.53,100.65,,,,185423.11,64260.96,False
2025-03-08,6,Saturday,10,3,March,1,2025,8,True,False,False,False,False,,False,,6.0,22.0,,False,23.6,0.0,54.2,Pleasant,6.96,108.59,6.54,100.68,,,,224644.45,99256.73,False
2025-03-09,7,Sunday,10,3,March,1,2025,9,True,False,False,False,False,,False,,5.0,23.0,,False,23.7,0.0,54.8,Pleasant,6.98,108.59,6.55,100.57,,,,169284.57,94740.36,False
2025-03-10,1,Monday,11,3,March,1,2025,10,False,False,False,False,False,,False,,4.0,24.0,,False,24.0,0.0,64.4,Pleasant,7.01,108.4,6.55,100.6,,,,184203.66,73336.83,False
2025-03-11,2,Tuesday,11,3,March,1,2025,11,False,False,False,False,False,,False,,3.0,25.0,,False,23.5,0.0,64.9,Pleasant,6.96,108.55,6.56,100.59,,,,164068.0,62449.97,False
2025-03-12,3,Wednesday,11,3,March,1,2025,12,False,False,False,False,False,,False,,2.0,26.0,,False,22.5,0.0,53.6,Pleasant,6.97,108.57,6.54,100.59,,,,151778.93,74601.35,False
2025-03-13,4,Thursday,11,3,March,1,2025,13,False,False,False,False,False,,False,,1.0,27.0,,False,24.8,0.0,57.9,Pleasant,6.97,108.59,6.54,100.59,,,,111300.23,63669.65,False
2025-03-14,5,Friday,11,3,March,1,2025,14,False,False,False,False,False,Holi,True,Festival,0.0,0.0,,False,26.0,0.0,52.4,Pleasant,6.97,108.67,6.55,100.55,,,,134935.41,56612.83,False
2025-03-15,6,Saturday,11,3,March,1,2025,15,True,False,False,False,False,,False,,16.0,1.0,,False,26.2,0.0,56.4,Pleasant,6.95,108.77,6.54,100.47,,,,165339.59,77885.08,False
2025-03-16,7,Sunday,11,3,March,1,2025,16,True,False,False,False,False,,False,,15.0,2.0,,False,26.6,0.0,48.9,Pleasant,6.97,108.86,6.54,100.42,,,,150940.13,93094.83,False
2025-03-17,1,Monday,12,3,March,1,2025,17,False,False,False,False,False,,False,,14.0,3.0,,False,26.1,0.0,57.6,Pleasant,6.98,108.75,6.54,100.42,,,,93647.69,64302.06,False
2025-03-18,2,Tuesday,12,3,March,1,2025,18,False,False,False,False,False,,False,,13.0,4.0,,False,27.3,0.0,51.2,Pleasant,6.96,108.81,6.54,100.32,,,,111214.83,93883.3,False
2025-03-19,3,Wednesday,12,3,March,1,2025,19,False,False,False,False,False,,False,,12.0,5.0,,False,26.4,0.0,56.1,Pleasant,6.97,108.9,6.54,100.3,,,,134934.61,68904.04,False
2025-03-20,4,Thursday,12,3,March,1,2025,20,False,False,False,False,False,,False,,11.0,6.0,,False,28.2,0.0,60.6,Pleasant,7.0,108.82,6.53,100.16,,,,156915.36,74112.66,False
2025-03-21,5,Friday,12,3,March,1,2025,21,False,False,False,False,False,,False,,10.0,7.0,,False,26.1,0.0,52.4,Pleasant,7.01,108.97,6.53,100.16,,,,130784.96,79981.25,False
2025-03-22,6,Saturday,12,3,March,1,2025,22,True,False,False,False,False,,False,,9.0,8.0,,False,24.9,0.0,62.0,Pleasant,7.03,108.74,6.54,100.14,,,,173528.58,101667.37,False
2025-03-23,7,Sunday,12,3,March,1,2025,23,True,False,False,False,False,,False,,8.0,9.0,,False,25.7,0.0,60.4,Pleasant,7.01,108.82,6.53,100.1,,,,179569.88,96790.22,False
2025-03-24,1,Monday,13,3,March,1,2025,24,False,False,False,False,False,,False,,7.0,10.0,,False,24.9,0.0,50.3,Pleasant,7.02,109.07,6.53,100.11,,,,153646.28,78615.76,False
2025-03-25,2,Tuesday,13,3,March,1,2025,25,False,False,False,False,False,,False,,6.0,11.0,,False,26.7,0.0,55.4,Pleasant,7.02,109.0,6.51,100.13,,,,140510.76,97159.77,False
2025-03-26,3,Wednesday,13,3,March,1,2025,26,False,False,False,False,False,,False,,5.0,12.0,,False,26.3,0.0,50.0,Pleasant,7.01,109.08,6.51,100.16,,,,127848.98,64531.69,False
2025-03-27,4,Thursday,13,3,March,1,2025,27,False,False,False,False,False,,False,,4.0,13.0,,False,26.8,0.0,43.9,Pleasant,7.02,109.04,6.52,100.15,,,,146103.73,60013.78,False
2025-03-28,5,Friday,13,3,March,1,2025,28,False,False,False,False,False,,False,,3.0,14.0,,False,27.7,0.0,56.2,Pleasant,7.04,108.84,6.5,100.13,,,,141718.68,75265.51,False
2025-03-29,6,Saturday,13,3,March,1,2025,29,True,False,False,False,False,,False,,2.0,15.0,,False,29.2,0.0,52.1,Pleasant,7.02,108.9,6.51,100.13,,,,203268.21,82647.16,False
2025-03-30,7,Sunday,13,3,March,1,2025,30,True,False,False,False,False,,False,,1.0,16.0,,False,28.3,0.0,64.5,Pleasant,7.02,108.75,6.52,100.06,,,,192934.43,84294.19,False
2025-03-31,1,Monday,14,3,March,1,2025,31,False,False,True,False,True,Eid al-Fitr,True,Religious,0.0,0.0,,False,27.2,0.0,74.1,Pleasant,7.03,108.83,6.51,100.09,,,,107004.49,63577.36,False
2025-04-01,2,Tuesday,14,4,April,2,2025,1,False,True,False,True,False,,False,,,1.0,,False,27.8,0.0,49.1,Pleasant,7.04,108.78,6.49,100.13,,,,188986.1,,False
2025-04-02,3,Wednesday,14,4,April,2,2025,2,False,False,False,False,False,,False,,,2.0,,False,27.1,0.0,46.9,Pleasant,7.04,108.68,6.49,100.1,,,,140723.79,73562.17,False
2025-04-03,4,Thursday,14,4,April,2,2025,3,False,False,False,False,False,,False,,,3.0,,False,26.8,0.0,46.5,Pleasant,7.05,108.97,6.5,100.09,,,,150420.75,60779.92,False
2025-04-04,5,Friday,14,4,April,2,2025,4,False,False,False,False,False,,False,,,4.0,,False,27.9,0.0,64.2,Pleasant,7.06,108.88,6.51,100.06,,,,144736.52,61610.16,False
2025-04-05,6,Saturday,14,4,April,2,2025,5,True,False,False,False,False,,False,,,5.0,,False,27.7,0.0,70.0,Pleasant,7.09,109.04,6.51,100.11,,,,177543.89,89089.4,False
2025-04-06,7,Sunday,14,4,April,2,2025,6,True,False,False,False,False,,False,,,6.0,,False,28.0,0.0,57.6,Pleasant,7.07,109.08,6.52,100.14,,,,163929.7,90556.16,False
2025-04-07,1,Monday,15,4,April,2,2025,7,False,False,False,False,False,,False,,,7.0,,False,28.5,0.0,59.7,Pleasant,7.06,109.22,6.5,100.03,,,,155551.66,50234.56,False
2025-04-08,2,Tuesday,15,4,April,2,2025,8,False,False,False,False,False,,False,,,8.0,,False,30.7,0.0,56.1,Pleasant,7.08,109.51,6.51,100.06,,,,120549.48,57199.27,False
2025-04-09,3,Wednesday,15,4,April,2,2025,9,False,False,False,False,False,,False,,,9.0,,False,29.0,0.0,52.0,Pleasant,7.12,109.35,6.5,100.07,,,,160983.31,60674.93,False
2025-04-10,4,Thursday,15,4,April,2,2025,10,False,False,False,False,False,,False,,,10.0,,False,28.8,0.0,69.3,Pleasant,7.12,109.41,6.49,100.06,,,,123558.86,93324.56,False
2025-04-11,5,Friday,15,4,April,2,2025,11,False,False,False,False,False,,False,,30.0,11.0,,False,29.1,0.0,45.0,Pleasant,7.08,109.21,6.47,100.12,,,,132598.48,56370.72,False
2025-04-12,6,Saturday,15,4,April,2,2025,12,True,False,False,False,False,,False,,29.0,12.0,,False,31.9,0.0,68.3,Pleasant,7.07,109.21,6.48,100.22,,,,178989.11,111024.93,False
2025-04-13,7,Sunday,15,4,April,2,2025,13,True,False,False,False,False,,False,,28.0,13.0,,False,30.6,0.0,57.9,Pleasant,7.07,109.18,6.48,100.25,,,,185773.0,71132.79,False
2025-04-14,1,Monday,16,4,April,2,2025,14,False,False,False,False,False,,False,,27.0,14.0,,False,33.0,0.0,47.9,Pleasant,7.05,109.28,6.47,100.23,,,,172316.96,79075.07,False
2025-04-15,2,Tuesday,16,4,April,2,2025,15,False,False,False,False,False,,False,,26.0,15.0,,False,32.5,0.0,54.2,Pleasant,7.06,109.13,6.46,100.27,,,,133472.28,84877.51,False
2025-04-16,3,Wednesday,16,4,April,2,2025,16,False,False,False,False,False,,False,,25.0,16.0,,False,30.5,0.9,49.4,Pleasant,7.08,109.4,6.46,100.29,,,,128294.62,81595.65,False
2025-04-17,4,Thursday,16,4,April,2,2025,17,False,False,False,False,False,,False,,24.0,17.0,,False,29.8,4.0,60.6,Light Rain,7.08,109.45,6.46,100.22,,,,153803.18,71842.74,False
2025-04-18,5,Friday,16,4,April,2,2025,18,False,False,False,False,False,,False,,23.0,18.0,,False,30.6,0.0,59.2,Pleasant,7.07,109.48,6.48,100.2,,,,149109.17,65639.84,False
2025-04-19,6,Saturday,16,4,April,2,2025,19,True,False,False,False,False,,False,,22.0,19.0,,False,31.4,0.0,61.1,Pleasant,7.06,109.42,6.49,100.21,,,,227256.07,87579.29,False
2025-04-20,7,Sunday,16,4,April,2,2025,20,True,False,False,False,False,,False,,21.0,20.0,,False,30.3,0.0,58.2,Pleasant,7.05,109.22,6.47,100.31,,,,158120.2,96221.42,False
2025-04-21,1,Monday,17,4,April,2,2025,21,False,False,False,False,False,,False,,20.0,21.0,,False,32.0,0.0,29.8,Pleasant,7.02,109.01,6.48,100.28,,,,112150.26,75651.28,False
2025-04-22,2,Tuesday,17,4,April,2,2025,22,False,False,False,False,False,,False,,19.0,22.0,,False,33.0,0.0,43.8,Pleasant,7.03,108.87,6.48,100.29,,,,143062.94,67092.73,False
2025-04-23,3,Wednesday,17,4,April,2,2025,23,False,False,False,False,False,,False,,18.0,23.0,,False,32.7,0.0,55.6,Pleasant,6.98,108.75,6.48,100.35,,,,128328.09,63226.61,False
2025-04-24,4,Thursday,17,4,April,2,2025,24,False,False,False,False,False,,False,,17.0,24.0,,False,33.3,0.0,59.7,Pleasant,6.96,108.77,6.48,100.37,,,,162227.65,67322.59,False
2025-04-25,5,Friday,17,4,April,2,2025,25,False,False,False,False,False,,False,,16.0,25.0,,False,32.2,13.8,47.1,Light Rain,6.94,108.74,6.47,100.29,,,,162720.14,80762.13,False
2025-04-26,6,Saturday,17,4,April,2,2025,26,True,False,False,False,False,,False,,15.0,26.0,,False,33.6,0.0,38.8,Pleasant,6.94,108.64,6.48,100.23,,,,191274.12,101396.6,False
2025-04-27,7,Sunday,17,4,April,2,2025,27,True,False,False,False,False,,False,,14.0,27.0,,False,34.7,0.0,66.9,Pleasant,6.94,108.41,6.48,100.32,,,,211720.2,63121.51,False
2025-04-28,1,Monday,18,4,April,2,2025,28,False,False,False,False,False,,False,,13.0,28.0,,False,33.2,0.0,59.5,Pleasant,6.94,108.43,6.47,100.35,,,,177059.08,70932.62,False
2025-04-29,2,Tuesday,18,4,April,2,2025,29,False,False,False,False,False,,False,,12.0,29.0,,False,31.4,0.0,59.2,Pleasant,6.96,108.32,6.46,100.36,,,,145968.05,71732.75,False
2025-04-30,3,Wednesday,18,4,April,2,2025,30,False,False,True,False,False,,False,,11.0,30.0,,False,32.1,0.0,49.4,Pleasant,6.92,108.13,6.46,100.41,,,,121301.67,91466.29,False
2025-05-01,4,Thursday,18,5,May,2,2025,1,False,True,False,False,False,,False,,10.0,,,False,32.5,0.0,44.3,Pleasant,6.9,108.24,6.47,100.5,,,,158172.63,75967.51,False
2025-05-02,5,Friday,18,5,May,2,2025,2,False,False,False,False,False,,False,,9.0,,,False,32.6,0.0,57.6,Pleasant,6.89,108.31,6.45,100.46,,,,130640.2,70631.24,False
2025-05-03,6,Saturday,18,5,May,2,2025,3,True,False,False,False,False,,False,,8.0,,,False,33.6,0.0,57.4,Pleasant,6.86,108.64,6.45,100.53,,,,187122.89,92080.5,False
2025-05-04,7,Sunday,18,5,May,2,2025,4,True,False,False,False,False,,False,,7.0,,,False,33.6,0.0,42.2,Pleasant,6.85,108.97,6.46,100.5,,,,168959.3,83437.83,False
2025-05-05,1,Monday,19,5,May,2,2025,5,False,False,False,False,False,,False,,6.0,,,False,33.7,0.0,58.9,Pleasant,6.84,108.64,6.47,100.57,,,,139066.09,73790.37,False
2025-05-06,2,Tuesday,19,5,May,2,2025,6,False,False,False,False,False,,False,,5.0,,,False,33.5,0.0,74.5,Pleasant,6.79,108.6,6.48,100.6,,,,140840.51,67375.61,False
2025-05-07,3,Wednesday,19,5,May,2,2025,7,False,False,False,False,False,,False,,4.0,,,False,34.3,0.0,46.2,Pleasant,6.81,108.48,6.48,100.66,,,,169731.81,82202.19,False
2025-05-08,4,Thursday,19,5,May,2,2025,8,False,False,False,False,False,,False,,3.0,,,False,33.3,0.0,54.9,Pleasant,6.83,108.44,6.5,100.68,,,,,71408.02,False
2025-05-09,5,Friday,19,5,May,2,2025,9,False,False,False,False,False,,False,,2.0,,,False,34.0,0.0,52.0,Pleasant,6.86,108.67,6.47,100.82,,,,176392.66,62598.65,False
2025-05-10,6,Saturday,19,5,May,2,2025,10,True,False,False,False,False,,False,,1.0,,,False,35.3,0.0,35.0,Hot,6.86,108.69,6.47,100.73,,,,176493.9,97427.76,False
2025-05-11,7,Sunday,19,5,May,2,2025,11,True,False,False,False,False,Mother's Day,True,Commercial,0.0,0.0,,False,35.8,0.0,73.5,Hot,6.83,108.6,6.48,100.7,,,,164520.86,82777.08,False
2025-05-12,1,Monday,20,5,May,2,2025,12,False,False,False,False,False,,False,,,1.0,,False,35.6,0.0,52.6,Hot,6.82,108.42,6.48,100.74,,,,122186.85,65135.79,False
2025-05-13,2,Tuesday,20,5,May,2,2025,13,False,False,False,False,False,,False,,,2.0,,False,36.0,0.0,48.4,Hot,6.84,108.61,6.48,100.62,,,,149041.48,53649.61,False
2025-05-14,3,Wednesday,20,5,May,2,2025,14,False,False,False,False,False,,False,,,3.0,,False,38.2,0.0,60.0,Hot,6.84,108.76,6.48,100.64,,,,144510.4,53806.2,False
2025-05-15,4,Thursday,20,5,May,2,2025,15,False,False,False,False,False,,False,,,4.0,,False,38.3,0.0,57.0,Hot,6.86,108.63,6.47,100.69,,,,124605.97,64691.72,False
2025-05-16,5,Friday,20,5,May,2,2025,16,False,False,False,False,False,,False,,30.0,5.0,,False,37.0,0.0,52.5,Hot,6.87,108.83,6.48,100.72,,,,138491.56,65596.51,False
2025-05-17,6,Saturday,20,5,May,2,2025,17,True,False,False,False,False,,False,,29.0,6.0,,False,34.9,0.0,63.6,Pleasant,6.9,108.74,6.48,100.75,,,,187658.93,84311.49,False
2025-05-18,7,Sunday,20,5,May,2,2025,18,True,False,False,False,False,,False,,28.0,7.0,,False,32.5,0.0,49.4,Pleasant,6.89,108.72,6.47,100.76,,,,161184.14,70463.07,False
2025-05-19,1,Monday,21,5,May,2,2025,19,False,False,False,False,False,,False,,27.0,8.0,,False,34.0,0.0,58.0,Pleasant,6.91,108.48,6.47,100.68,,,,143626.26,55543.2,False
2025-05-20,2,Tuesday,21,5,May,2,2025,20,False,False,False,False,False,,False,,26.0,9.0,,False,31.5,0.0,45.9,Pleasant,6.9,108.53,6.48,100.69,,,,130970.75,,False
2025-05-21,3,Wednesday,21,5,May,2,2025,21,False,False,False,False,False,,False,,25.0,10.0,,False,32.6,0.0,56.6,Pleasant,6.89,108.57,6.47,100.71,,,,104640.91,71361.03,False
2025-05-22,4,Thursday,21,5,May,2,2025,22,False,False,False,False,False,,False,,24.0,11.0,,False,34.6,0.0,54.4,Pleasant,6.93,108.58,6.46,100.71,,,,167254.8,64634.63,False
2025-05-23,5,Friday,21,5,May,2,2025,23,False,False,False,False,False,,False,,23.0,12.0,,False,33.2,0.4,41.9,Pleasant,6.96,108.56,6.47,100.71,,,,155519.51,66549.39,False
2025-05-24,6,Saturday,21,5,May,2,2025,24,True,False,False,False,False,,False,,22.0,13.0,,False,33.7,0.0,49.7,Pleasant,6.98,108.7,6.46,100.61,,,,202360.28,77042.81,False
2025-05-25,7,Sunday,21,5,May,2,2025,25,True,False,False,False,False,,False,,21.0,14.0,,False,33.7,0.0,62.2,Pleasant,6.98,108.65,6.44,100.61,,,,209576.4,91484.23,False
2025-05-26,1,Monday,22,5,May,2,2025,26,False,False,False,False,False,,False,,20.0,15.0,,False,35.5,0.0,52.9,Hot,6.99,108.65,6.47,100.62,,,,138360.63,70032.17,False
2025-05-27,2,Tuesday,22,5,May,2,2025,27,False,False,False,False,False,,False,,19.0,16.0,,False,36.2,0.0,61.7,Hot,7.0,108.69,6.45,100.67,,,,145924.96,84974.92,False
2025-05-28,3,Wednesday,22,5,May,2,2025,28,False,False,False,False,False,,False,,18.0,17.0,,False,33.7,0.0,36.9,Pleasant,7.0,108.64,6.46,100.55,,,,155477.35,52585.47,False
2025-05-29,4,Thursday,22,5,May,2,2025,29,False,False,False,False,False,,False,,17.0,18.0,,False,34.2,0.0,59.3,Pleasant,6.99,108.65,6.45,100.52,,,,122687.86,73895.7,False
2025-05-30,5,Friday,22,5,May,2,2025,30,False,False,False,False,False,,False,,16.0,19.0,,False,34.3,0.0,60.1,Pleasant,7.0,108.89,6.45,100.56,,,,126450.94,80148.86,False
2025-05-31,6,Saturday,22,5,May,2,2025,31,True,False,True,False,False,,False,,15.0,20.0,,False,37.0,0.0,40.7,Hot,6.98,108.59,6.46,100.63,,,,169526.23,77809.77,False
2025-06-01,7,Sunday,22,6,June,2,2025,1,True,True,False,False,False,,False,,14.0,21.0,,False,36.3,5.7,68.4,Light Rain,6.99,108.89,6.46,100.68,,,,221366.12,108987.02,False
2025-06-02,1,Monday,23,6,June,2,2025,2,False,False,False,False,False,,False,,13.0,22.0,,False,36.4,19.4,84.0,Heavy Rain,7.02,108.79,6.46,100.74,,,,135981.08,91618.29,False
2025-06-03,2,Tuesday,23,6,June,2,2025,3,False,False,False,False,False,,False,,12.0,23.0,,False,39.8,6.4,74.4,Light Rain,7.03,108.96,6.48,100.69,,,,138382.37,78623.98,False
2025-06-04,3,Wednesday,23,6,June,2,2025,4,False,False,False,False,False,,False,,11.0,24.0,,False,38.4,19.7,77.9,Heavy Rain,7.02,109.03,6.47,100.64,,,,128261.07,55419.07,False
2025-06-05,4,Thursday,23,6,June,2,2025,5,False,False,False,False,False,,False,,10.0,25.0,,False,35.9,4.6,73.0,Light Rain,7.03,109.01,6.48,100.62,,,,136870.65,78546.18,False
2025-06-06,5,Friday,23,6,June,2,2025,6,False,False,False,False,False,,False,,9.0,26.0,,False,36.6,16.2,67.2,Heavy Rain,7.01,108.91,6.49,100.77,,,,,73785.33,False
2025-06-07,6,Saturday,23,6,June,2,2025,7,True,False,False,False,False,,False,,8.0,27.0,,False,34.4,11.7,75.7,Light Rain,6.98,108.86,6.51,100.78,,,,161559.87,92260.21,False
2025-06-08,7,Sunday,23,6,June,2,2025,8,True,False,False,False,False,,False,,7.0,28.0,,False,34.4,9.1,74.4,Light Rain,6.97,108.94,6.49,100.71,,,,204064.36,83574.56,False
2025-06-09,1,Monday,24,6,June,2,2025,9,False,False,False,False,False,,False,,6.0,29.0,,False,35.2,8.7,65.8,Light Rain,6.97,108.92,6.48,100.71,,,,162123.49,49491.43,False
2025-06-10,2,Tuesday,24,6,June,2,2025,10,False,False,False,False,False,,False,,5.0,30.0,,False,37.1,7.8,77.0,Light Rain,6.99,108.94,6.49,100.63,,,,112417.74,58682.3,False
2025-06-11,3,Wednesday,24,6,June,2,2025,11,False,False,False,False,False,,False,,4.0,,,False,36.9,5.2,80.5,Light Rain,6.98,108.74,6.5,100.7,,,,,45386.34,False
2025-06-12,4,Thursday,24,6,June,2,2025,12,False,False,False,False,False,,False,,3.0,,,False,35.6,4.6,79.2,Light Rain,6.99,108.64,6.51,100.82,,,,141699.06,81494.73,False
2025-06-13,5,Friday,24,6,June,2,2025,13,False,False,False,False,False,,False,,2.0,,,False,36.4,9.7,81.5,Light Rain,6.98,108.48,6.5,100.81,,,,132856.63,70602.74,False
2025-06-14,6,Saturday,24,6,June,2,2025,14,True,False,False,False,False,,False,,1.0,,,False,38.1,4.6,71.8,Light Rain,7.01,108.48,6.51,100.77,,,,203309.18,89026.91,False
2025-06-15,7,Sunday,24,6,June,2,2025,15,True,False,False,False,False,Father's Day,True,Commercial,0.0,0.0,,False,36.3,10.3,79.8,Light Rain,6.99,108.6,6.52,100.8,,,,164327.53,104869.67,False
2025-06-16,1,Monday,25,6,June,2,2025,16,False,False,False,False,False,,False,,,1.0,,False,36.6,11.4,71.2,Light Rain,7.02,108.72,6.52,100.79,,,,127752.23,74396.7,False
2025-06-17,2,Tuesday,25,6,June,2,2025,17,False,False,False,False,False,,False,,,2.0,,False,35.6,16.4,84.3,Heavy Rain,7.02,108.87,6.51,100.79,,,,126101.85,67967.71,False
2025-06-18,3,Wednesday,25,6,June,2,2025,18,False,False,False,False,False,,False,,,3.0,,False,34.9,25.4,78.5,Heavy Rain,7.03,109.08,6.52,100.69,,,,123181.95,56933.21,False
2025-06-19,4,Thursday,25,6,June,2,2025,19,False,False,False,False,False,,False,,,4.0,,False,34.3,5.0,80.2,Light Rain,7.04,108.91,6.51,100.73,,,,145435.79,57751.06,False
2025-06-20,5,Friday,25,6,June,2,2025,20,False,False,False,False,False,,False,,,5.0,,False,35.6,13.9,72.6,Light Rain,6.98,108.96,6.52,100.63,,,,158954.88,82307.45,False
2025-06-21,6,Saturday,25,6,June,2,2025,21,True,False,False,False,False,,False,,,6.0,,False,36.5,8.5,72.7,Light Rain,6.99,109.15,6.53,100.6,,,,200297.98,86283.61,False
2025-06-22,7,Sunday,25,6,June,2,2025,22,True,False,False,False,False,,False,,,7.0,,False,35.1,16.8,72.1,Heavy Rain,6.99,108.94,6.52,100.58,,,,186920.67,90677.58,False
2025-06-23,1,Monday,26,6,June,2,2025,23,False,False,False,False,False,,False,,,8.0,,False,35.8,24.1,66.9,Heavy Rain,7.02,109.04,6.52,100.51,,,,116521.88,93980.65,False
2025-06-24,2,Tuesday,26,6,June,2,2025,24,False,False,False,False,False,,False,,,9.0,,False,37.3,16.8,79.9,Heavy Rain,7.07,109.14,6.52,100.5,,,,160525.06,74529.42,False
2025-06-25,3,Wednesday,26,6,June,2,2025,25,False,False,False,False,False,,False,,,10.0,,False,37.8,0.4,68.1,Hot,7.08,108.84,6.52,100.43,,,,141074.2,72155.72,False
2025-06-26,4,Thursday,26,6,June,2,2025,26,False,False,False,False,False,,False,,,11.0,,False,38.4,8.4,65.2,Light Rain,7.09,108.74,6.53,100.56,,,,107864.63,69495.13,False
2025-06-27,5,Friday,26,6,June,2,2025,27,False,False,False,False,False,,False,,,12.0,,False,36.8,4.5,79.0,Light Rain,7.08,108.88,6.53,100.53,,,,176532.91,76316.71,False
2025-06-28,6,Saturday,26,6,June,2,2025,28,True,False,False,False,False,,False,,,13.0,,False,37.2,23.8,74.0,Heavy Rain,7.1,108.64,6.52,100.54,,,,145467.47,111498.99,False
2025-06-29,7,Sunday,26,6,June,2,2025,29,True,False,False,False,False,,False,,,14.0,,False,37.3,26.8,71.5,Heavy Rain,7.1,108.78,6.51,100.43,,,,218665.97,85539.0,False
2025-06-30,1,Monday,27,6,June,2,2025,30,False,False,True,False,True,,False,,,15.0,,False,37.2,11.6,54.0,Light Rain,7.09,108.68,6.52,100.44,,,,130865.45,61765.44,False
2025-07-01,2,Tuesday,27,7,July,3,2025,1,False,True,False,True,False,,False,,,16.0,End of Season Sale - Summer,False,39.4,18.4,63.6,Heavy Rain,7.08,108.68,6.5,100.39,End of Season Sale - Summer,Clearance,Low,160117.87,88146.39,True
2025-07-02,3,Wednesday,27,7,July,3,2025,2,False,False,False,False,False,,False,,,17.0,End of Season Sale - Summer,False,39.2,11.4,,Light Rain,7.09,108.24,6.49,100.37,End of Season Sale - Summer,Clearance,Low,188066.92,66940.89,True
2025-07-03,4,Thursday,27,7,July,3,2025,3,False,False,False,False,False,,False,,,18.0,End of Season Sale - Summer,False,38.2,30.2,75.8,Heavy Rain,7.11,108.34,6.49,100.38,End of Season Sale - Summer,Clearance,Low,165519.06,95920.57,True
2025-07-04,5,Friday,27,7,July,3,2025,4,False,False,False,False,False,,False,,,19.0,End of Season Sale - Summer,False,38.8,42.5,74.0,Heavy Rain,7.09,108.44,6.5,100.39,End of Season Sale - Summer,Clearance,Low,171255.47,95671.49,True
2025-07-05,6,Saturday,27,7,July,3,2025,5,True,False,False,False,False,,False,,,20.0,End of Season Sale - Summer,False,39.4,29.0,73.0,Heavy Rain,7.1,108.45,6.51,100.31,End of Season Sale - Summer,Clearance,Low,192141.35,131726.73,True
2025-07-06,7,Sunday,27,7,July,3,2025,6,True,False,False,False,False,,False,,,21.0,End of Season Sale - Summer,False,40.1,21.6,82.7,Heavy Rain,7.09,108.35,6.52,100.24,End of Season Sale - Summer,Clearance,Low,242870.69,113559.86,True
2025-07-07,1,Monday,28,7,July,3,2025,7,False,False,False,False,False,,False,,,22.0,End of Season Sale - Summer,False,39.4,41.7,77.6,Heavy Rain,7.12,108.48,6.52,100.18,End of Season Sale - Summer,Clearance,Low,210506.55,86648.51,True
2025-07-08,2,Tuesday,28,7,July,3,2025,8,False,False,False,False,False,,False,,,23.0,End of Season Sale - Summer,False,41.2,13.2,82.2,Light Rain,7.11,108.47,6.53,100.16,End of Season Sale - Summer,Clearance,Low,199351.72,88395.34,True
2025-07-09,3,Wednesday,28,7,July,3,2025,9,False,False,False,False,False,,False,,,24.0,End of Season Sale - Summer,False,40.8,15.3,85.5,Heavy Rain,7.09,108.33,6.51,100.34,End of Season Sale - Summer,Clearance,Low,173071.82,102963.86,True
2025-07-10,4,Thursday,28,7,July,3,2025,10,False,False,False,False,False,,False,,30.0,25.0,End of Season Sale - Summer,False,39.3,8.9,91.6,Light Rain,7.07,108.18,6.52,100.38,End of Season Sale - Summer,Clearance,Low,189852.64,80423.19,True
2025-07-11,5,Friday,28,7,July,3,2025,11,False,False,False,False,False,,False,,29.0,26.0,End of Season Sale - Summer,False,38.8,24.1,87.8,Heavy Rain,7.06,108.25,6.52,100.36,End of Season Sale - Summer,Clearance,Low,203904.02,76339.87,True
2025-07-12,6,Saturday,28,7,July,3,2025,12,True,False,False,False,False,,False,,28.0,27.0,End of Season Sale - Summer,False,38.2,4.4,60.5,Light Rain,7.08,108.16,6.53,100.34,End of Season Sale - Summer,Clearance,Low,276912.16,114034.37,True
2025-07-13,7,Sunday,28,7,July,3,2025,13,True,False,False,False,False,,False,,27.0,28.0,End of Season Sale - Summer,False,37.4,8.2,63.4,Light Rain,7.08,107.89,6.53,100.3,End of Season Sale - Summer,Clearance,Low,223717.38,,True
2025-07-14,1,Monday,29,7,July,3,2025,14,False,False,False,False,False,,False,,26.0,29.0,End of Season Sale - Summer,False,36.9,11.8,86.4,Light Rain,7.07,108.0,6.54,100.35,End of Season Sale - Summer,Clearance,Low,177379.43,111850.73,True
2025-07-15,2,Tuesday,29,7,July,3,2025,15,False,False,False,False,False,,False,,25.0,30.0,End of Season Sale - Summer,False,35.1,8.1,69.4,Light Rain,7.08,107.9,6.54,100.39,End of Season Sale - Summer,Clearance,Low,180580.7,87548.06,True
2025-07-16,3,Wednesday,29,7,July,3,2025,16,False,False,False,False,False,,False,,24.0,,,False,36.2,9.8,61.0,Light Rain,7.09,108.15,6.53,100.35,,,,166817.2,56779.05,False
2025-07-17,4,Thursday,29,7,July,3,2025,17,False,False,False,False,False,,False,,23.0,,,False,35.1,18.7,79.9,Heavy Rain,7.06,108.26,6.52,100.42,,,,156541.15,64265.22,False
2025-07-18,5,Friday,29,7,July,3,2025,18,False,False,False,False,False,,False,,22.0,,,False,36.8,11.0,71.4,Light Rain,7.04,108.22,6.51,100.49,,,,117831.45,82804.31,False
2025-07-19,6,Saturday,29,7,July,3,2025,19,True,False,False,False,False,,False,,21.0,,,False,37.6,2.5,72.8,Light Rain,7.02,108.19,6.53,100.47,,,,147202.1,77474.18,False
2025-07-20,7,Sunday,29,7,July,3,2025,20,True,False,False,False,False,,False,,20.0,,,False,36.6,52.3,86.4,Heavy Rain,6.99,108.12,6.53,100.45,,,,186687.65,95242.64,False
2025-07-21,1,Monday,30,7,July,3,2025,21,False,False,False,False,False,,False,,19.0,,,False,36.2,3.6,74.5,Light Rain,7.01,107.98,6.54,100.46,,,,113693.49,78224.9,False
2025-07-22,2,Tuesday,30,7,July,3,2025,22,False,False,False,False,False,,False,,18.0,,,False,35.0,7.1,77.0,Light Rain,7.05,107.94,6.54,100.49,,,,134147.86,53781.7,False
2025-07-23,3,Wednesday,30,7,July,3,2025,23,False,False,False,False,False,,False,,17.0,,,False,35.3,1.4,63.2,Hot,7.06,108.09,6.54,100.52,,,,163841.56,58455.71,False
2025-07-24,4,Thursday,30,7,July,3,2025,24,False,False,False,False,False,,False,,16.0,,,False,32.9,7.7,66.6,Light Rain,7.06,108.12,6.54,100.59,,,,147855.88,61009.73,False
2025-07-25,5,Friday,30,7,July,3,2025,25,False,False,False,False,False,,False,,15.0,,,False,33.4,2.6,91.3,Light Rain,7.03,108.2,6.55,100.77,,,,182649.99,65822.46,False
2025-07-26,6,Saturday,30,7,July,3,2025,26,True,False,False,False,False,,False,,14.0,,,False,35.3,23.0,76.2,Heavy Rain,7.02,108.45,6.55,100.8,,,,219999.27,103785.05,False
2025-07-27,7,Sunday,30,7,July,3,2025,27,True,False,False,False,False,,False,,13.0,,,False,33.9,13.1,79.2,Light Rain,7.02,108.59,6.54,100.78,,,,219697.53,86330.79,False
2025-07-28,1,Monday,31,7,July,3,2025,28,False,False,False,False,False,,False,,12.0,,,False,32.7,34.2,69.5,Heavy Rain,7.02,108.71,6.55,100.84,,,,156780.73,76393.64,False
2025-07-29,2,Tuesday,31,7,July,3,2025,29,False,False,False,False,False,,False,,11.0,,,False,33.5,10.7,93.4,Light Rain,7.04,108.76,6.56,100.87,,,,153242.56,72873.25,False
2025-07-30,3,Wednesday,31,7,July,3,2025,30,False,False,False,False,False,,False,,10.0,,,False,34.8,15.7,77.3,Heavy Rain,7.06,108.77,6.56,100.89,,,,139803.98,58649.46,False
2025-07-31,4,Thursday,31,7,July,3,2025,31,False,False,True,False,False,,False,,9.0,,,False,34.8,7.2,78.5,Light Rain,7.06,108.9,6.56,100.91,,,,143289.34,76319.01,False
2025-08-01,5,Friday,31,8,August,3,2025,1,False,True,False,False,False,,False,,8.0,,,False,33.9,25.8,59.2,Heavy Rain,7.06,108.68,6.57,100.84,,,,141994.79,52838.53,False
2025-08-02,6,Saturday,31,8,August,3,2025,2,True,False,False,False,False,,False,,7.0,,,False,34.6,34.4,84.7,Heavy Rain,7.06,108.52,6.56,100.79,,,,196705.66,97531.1,False
2025-08-03,7,Sunday,31,8,August,3,2025,3,True,False,False,False,False,,False,,6.0,,,False,36.6,6.8,70.4,Light Rain,7.04,108.47,6.57,100.83,,,,208756.97,85814.24,False
2025-08-04,1,Monday,32,8,August,3,2025,4,False,False,False,False,False,,False,,5.0,,,False,35.8,9.5,75.2,Light Rain,7.04,108.39,6.57,100.9,,,,114177.37,74119.42,False
2025-08-05,2,Tuesday,32,8,August,3,2025,5,False,False,False,False,False,,False,,4.0,,,False,34.6,11.8,73.0,Light Rain,7.07,108.37,6.57,100.83,,,,174215.35,74945.13,False
2025-08-06,3,Wednesday,32,8,August,3,2025,6,False,False,False,False,False,,False,,3.0,,,False,34.5,6.4,88.2,Light Rain,7.06,108.23,6.58,100.78,,,,154841.14,90399.91,False
2025-08-07,4,Thursday,32,8,August,3,2025,7,False,False,False,False,False,,False,,2.0,,,False,32.9,5.5,85.7,Light Rain,7.1,108.27,6.58,100.71,,,,134866.84,69795.28,False
2025-08-08,5,Friday,32,8,August,3,2025,8,False,False,False,False,False,,False,,1.0,,,False,33.5,6.3,83.1,Light Rain,7.13,108.36,6.59,100.8,,,,99070.94,90368.46,False
2025-08-09,6,Saturday,32,8,August,3,2025,9,True,False,False,False,False,Raksha Bandhan,True,Festival,0.0,0.0,,False,33.6,2.5,81.0,Light Rain,7.12,108.55,6.6,100.94,,,,179588.36,90508.61,False
2025-08-10,7,Sunday,32,8,August,3,2025,10,True,False,False,False,False,,False,,5.0,1.0,Independence Day Sale,False,33.0,5.3,92.6,Light Rain,7.11,108.43,6.6,100.9,Independence Day Sale,National Sale,Medium,338275.27,158891.73,True
2025-08-11,1,Monday,33,8,August,3,2025,11,False,False,False,False,False,,False,,4.0,2.0,Independence Day Sale,False,32.5,8.8,86.7,Light Rain,7.07,108.71,6.61,100.99,Independence Day Sale,National Sale,Medium,271396.81,132506.16,True
2025-08-12,2,Tuesday,33,8,August,3,2025,12,False,False,False,False,False,,False,,3.0,3.0,Independence Day Sale,False,31.7,6.4,79.6,Light Rain,7.11,108.23,6.6,100.83,Independence Day Sale,National Sale,Medium,294019.86,118631.93,True
2025-08-13,3,Wednesday,33,8,August,3,2025,13,False,False,False,False,False,,False,,2.0,4.0,Independence Day Sale,False,30.3,21.4,64.8,Heavy Rain,7.1,108.2,6.62,100.79,Independence Day Sale,National Sale,Medium,250647.24,136365.11,True
2025-08-14,4,Thursday,33,8,August,3,2025,14,False,False,False,False,False,,False,,1.0,5.0,Independence Day Sale,False,31.2,9.6,85.5,Light Rain,7.1,108.35,6.61,100.77,Independence Day Sale,National Sale,Medium,238216.4,136717.62,True
2025-08-15,5,Friday,33,8,August,3,2025,15,False,False,False,False,False,Independence Day,True,National,0.0,0.0,Independence Day Sale,False,30.3,2.4,83.9,Light Rain,7.14,108.1,6.59,100.84,Independence Day Sale,National Sale,Medium,265332.66,120960.5,True
2025-08-16,6,Saturday,33,8,August,3,2025,16,True,False,False,False,False,,False,,,1.0,Independence Day Sale,False,31.3,28.7,60.5,Heavy Rain,7.14,108.13,6.6,100.92,Independence Day Sale,National Sale,Medium,327442.87,169386.25,True
2025-08-17,7,Sunday,33,8,August,3,2025,17,True,False,False,False,False,,False,,,2.0,,False,31.1,6.1,63.4,Light Rain,7.1,107.92,6.61,100.92,,,,176948.64,110866.64,False
2025-08-18,1,Monday,34,8,August,3,2025,18,False,False,False,False,False,,False,,,3.0,,False,31.9,10.1,74.8,Light Rain,7.06,107.82,6.6,100.94,,,,137143.69,75236.33,False
2025-08-19,2,Tuesday,34,8,August,3,2025,19,False,False,False,False,False,,False,,,4.0,,False,31.9,10.5,73.4,Light Rain,7.05,107.6,6.6,100.97,,,,115705.49,84076.51,False
2025-08-20,3,Wednesday,34,8,August,3,2025,20,False,False,False,False,False,,False,,,5.0,,False,32.3,11.4,73.3,Light Rain,7.05,,6.61,101.03,,,,155005.16,79495.53,False
2025-08-21,4,Thursday,34,8,August,3,2025,21,False,False,False,False,False,,False,,,6.0,,False,34.2,22.0,70.5,Heavy Rain,7.05,107.76,6.59,101.15,,,,136986.87,77158.17,False
2025-08-22,5,Friday,34,8,August,3,2025,22,False,False,False,False,False,,False,,,7.0,,False,30.7,,74.1,Light Rain,7.03,107.6,6.57,101.22,,,,124119.53,58047.83,False
2025-08-23,6,Saturday,34,8,August,3,2025,23,True,False,False,False,False,,False,,,8.0,,False,29.0,11.6,74.1,Light Rain,7.01,107.58,6.57,101.21,,,,158663.54,109003.75,False
2025-08-24,7,Sunday,34,8,August,3,2025,24,True,False,False,False,False,,False,,,9.0,,False,32.2,9.7,76.6,Light Rain,7.01,107.72,6.56,101.2,,,,179827.76,87694.46,False
2025-08-25,1,Monday,35,8,August,3,2025,25,False,False,False,False,False,,False,,,10.0,,False,32.3,19.0,60.5,Heavy Rain,7.02,107.75,6.54,101.2,,,,125372.4,68583.25,False
2025-08-26,2,Tuesday,35,8,August,3,2025,26,False,False,False,False,False,,False,,,11.0,,False,30.4,23.2,83.1,Heavy Rain,7.03,107.83,6.55,101.27,,,,140747.45,79191.09,False
2025-08-27,3,Wednesday,35,8,August,3,2025,27,False,False,False,False,False,,False,,,12.0,,False,29.0,23.3,88.0,Heavy Rain,7.04,107.7,6.55,101.25,,,,164343.39,70648.13,False
2025-08-28,4,Thursday,35,8,August,3,2025,28,False,False,False,False,False,,False,,,13.0,,False,29.3,13.4,75.9,Light Rain,7.04,107.71,6.56,101.18,,,,138243.16,85920.36,False
2025-08-29,5,Friday,35,8,August,3,2025,29,False,False,False,False,False,,False,,,14.0,,False,29.3,,84.7,Light Rain,7.04,107.89,6.55,101.26,,,,133782.84,76812.5,False
2025-08-30,6,Saturday,35,8,August,3,2025,30,True,False,False,False,False,,False,,,15.0,,False,30.8,7.7,77.0,Light Rain,7.03,108.14,6.56,101.4,,,,181998.93,72962.25,False
2025-08-31,7,Sunday,35,8,August,3,2025,31,True,False,True,False,False,,False,,,16.0,,False,30.9,2.1,75.8,Light Rain,6.98,108.12,6.55,101.28,,,,155000.41,78426.88,False
2025-09-01,1,Monday,36,9,September,3,2025,1,False,True,False,False,False,,False,,,17.0,,False,30.6,5.6,92.7,Light Rain,6.99,107.99,6.55,101.28,,,,121281.25,66942.67,False
2025-09-02,2,Tuesday,36,9,September,3,2025,2,False,False,False,False,False,,False,,30.0,18.0,,False,31.8,6.5,73.0,Light Rain,6.97,107.95,6.56,101.28,,,,127285.48,67488.36,False
2025-09-03,3,Wednesday,36,9,September,3,2025,3,False,False,False,False,False,,False,,29.0,19.0,,False,29.7,15.4,83.2,Heavy Rain,7.01,108.05,6.54,101.3,,,,110474.02,65416.81,False
2025-09-04,4,Thursday,36,9,September,3,2025,4,False,False,False,False,False,,False,,28.0,20.0,,False,28.6,19.0,71.1,Heavy Rain,7.01,107.81,6.53,101.34,,,,178016.17,63518.13,False
2025-09-05,5,Friday,36,9,September,3,2025,5,False,False,False,False,False,,False,,27.0,21.0,,False,30.2,10.8,65.1,Light Rain,7.02,107.98,6.52,101.33,,,,119288.21,66335.38,False
2025-09-06,6,Saturday,36,9,September,3,2025,6,True,False,False,False,False,,False,,26.0,22.0,,False,30.0,9.9,76.1,Light Rain,7.0,107.92,6.51,101.34,,,,156889.1,76596.33,False
2025-09-07,7,Sunday,36,9,September,3,2025,7,True,False,False,False,False,,False,,25.0,23.0,,False,28.3,4.2,82.2,Light Rain,7.0,107.73,6.49,101.31,,,,167128.24,89385.81,False
2025-09-08,1,Monday,37,9,September,3,2025,8,False,False,False,False,False,,False,,24.0,24.0,,False,28.1,19.0,90.1,Heavy Rain,6.97,107.67,6.49,101.26,,,,93873.37,80662.28,False
2025-09-09,2,Tuesday,37,9,September,3,2025,9,False,False,False,False,False,,False,,23.0,25.0,,False,32.1,27.8,74.8,Heavy Rain,6.97,107.84,6.49,101.25,,,,122526.99,73949.94,False
2025-09-10,3,Wednesday,37,9,September,3,2025,10,False,False,False,False,False,,False,,22.0,26.0,,False,30.3,16.0,75.0,Heavy Rain,6.97,107.79,6.49,101.16,,,,93538.05,67229.31,False
2025-09-11,4,Thursday,37,9,September,3,2025,11,False,False,False,False,False,,False,,21.0,27.0,,False,30.2,8.9,75.0,Light Rain,6.94,107.62,6.48,101.17,,,,138093.59,82680.76,False
2025-09-12,5,Friday,37,9,September,3,2025,12,False,False,False,False,False,,False,,20.0,28.0,,False,28.9,2.9,69.2,Light Rain,6.94,107.43,6.49,101.19,,,,121699.9,,False
2025-09-13,6,Saturday,37,9,September,3,2025,13,True,False,False,False,False,,False,,19.0,29.0,,False,28.1,5.4,68.9,Light Rain,6.96,107.33,6.5,101.21,,,,177436.98,96031.25,False
2025-09-14,7,Sunday,37,9,September,3,2025,14,True,False,False,False,False,,False,,18.0,30.0,,False,27.4,9.1,82.2,Light Rain,7.01,107.17,6.5,101.32,,,,231957.71,111741.87,False
2025-09-15,1,Monday,38,9,September,3,2025,15,False,False,False,False,False,,False,,17.0,,,False,27.1,33.0,66.9,Heavy Rain,7.01,107.24,6.51,101.29,,,,121890.24,73831.13,False
2025-09-16,2,Tuesday,38,9,September,3,2025,16,False,False,False,False,False,,False,,16.0,,,False,27.6,39.8,71.1,Heavy Rain,7.01,107.68,6.5,101.29,,,,176324.76,71842.11,False
2025-09-17,3,Wednesday,38,9,September,3,2025,17,False,False,False,False,False,,False,,15.0,,,False,26.2,8.3,67.4,Light Rain,7.02,107.69,6.5,101.33,,,,157529.63,72885.92,False
2025-09-18,4,Thursday,38,9,September,3,2025,18,False,False,False,False,False,,False,,14.0,,,False,27.0,12.8,74.3,Light Rain,7.03,107.83,6.52,101.31,,,,119150.81,59556.81,False
2025-09-19,5,Friday,38,9,September,3,2025,19,False,False,False,False,False,,False,,13.0,,,False,27.0,1.5,77.0,Pleasant,7.04,107.6,6.53,101.32,,,,155649.15,81127.2,False
2025-09-20,6,Saturday,38,9,September,3,2025,20,True,False,False,False,False,,False,,12.0,,,False,26.4,13.7,66.6,Light Rain,7.05,107.37,6.54,101.35,,,,162213.62,90166.97,False
2025-09-21,7,Sunday,38,9,September,3,2025,21,True,False,False,False,False,,False,,11.0,,,False,25.5,,73.2,Heavy Rain,7.05,107.56,6.54,101.41,,,,160450.1,87038.45,False
2025-09-22,1,Monday,39,9,September,3,2025,22,False,False,False,False,False,,False,,10.0,,,False,26.4,30.6,74.5,Heavy Rain,7.08,107.62,6.53,101.43,,,,129740.45,83946.14,False
2025-09-23,2,Tuesday,39,9,September,3,2025,23,False,False,False,False,False,,False,,9.0,,,False,25.1,5.4,75.0,Light Rain,7.08,107.49,6.54,101.43,,,,117439.42,102256.25,False
2025-09-24,3,Wednesday,39,9,September,3,2025,24,False,False,False,False,False,,False,,8.0,,,False,25.7,8.9,67.8,Light Rain,7.1,107.71,6.55,101.49,,,,164584.81,92377.9,False
2025-09-25,4,Thursday,39,9,September,3,2025,25,False,False,False,False,False,,False,,7.0,,,False,29.7,1.0,75.5,Pleasant,7.14,107.76,6.55,101.47,,,,166492.75,79583.85,False
2025-09-26,5,Friday,39,9,September,3,2025,26,False,False,False,False,False,,False,,6.0,,Festival Sale - Dussehra,False,28.4,44.9,80.4,Heavy Rain,7.14,107.68,6.58,101.43,Festival Sale - Dussehra,Festival Sale,Medium,263790.87,119523.48,True
2025-09-27,6,Saturday,39,9,September,3,2025,27,True,False,False,False,False,,False,,5.0,,Festival Sale - Dussehra,False,26.4,7.4,72.7,Light Rain,7.11,107.54,6.56,101.41,Festival Sale - Dussehra,Festival Sale,Medium,311839.53,183315.06,True
2025-09-28,7,Sunday,39,9,September,3,2025,28,True,False,False,False,False,,False,,4.0,,Festival Sale - Dussehra,False,24.6,5.0,90.8,Light Rain,7.11,107.44,6.58,101.31,Festival Sale - Dussehra,Festival Sale,Medium,324911.81,157117.55,True
2025-09-29,1,Monday,40,9,September,3,2025,29,False,False,False,False,False,,False,,3.0,,Festival Sale - Dussehra,False,25.2,19.7,72.6,Heavy Rain,7.11,107.4,6.57,101.32,Festival Sale - Dussehra,Festival Sale,Medium,256950.51,144515.8,True
2025-09-30,2,Tuesday,40,9,September,3,2025,30,False,False,True,False,True,,False,,2.0,,Festival Sale - Dussehra,False,25.3,6.4,70.1,Light Rain,7.14,107.46,6.57,101.26,Festival Sale - Dussehra,Festival Sale,Medium,267681.31,117596.6,True
2025-10-01,3,Wednesday,40,10,October,4,2025,1,False,True,False,True,False,,False,,1.0,,Diwali Mega Sale,True,23.3,0.0,48.5,Pleasant,7.15,107.52,6.58,101.35,Diwali Mega Sale,Festival Sale,High,391891.95,175013.37,True
2025-10-02,4,Thursday,40,10,October,4,2025,2,False,False,False,False,False,Dussehra,True,Festival,0.0,0.0,Diwali Mega Sale,True,24.0,0.0,51.3,Pleasant,7.13,107.34,6.56,101.41,Diwali Mega Sale,Festival Sale,High,365929.55,173720.87,True
2025-10-03,5,Friday,40,10,October,4,2025,3,False,False,False,False,False,,False,,18.0,1.0,Diwali Mega Sale,True,24.0,0.0,61.2,Pleasant,7.13,107.43,6.54,101.53,Diwali Mega Sale,Festival Sale,High,379981.69,175610.78,True
2025-10-04,6,Saturday,40,10,October,4,2025,4,True,False,False,False,False,,False,,17.0,2.0,Diwali Mega Sale,True,22.2,0.0,51.2,Pleasant,7.11,107.38,6.54,101.53,Diwali Mega Sale,Festival Sale,High,417437.06,208973.85,True
2025-10-05,7,Sunday,40,10,October,4,2025,5,True,False,False,False,False,,False,,16.0,3.0,Diwali Mega Sale,True,23.4,0.0,64.7,Pleasant,7.09,107.32,6.53,101.69,Diwali Mega Sale,Festival Sale,High,417322.15,218910.79,True
2025-10-06,1,Monday,41,10,October,4,2025,6,False,False,False,False,False,,False,,15.0,4.0,Diwali Mega Sale,True,23.6,0.0,38.0,Pleasant,7.07,106.97,6.53,101.72,Diwali Mega Sale,Festival Sale,High,359079.3,169927.6,True
2025-10-07,2,Tuesday,41,10,October,4,2025,7,False,False,False,False,False,,False,,14.0,5.0,Diwali Mega Sale,True,23.1,0.0,56.9,Pleasant,7.05,107.14,6.52,101.69,Diwali Mega Sale,Festival Sale,High,358306.47,191390.49,True
2025-10-08,3,Wednesday,41,10,October,4,2025,8,False,False,False,False,False,,False,,13.0,6.0,Diwali Mega Sale,True,22.6,0.0,64.9,Pleasant,7.04,107.3,6.51,101.61,Diwali Mega Sale,Festival Sale,High,400901.43,188398.96,True
2025-10-09,4,Thursday,41,10,October,4,2025,9,False,False,False,False,False,,False,,12.0,7.0,Diwali Mega Sale,True,24.5,0.0,51.0,Pleasant,7.02,107.55,6.52,101.51,Diwali Mega Sale,Festival Sale,High,343809.37,173370.82,True
2025-10-10,5,Friday,41,10,October,4,2025,10,False,False,False,False,False,,False,,11.0,8.0,Diwali Mega Sale,True,22.0,0.0,53.6,Pleasant,7.03,107.58,6.5,101.48,Diwali Mega Sale,Festival Sale,High,341666.35,191904.67,True
2025-10-11,6,Saturday,41,10,October,4,2025,11,True,False,False,False,False,,False,,10.0,9.0,Diwali Mega Sale,True,22.3,,66.6,Pleasant,7.08,107.43,6.48,101.49,Diwali Mega Sale,Festival Sale,High,480879.46,208889.34,True
2025-10-12,7,Sunday,41,10,October,4,2025,12,True,False,False,False,False,,False,,9.0,10.0,Diwali Mega Sale,True,20.4,0.0,60.1,Pleasant,7.09,107.22,6.47,101.42,Diwali Mega Sale,Festival Sale,High,468149.1,262778.42,True
2025-10-13,1,Monday,42,10,October,4,2025,13,False,False,False,False,False,,False,,8.0,11.0,Diwali Mega Sale,True,22.4,0.0,45.5,Pleasant,7.11,107.11,6.47,101.49,Diwali Mega Sale,Festival Sale,High,359358.83,190371.83,True
2025-10-14,2,Tuesday,42,10,October,4,2025,14,False,False,False,False,False,,False,,7.0,12.0,Diwali Mega Sale,True,22.7,3.2,54.5,Light Rain,7.09,107.31,6.46,101.44,Diwali Mega Sale,Festival Sale,High,352325.35,191985.77,True
2025-10-15,3,Wednesday,42,10,October,4,2025,15,False,False,False,False,False,,False,,6.0,13.0,Diwali Mega Sale,True,22.3,0.0,42.8,Pleasant,7.08,107.32,6.46,101.35,Diwali Mega Sale,Festival Sale,High,342030.68,175954.24,True
2025-10-16,4,Thursday,42,10,October,4,2025,16,False,False,False,False,False,,False,,5.0,14.0,Diwali Mega Sale,True,21.2,0.0,52.5,Pleasant,7.06,107.06,6.47,101.44,Diwali Mega Sale,Festival Sale,High,364304.7,193248.0,True
2025-10-17,5,Friday,42,10,October,4,2025,17,False,False,False,False,False,,False,,4.0,15.0,Diwali Mega Sale,True,22.0,0.0,49.7,Pleasant,7.06,106.99,6.45,101.36,Diwali Mega Sale,Festival Sale,High,368768.74,181924.92,True
2025-10-18,6,Saturday,42,10,October,4,2025,18,True,False,False,False,False,,False,,3.0,16.0,Diwali Mega Sale,True,22.0,0.0,56.3,Pleasant,7.06,106.82,6.45,101.5,Diwali Mega Sale,Festival Sale,High,478503.32,251302.61,True
2025-10-19,7,Sunday,42,10,October,4,2025,19,True,False,False,False,False,,False,,2.0,17.0,Diwali Mega Sale,True,20.8,0.0,66.3,Pleasant,7.07,106.91,6.46,101.5,Diwali Mega Sale,Festival Sale,High,434230.2,215919.21,True
2025-10-20,1,Monday,43,10,October,4,2025,20,False,False,False,False,False,,False,,1.0,18.0,Diwali Mega Sale,True,18.9,0.0,37.9,Pleasant,7.05,106.8,6.47,101.45,Diwali Mega Sale,Festival Sale,High,366119.03,180042.19,True
2025-10-21,2,Tuesday,43,10,October,4,2025,21,False,False,False,False,False,Diwali,True,Festival,0.0,0.0,Diwali Mega Sale,True,18.9,0.0,59.2,Pleasant,7.04,106.97,6.48,101.37,Diwali Mega Sale,Festival Sale,High,382468.89,168664.14,True
2025-10-22,3,Wednesday,43,10,October,4,2025,22,False,False,False,False,False,,False,,,1.0,Diwali Mega Sale,True,17.0,0.0,60.1,Pleasant,7.06,106.92,6.47,101.31,Diwali Mega Sale,Festival Sale,High,352930.99,175620.41,True
2025-10-23,4,Thursday,43,10,October,4,2025,23,False,False,False,False,False,,False,,,2.0,Diwali Mega Sale,True,15.7,,47.0,Pleasant,7.08,106.74,6.47,101.25,Diwali Mega Sale,Festival Sale,High,353373.71,180197.99,True
2025-10-24,5,Friday,43,10,October,4,2025,24,False,False,False,False,False,,False,,,3.0,Diwali Mega Sale,True,16.0,0.0,52.4,Pleasant,7.06,106.74,6.47,101.3,Diwali Mega Sale,Festival Sale,High,358354.38,168823.71,True
2025-10-25,6,Saturday,43,10,October,4,2025,25,True,False,False,False,False,,False,,,4.0,,False,16.1,0.0,53.0,Pleasant,7.07,106.97,6.48,101.33,,,,197853.83,86581.09,False
2025-10-26,7,Sunday,43,10,October,4,2025,26,True,False,False,False,False,,False,,,5.0,,False,17.0,0.0,60.7,Pleasant,7.04,106.95,6.48,101.35,,,,222952.66,110697.89,False
2025-10-27,1,Monday,44,10,October,4,2025,27,False,False,False,False,False,,False,,,6.0,,False,16.6,0.0,51.7,Pleasant,7.06,107.02,6.48,101.3,,,,162294.9,78166.25,False
2025-10-28,2,Tuesday,44,10,October,4,2025,28,False,False,False,False,False,,False,,,7.0,,False,15.4,0.0,54.5,Pleasant,7.07,106.91,6.48,101.3,,,,79350.31,86336.09,False
2025-10-29,3,Wednesday,44,10,October,4,2025,29,False,False,False,False,False,,False,,,8.0,,False,17.0,0.0,,Pleasant,7.1,107.11,6.47,101.43,,,,150549.28,87906.18,False
2025-10-30,4,Thursday,44,10,October,4,2025,30,False,False,False,False,False,,False,,,9.0,,False,16.4,0.0,48.8,Pleasant,7.09,106.99,6.46,101.49,,,,137503.75,67422.26,False
2025-10-31,5,Friday,44,10,October,4,2025,31,False,False,True,False,False,,False,,,10.0,,False,14.5,0.0,45.6,Cold,7.11,106.93,6.46,101.47,,,,121621.15,56409.7,False
2025-11-01,6,Saturday,44,11,November,4,2025,1,True,True,False,False,False,,False,,,11.0,,False,16.6,0.0,45.7,Pleasant,7.12,107.08,6.46,101.51,,,,168232.59,63312.33,False
2025-11-02,7,Sunday,44,11,November,4,2025,2,True,False,False,False,False,,False,,,12.0,,False,15.3,0.0,56.5,Pleasant,7.14,107.37,6.46,101.51,,,,202066.45,92708.2,False
2025-11-03,1,Monday,45,11,November,4,2025,3,False,False,False,False,False,,False,,,13.0,,False,15.5,0.0,67.6,Pleasant,7.13,107.11,6.48,101.51,,,,166436.6,63709.98,False
2025-11-04,2,Tuesday,45,11,November,4,2025,4,False,False,False,False,False,,False,,,14.0,,False,13.6,0.0,42.9,Cold,7.14,107.14,6.47,101.61,,,,115868.5,55645.71,False
2025-11-05,3,Wednesday,45,11,November,4,2025,5,False,False,False,False,False,,False,,,15.0,,False,14.8,0.0,55.6,Cold,7.12,107.28,6.45,101.53,,,,132257.25,49715.7,False
2025-11-06,4,Thursday,45,11,November,4,2025,6,False,False,False,False,False,,False,,,16.0,,False,15.4,0.0,52.9,Pleasant,7.12,107.35,6.45,101.53,,,,98538.47,66360.73,False
2025-11-07,5,Friday,45,11,November,4,2025,7,False,False,False,False,False,,False,,,17.0,,False,14.6,0.0,33.9,Cold,7.1,107.28,6.46,101.45,,,,101124.47,69689.4,False
2025-11-08,6,Saturday,45,11,November,4,2025,8,True,False,False,False,False,,False,,,18.0,,False,17.3,0.0,51.9,Pleasant,7.1,107.15,6.47,101.43,,,,233285.89,77706.77,False
2025-11-09,7,Sunday,45,11,November,4,2025,9,True,False,False,False,False,,False,,,19.0,,False,17.7,0.0,53.6,Pleasant,7.11,107.5,6.45,101.44,,,,204559.43,76402.02,False
2025-11-10,1,Monday,46,11,November,4,2025,10,False,False,False,False,False,,False,,,20.0,,False,15.8,0.0,70.0,Pleasant,7.12,107.4,6.45,101.42,,,,146945.67,60477.72,False
2025-11-11,2,Tuesday,46,11,November,4,2025,11,False,False,False,False,False,,False,,,21.0,,False,16.8,8.8,60.8,Light Rain,7.12,107.57,6.45,101.41,,,,127585.2,63903.41,False
2025-11-12,3,Wednesday,46,11,November,4,2025,12,False,False,False,False,False,,False,,,22.0,,False,16.7,0.0,54.4,Pleasant,7.11,107.58,6.45,101.42,,,,164329.8,70570.9,False
2025-11-13,4,Thursday,46,11,November,4,2025,13,False,False,False,False,False,,False,,,23.0,,False,14.5,0.0,56.0,Cold,7.11,107.56,6.44,101.34,,,,149745.31,78310.03,False
2025-11-14,5,Friday,46,11,November,4,2025,14,False,False,False,False,False,,False,,,24.0,,False,12.9,0.0,39.2,Cold,7.08,107.7,6.44,101.42,,,,107037.45,71284.48,False
2025-11-15,6,Saturday,46,11,November,4,2025,15,True,False,False,False,False,,False,,,25.0,,False,15.0,12.7,58.5,Light Rain,7.09,107.8,6.45,101.42,,,,174878.29,99165.61,False
2025-11-16,7,Sunday,46,11,November,4,2025,16,True,False,False,False,False,,False,,,26.0,,False,14.7,6.3,52.3,Light Rain,7.09,107.73,6.44,101.48,,,,211479.92,77329.49,False
2025-11-17,1,Monday,47,11,November,4,2025,17,False,False,False,False,False,,False,,,27.0,,False,14.7,0.0,64.9,Cold,7.11,107.84,6.43,101.49,,,,162457.45,,False
2025-11-18,2,Tuesday,47,11,November,4,2025,18,False,False,False,False,False,,False,,,28.0,,False,16.1,0.0,50.3,Pleasant,7.12,107.91,6.43,101.48,,,,123356.22,67783.44,False
2025-11-19,3,Wednesday,47,11,November,4,2025,19,False,False,False,False,False,,False,,,29.0,,False,14.6,0.0,61.8,Cold,7.09,107.71,6.42,101.61,,,,109024.87,65447.94,False
2025-11-20,4,Thursday,47,11,November,4,2025,20,False,False,False,False,False,,False,,,30.0,,False,14.0,0.0,49.0,Cold,7.11,107.71,6.43,101.63,,,,139197.32,56978.38,False
2025-11-21,5,Friday,47,11,November,4,2025,21,False,False,False,False,False,,False,,,,,False,13.7,0.0,52.6,Cold,7.13,107.7,6.44,101.62,,,,133862.18,79305.64,False
2025-11-22,6,Saturday,47,11,November,4,2025,22,True,False,False,False,False,,False,,,,,False,14.5,0.0,58.3,Cold,7.12,107.74,6.44,101.63,,,,220330.91,62402.89,False
2025-11-23,7,Sunday,47,11,November,4,2025,23,True,False,False,False,False,,False,,,,,False,15.0,0.0,62.9,Pleasant,7.11,107.78,6.44,101.54,,,,153015.8,107998.96,False
2025-11-24,1,Monday,48,11,November,4,2025,24,False,False,False,False,False,,False,,,,,False,13.3,0.0,43.4,Cold,7.12,107.87,6.44,101.51,,,,139761.99,73216.49,False
2025-11-25,2,Tuesday,48,11,November,4,2025,25,False,False,False,False,False,,False,,30.0,,,False,13.4,0.0,60.5,Cold,7.12,107.85,6.43,101.3,,,,136209.77,65668.46,False
2025-11-26,3,Wednesday,48,11,November,4,2025,26,False,False,False,False,False,,False,,29.0,,,False,14.4,0.0,48.8,Cold,7.13,107.81,6.43,101.29,,,,151626.88,76599.68,False
2025-11-27,4,Thursday,48,11,November,4,2025,27,False,False,False,False,False,,False,,28.0,,,False,15.1,0.0,64.0,Pleasant,7.14,107.75,6.43,101.29,,,,141933.73,61672.8,False
2025-11-28,5,Friday,48,11,November,4,2025,28,False,False,False,False,False,,False,,27.0,,Black Friday,True,13.7,0.0,51.2,Cold,7.15,107.76,6.43,101.19,Black Friday,Flash Sale,High,328670.81,184964.49,True
2025-11-29,6,Saturday,48,11,November,4,2025,29,True,False,False,False,False,,False,,26.0,,Black Friday,True,15.2,0.0,59.1,Pleasant,7.17,107.54,6.44,101.22,Black Friday,Flash Sale,High,406622.08,251432.64,True
2025-11-30,7,Sunday,48,11,November,4,2025,30,True,False,True,False,False,,False,,25.0,,Black Friday,True,16.5,0.0,45.4,Pleasant,7.19,107.56,6.43,101.18,Black Friday,Flash Sale,High,482910.85,227738.94,True
2025-12-01,1,Monday,49,12,December,4,2025,1,False,True,False,False,False,,False,,24.0,,Cyber Monday,True,17.9,0.0,61.6,Pleasant,7.22,107.59,6.44,101.14,Cyber Monday,Flash Sale,High,392193.26,183450.43,True
2025-12-02,2,Tuesday,49,12,December,4,2025,2,False,False,False,False,False,,False,,23.0,,,False,16.2,0.0,64.8,Pleasant,7.22,107.36,6.43,101.22,,,,137860.48,60344.69,False
2025-12-03,3,Wednesday,49,12,December,4,2025,3,False,False,False,False,False,,False,,22.0,,,False,16.0,0.0,59.7,Pleasant,7.21,107.38,6.43,101.23,,,,144795.36,70664.29,False
2025-12-04,4,Thursday,49,12,December,4,2025,4,False,False,False,False,False,,False,,21.0,,,False,15.6,0.0,47.5,Pleasant,7.23,107.38,6.42,101.28,,,,191285.05,95338.9,False
2025-12-05,5,Friday,49,12,December,4,2025,5,False,False,False,False,False,,False,,20.0,,,False,15.2,0.0,48.4,Pleasant,7.25,107.54,6.42,101.2,,,,122955.29,72819.48,False
2025-12-06,6,Saturday,49,12,December,4,2025,6,True,False,False,False,False,,False,,19.0,,,False,13.2,0.0,54.8,Cold,7.24,107.55,6.41,101.25,,,,174595.71,98622.06,False
2025-12-07,7,Sunday,49,12,December,4,2025,7,True,False,False,False,False,,False,,18.0,,,False,15.4,0.0,56.2,Pleasant,7.19,107.66,6.42,101.28,,,,165295.82,82681.24,False
2025-12-08,1,Monday,50,12,December,4,2025,8,False,False,False,False,False,,False,,17.0,,,False,12.1,0.0,49.4,Cold,7.19,107.68,6.42,101.21,,,,156153.8,74902.74,False
2025-12-09,2,Tuesday,50,12,December,4,2025,9,False,False,False,False,False,,False,,16.0,,,False,12.1,0.0,50.8,Cold,7.16,107.7,6.41,101.31,,,,159964.63,62919.5,False
2025-12-10,3,Wednesday,50,12,December,4,2025,10,False,False,False,False,False,,False,,15.0,,,False,12.1,0.0,47.8,Cold,7.18,107.63,6.39,101.28,,,,86194.39,68502.07,False
2025-12-11,4,Thursday,50,12,December,4,2025,11,False,False,False,False,False,,False,,14.0,,,False,13.4,0.0,41.1,Cold,7.17,107.76,6.39,101.18,,,,114762.66,69368.69,False
2025-12-12,5,Friday,50,12,December,4,2025,12,False,False,False,False,False,,False,,13.0,,,False,13.5,0.0,48.6,Cold,7.11,107.71,6.4,101.23,,,,101452.86,62071.13,False
2025-12-13,6,Saturday,50,12,December,4,2025,13,True,False,False,False,False,,False,,12.0,,,False,12.6,0.0,56.7,Cold,7.07,107.59,6.41,101.26,,,,177045.43,67359.74,False
2025-12-14,7,Sunday,50,12,December,4,2025,14,True,False,False,False,False,,False,,11.0,,,False,10.9,0.0,51.5,Cold,7.05,107.52,6.44,101.35,,,,198140.47,82959.79,False
2025-12-15,1,Monday,51,12,December,4,2025,15,False,False,False,False,False,,False,,10.0,,,False,12.9,0.0,54.4,Cold,7.04,,6.44,101.32,,,,93684.16,88131.13,False
2025-12-16,2,Tuesday,51,12,December,4,2025,16,False,False,False,False,False,,False,,9.0,,,False,14.1,0.0,57.2,Cold,7.05,107.7,6.44,101.29,,,,134429.22,74791.94,False
2025-12-17,3,Wednesday,51,12,December,4,2025,17,False,False,False,False,False,,False,,8.0,,,False,11.2,1.8,49.0,Cold,7.04,107.72,6.43,101.29,,,,123926.59,80269.74,False
2025-12-18,4,Thursday,51,12,December,4,2025,18,False,False,False,False,False,,False,,7.0,,,False,11.3,0.0,46.7,Cold,7.05,107.81,6.44,101.24,,,,139402.69,73470.74,False
2025-12-19,5,Friday,51,12,December,4,2025,19,False,False,False,False,False,,False,,6.0,,,False,13.7,,58.5,Cold,7.05,107.66,6.43,101.16,,,,157104.28,47053.81,False
2025-12-20,6,Saturday,51,12,December,4,2025,20,True,False,False,False,False,,False,,5.0,,,False,13.4,0.0,54.5,Cold,7.04,107.82,6.43,101.1,,,,198521.82,,False
2025-12-21,7,Sunday,51,12,December,4,2025,21,True,False,False,False,False,,False,,4.0,,,False,14.3,0.0,38.6,Cold,7.06,107.76,6.45,101.11,,,,140778.03,83486.23,False
2025-12-22,1,Monday,52,12,December,4,2025,22,False,False,False,False,False,,False,,3.0,,,False,16.0,0.0,50.0,Pleasant,7.05,107.77,6.45,101.04,,,,108786.59,79968.78,False
2025-12-23,2,Tuesday,52,12,December,4,2025,23,False,False,False,False,False,,False,,2.0,,,False,18.7,0.0,66.0,Pleasant,7.06,107.81,6.43,101.04,,,,145048.6,68071.78,False
2025-12-24,3,Wednesday,52,12,December,4,2025,24,False,False,False,False,False,,False,,1.0,,,False,16.8,0.0,54.9,Pleasant,7.06,,6.43,101.06,,,,146523.87,73941.74,False
2025-12-25,4,Thursday,52,12,December,4,2025,25,False,False,False,False,False,Christmas,True,National,0.0,0.0,,False,17.3,0.0,64.5,Pleasant,7.08,107.61,6.43,101.06,,,,,62205.65,False
2025-12-26,5,Friday,52,12,December,4,2025,26,False,False,False,False,False,,False,,,1.0,New Year Sale,False,18.9,0.0,50.3,Pleasant,7.1,107.37,6.43,101.07,New Year Sale,Seasonal Sale,Medium,236698.2,132179.08,True
2025-12-27,6,Saturday,52,12,December,4,2025,27,True,False,False,False,False,,False,,,2.0,New Year Sale,False,15.4,0.0,68.9,Pleasant,7.1,107.4,6.41,101.03,New Year Sale,Seasonal Sale,Medium,337483.53,146050.16,True
2025-12-28,7,Sunday,52,12,December,4,2025,28,True,False,False,False,False,,False,,,3.0,New Year Sale,False,13.9,0.0,45.7,Cold,7.1,107.34,6.39,101.03,New Year Sale,Seasonal Sale,Medium,330830.96,134674.1,True
2025-12-29,1,Monday,1,12,December,4,2025,29,False,False,False,False,False,,False,,,4.0,New Year Sale,False,15.2,0.0,48.5,Pleasant,7.1,107.44,6.4,100.94,New Year Sale,Seasonal Sale,Medium,250547.25,135019.82,True
2025-12-30,2,Tuesday,1,12,December,4,2025,30,False,False,False,False,False,,False,,,5.0,New Year Sale,False,14.1,0.0,54.3,Cold,7.12,107.57,6.41,100.93,New Year Sale,Seasonal Sale,Medium,229270.78,117819.57,True
2025-12-31,3,Wednesday,1,12,December,4,2025,31,False,False,True,False,True,,False,,,6.0,New Year Sale,False,12.1,0.0,58.3,Cold,7.12,107.53,6.41,100.81,New Year Sale,Seasonal Sale,Medium,280649.21,132957.27,True
