transaction_id,date,product_id,store_id,customer_segment_id,channel_id,units_sold,unit_price,gross_sales,discount_amount,net_sales,promotion_id,discount_percentage,inventory_available,stockout_flag,return_units,return_amount,true_demand_estimate
T000086381,2026-02-01,P001,S01,Loyal Regular,Online,0,12485.68,0.0,0.0,0.0,,0.0,0.9,True,0,0.0,138
T000086382,2026-02-01,P002,S01,Value Seeker,Physical Store,160,181.67,28800.0,0.0,28800.0,,0.0,17092.8,False,2,363.34,160
T000086383,2026-02-01,P003,S01,Value Seeker,Online,94,1817.99,169200.0,0.0,169200.0,,0.0,395.1,False,3,5453.97,94
T000086384,2026-02-01,P004,S01,Premium Buyer,Physical Store,22,37470.54,836000.0,11648.12,824351.88,,0.0,80.5,False,1,37470.54,22
T000086385,2026-02-01,P005,S01,Premium Buyer,Physical Store,0,6604.9,0.0,0.0,0.0,,0.0,0.6,True,0,0.0,94
T000086386,2026-02-01,P006,S01,Value Seeker,Physical Store,140,576.12,91000.0,10343.2,80656.8,Flash Discount,11.79,10858.2,False,5,2880.6,140
T000086387,2026-02-01,P001,S02,Value Seeker,Online,105,12431.15,1312500.0,7229.25,1305270.75,,0.0,533.8,False,4,49724.6,105
T000086388,2026-02-01,P002,S02,Premium Buyer,Physical Store,52,177.01,9360.0,155.48,9204.52,,0.0,6243.5,False,0,0.0,52
T000086389,2026-02-01,P003,S02,Budget Shopper,Online,104,1812.15,187200.0,0.0,187200.0,,0.0,280.5,False,21,38055.15,104
T000086390,2026-02-01,P004,S02,Budget Shopper,Physical Store,29,37364.64,1102000.0,18425.44,1083574.56,,0.0,145.2,False,1,37364.64,29
T000086391,2026-02-01,P005,S02,Loyal Regular,Physical Store,147,5462.83,955500.0,152463.99,803036.01,Flash Discount,14.53,1075.5,False,5,27314.15,147
T000086392,2026-02-01,P006,S02,Occasional Shopper,Physical Store,198,643.61,128700.0,1265.22,127434.78,,0.0,12594.9,False,2,1287.22,198
T000086393,2026-02-01,P001,S03,Loyal Regular,Physical Store,135,12549.36,1687500.0,0.0,1687500.0,,0.0,1544.0,False,2,25098.72,135
T000086394,2026-02-01,P002,S03,Value Seeker,Physical Store,211,182.11,37980.0,0.0,37980.0,,0.0,13578.0,False,1,182.11,211
T000086395,2026-02-01,P003,S03,Value Seeker,Physical Store,62,1566.34,111600.0,14486.92,97113.08,Flash Discount,13.37,1037.6,False,3,4699.02,62
T000086396,2026-02-01,P004,S03,Occasional Shopper,Online,14,37963.41,532000.0,512.26,531487.74,,0.0,786.9,False,2,75926.82,14
T000086397,2026-02-01,P005,S03,Budget Shopper,Physical Store,193,6514.41,1254500.0,0.0,1254500.0,,0.0,1462.8,False,5,32572.05,193
T000086398,2026-02-01,P001,S04,Premium Buyer,Physical Store,60,12538.88,750000.0,0.0,750000.0,,0.0,434.4,False,1,12538.88,60
T000086399,2026-02-01,P002,S04,Value Seeker,Online,118,181.04,21240.0,0.0,21240.0,,0.0,9680.7,False,2,362.08,118
T000086400,2026-02-01,P003,S04,Value Seeker,Marketplace,56,1815.12,100800.0,0.0,100800.0,,0.0,2049.6,False,5,9075.6,56
T000086401,2026-02-01,P004,S04,Value Seeker,Physical Store,10,38307.5,380000.0,0.0,380000.0,,0.0,282.8,False,0,0.0,10
T000086402,2026-02-01,P005,S04,Loyal Regular,Physical Store,36,6504.84,234000.0,0.0,234000.0,,0.0,2347.5,False,0,0.0,36
T000086403,2026-02-01,P006,S04,Loyal Regular,Physical Store,302,652.3,196300.0,0.0,196300.0,,0.0,4599.0,False,11,7175.3,302
T000086404,2026-02-01,P001,S05,Budget Shopper,Online,103,12736.11,1287500.0,0.0,1287500.0,,0.0,673.7,False,10,127361.1,103
T000086405,2026-02-01,P002,S05,Loyal Regular,Marketplace,148,182.45,26640.0,0.0,26640.0,,0.0,10339.7,False,0,0.0,148
T000086406,2026-02-01,P003,S05,Value Seeker,Mobile App,18,1823.57,32400.0,0.0,32400.0,,0.0,730.5,False,3,5470.71,18
T000086407,2026-02-01,P004,S05,Occasional Shopper,Physical Store,7,38359.97,266000.0,0.0,266000.0,,0.0,124.2,False,0,0.0,7
T000086408,2026-02-01,P005,S05,Premium Buyer,Marketplace,0,6510.34,0.0,0.0,0.0,,0.0,0.3,True,0,0.0,63
T000086409,2026-02-01,P006,S05,Value Seeker,Marketplace,62,650.23,40300.0,0.0,40300.0,,0.0,9505.2,False,0,0.0,62
T000086410,2026-02-01,P001,S06,Value Seeker,Physical Store,37,12484.1,462500.0,588.3,461911.7,,0.0,541.9,False,2,24968.2,37
T000086411,2026-02-01,P002,S06,Premium Buyer,Physical Store,107,179.77,19260.0,24.61,19235.39,,0.0,15975.3,False,0,0.0,107
T000086412,2026-02-01,P003,S06,Loyal Regular,Physical Store,25,1801.74,45000.0,0.0,45000.0,,0.0,2302.7,False,2,3603.48,25
T000086413,2026-02-01,P004,S06,Value Seeker,Physical Store,5,37962.89,190000.0,185.55,189814.45,,0.0,332.4,False,0,0.0,5
T000086414,2026-02-01,P005,S06,Occasional Shopper,Physical Store,98,5501.5,637000.0,97853.0,539147.0,Flash Discount,14.05,1102.1,False,3,16504.5,98
T000086415,2026-02-01,P006,S06,Budget Shopper,Physical Store,107,607.12,69550.0,4588.16,64961.84,Flash Discount,7.06,18000.9,False,1,607.12,107
T000086416,2026-02-01,P001,S07,Occasional Shopper,Physical Store,70,12511.17,875000.0,0.0,875000.0,,0.0,1362.7,False,5,62555.85,70
T000086417,2026-02-01,P002,S07,Budget Shopper,Online,76,180.82,13680.0,0.0,13680.0,,0.0,16290.4,False,1,180.82,76
T000086418,2026-02-01,P003,S07,Premium Buyer,Online,38,1806.38,68400.0,0.0,68400.0,,0.0,5773.4,False,5,9031.9,38
T000086419,2026-02-01,P004,S07,Occasional Shopper,Mobile App,30,38290.83,1140000.0,0.0,1140000.0,,0.0,641.1,False,1,38290.83,30
T000086420,2026-02-01,P005,S07,Premium Buyer,Marketplace,19,6489.81,123500.0,193.61,123306.39,,0.0,2226.2,False,0,0.0,19
T000086421,2026-02-01,P006,S07,Budget Shopper,Online,105,652.23,68250.0,0.0,68250.0,,0.0,11569.9,False,3,1956.69,105
T000086422,2026-02-01,P001,S08,Budget Shopper,Mobile App,48,12340.37,600000.0,7662.24,592337.76,,0.0,2664.9,False,3,37021.11,48
T000086423,2026-02-01,P003,S08,Premium Buyer,Physical Store,47,1793.9,84600.0,286.7,84313.3,,0.0,1358.8,False,5,8969.5,47
T000086424,2026-02-01,P004,S08,Premium Buyer,Online,17,38263.73,646000.0,0.0,646000.0,,0.0,781.6,False,0,0.0,17
T000086425,2026-02-01,P005,S08,Value Seeker,Physical Store,73,6409.56,474500.0,6602.12,467897.88,,0.0,1243.9,False,3,19228.68,73
T000086426,2026-02-01,P006,S08,Budget Shopper,Online,67,649.44,43550.0,37.52,43512.48,,0.0,9730.2,False,1,649.44,67
T000086427,2026-02-02,P001,S01,Value Seeker,Online,0,12618.37,0.0,0.0,0.0,,0.0,0.9,True,0,0.0,38
T000086428,2026-02-02,P002,S01,Premium Buyer,Online,120,182.12,21600.0,0.0,21600.0,,0.0,17809.0,False,0,0.0,120
T000086429,2026-02-02,P003,S01,Budget Shopper,Mobile App,37,1768.14,66600.0,1178.82,65421.18,,0.0,301.1,False,1,1768.14,37
T000086430,2026-02-02,P004,S01,Premium Buyer,Physical Store,15,38347.65,570000.0,0.0,570000.0,,0.0,58.5,False,0,0.0,15
T000086431,2026-02-02,P005,S01,Occasional Shopper,Mobile App,112,6519.12,728000.0,0.0,728000.0,,0.0,174.2,False,4,26076.48,112
T000086432,2026-02-02,P006,S01,Loyal Regular,Physical Store,102,654.64,66300.0,0.0,66300.0,,0.0,11870.5,False,2,1309.28,102
T000086433,2026-02-02,P001,S02,Budget Shopper,Mobile App,104,12634.56,1300000.0,0.0,1300000.0,,0.0,428.8,False,7,88441.92,104
T000086434,2026-02-02,P002,S02,Value Seeker,Online,113,181.61,20340.0,0.0,20340.0,,0.0,6191.5,False,1,181.61,113
T000086435,2026-02-02,P003,S02,Premium Buyer,Mobile App,67,1819.68,120600.0,0.0,120600.0,,0.0,619.8,False,11,20016.48,67
T000086436,2026-02-02,P004,S02,Occasional Shopper,Physical Store,8,37930.5,304000.0,556.0,303444.0,,0.0,187.6,False,0,0.0,8
T000086437,2026-02-02,P005,S02,Loyal Regular,Online,56,6531.99,364000.0,0.0,364000.0,,0.0,928.5,False,1,6531.99,56
T000086438,2026-02-02,P006,S02,Budget Shopper,Online,130,653.26,84500.0,0.0,84500.0,,0.0,13061.3,False,4,2613.04,130
T000086439,2026-02-02,P001,S03,Budget Shopper,Physical Store,171,12394.53,2137500.0,18035.37,2119464.63,,0.0,1409.0,False,6,74367.18,171
T000086440,2026-02-02,P002,S03,Occasional Shopper,Physical Store,97,177.78,17460.0,215.34,17244.66,,0.0,14270.0,False,0,0.0,97
T000086441,2026-02-02,P003,S03,Occasional Shopper,Online,25,1813.41,45000.0,0.0,45000.0,,0.0,1187.0,False,4,7253.64,25
T000086442,2026-02-02,P004,S03,Loyal Regular,Physical Store,18,37854.94,684000.0,2611.08,681388.92,,0.0,915.0,False,0,0.0,18
T000086443,2026-02-02,P005,S03,Premium Buyer,Mobile App,105,6583.54,682500.0,0.0,682500.0,,0.0,1553.3,False,11,72418.94,105
T000086444,2026-02-02,P006,S03,Loyal Regular,Physical Store,77,647.54,50050.0,189.42,49860.58,,0.0,6903.1,False,0,0.0,77
T000086445,2026-02-02,P002,S04,Budget Shopper,Mobile App,106,178.52,19080.0,156.88,18923.12,,0.0,10564.5,False,1,178.52,106
T000086446,2026-02-02,P004,S04,Loyal Regular,Physical Store,6,38148.91,228000.0,0.0,228000.0,,0.0,272.8,False,0,0.0,6
T000086447,2026-02-02,P005,S04,Occasional Shopper,Physical Store,73,6518.53,474500.0,0.0,474500.0,,0.0,2609.1,False,5,32592.65,73
T000086448,2026-02-02,P006,S04,Premium Buyer,Physical Store,110,645.77,71500.0,465.3,71034.7,,0.0,5244.5,False,1,645.77,110
T000086449,2026-02-02,P001,S05,Budget Shopper,Physical Store,40,12360.92,500000.0,5563.2,494436.8,,0.0,570.7,False,3,37082.76,40
T000086450,2026-02-02,P002,S05,Value Seeker,Mobile App,80,178.72,14400.0,102.4,14297.6,,0.0,11015.8,False,0,0.0,80
T000086451,2026-02-02,P003,S05,Occasional Shopper,Online,19,1785.09,34200.0,283.29,33916.71,,0.0,712.5,False,2,3570.18,19
T000086452,2026-02-02,P004,S05,Premium Buyer,Online,10,37890.92,380000.0,1090.8,378909.2,,0.0,117.2,False,0,0.0,10
T000086453,2026-02-02,P005,S05,Occasional Shopper,Physical Store,12,6427.69,78000.0,867.72,77132.28,,0.0,164.5,False,0,0.0,12
T000086454,2026-02-02,P006,S05,Premium Buyer,Online,66,643.58,42900.0,423.72,42476.28,,0.0,9443.2,False,4,2574.32,66
T000086455,2026-02-02,P001,S06,Loyal Regular,Online,52,12478.73,650000.0,1106.04,648893.96,,0.0,504.9,False,2,24957.46,52
T000086456,2026-02-02,P002,S06,Occasional Shopper,Online,98,182.31,17640.0,0.0,17640.0,,0.0,16454.0,False,1,182.31,98
T000086457,2026-02-02,P003,S06,Budget Shopper,Physical Store,26,1795.68,46800.0,112.32,46687.68,,0.0,2277.7,False,2,3591.36,26
T000086458,2026-02-02,P004,S06,Value Seeker,Online,4,38085.64,152000.0,0.0,152000.0,,0.0,327.4,False,0,0.0,4
T000086459,2026-02-02,P005,S06,Premium Buyer,Physical Store,32,6525.07,208000.0,0.0,208000.0,,0.0,1215.0,False,1,6525.07,32
T000086460,2026-02-02,P006,S06,Premium Buyer,Online,58,650.59,37700.0,0.0,37700.0,,0.0,17893.9,False,0,0.0,58
T000086461,2026-02-02,P001,S07,Budget Shopper,Online,35,12490.42,437500.0,335.3,437164.7,,0.0,1568.7,False,2,24980.84,35
T000086462,2026-02-02,P002,S07,Value Seeker,Physical Store,64,179.4,11520.0,38.4,11481.6,,0.0,17565.1,False,0,0.0,64
T000086463,2026-02-02,P003,S07,Budget Shopper,Online,8,1784.42,14400.0,124.64,14275.36,,0.0,5924.6,False,1,1784.42,8
T000086464,2026-02-02,P004,S07,Value Seeker,Online,9,38133.97,342000.0,0.0,342000.0,,0.0,611.1,False,0,0.0,9
T000086465,2026-02-02,P005,S07,Premium Buyer,Online,10,6531.65,65000.0,0.0,65000.0,,0.0,2207.2,False,0,0.0,10
T000086466,2026-02-02,P006,S07,Value Seeker,Mobile App,80,639.54,52000.0,836.8,51163.2,,0.0,11464.9,False,2,1279.08,80
T000086467,2026-02-02,P001,S08,Value Seeker,Mobile App,46,12393.42,575000.0,4902.68,570097.32,,0.0,2616.9,False,2,24786.84,46
T000086468,2026-02-02,P002,S08,Occasional Shopper,Online,70,178.3,12600.0,119.0,12481.0,,0.0,13155.6,False,0,0.0,70
T000086469,2026-02-02,P003,S08,Value Seeker,Physical Store,17,1803.71,30600.0,0.0,30600.0,,0.0,1613.3,False,1,1803.71,17
T000086470,2026-02-02,P004,S08,Occasional Shopper,Physical Store,3,37573.62,114000.0,1279.14,112720.86,,0.0,835.4,False,0,0.0,3
T000086471,2026-02-02,P005,S08,Occasional Shopper,Online,47,6473.07,305500.0,1265.71,304234.29,,0.0,1170.9,False,3,19419.21,47
T000086472,2026-02-02,P006,S08,Occasional Shopper,Physical Store,88,649.93,57200.0,6.16,57193.84,,0.0,9663.2,False,1,649.93,88
T000086473,2026-02-03,P001,S01,Value Seeker,Online,0,10874.45,0.0,0.0,0.0,Flash Discount,12.25,0.9,True,0,0.0,164
T000086474,2026-02-03,P002,S01,Value Seeker,Marketplace,154,179.83,27720.0,26.18,27693.82,,0.0,18481.2,False,0,0.0,154
T000086475,2026-02-03,P003,S01,Loyal Regular,Mobile App,52,1839.07,93600.0,0.0,93600.0,,0.0,264.1,False,11,20229.77,52
T000086476,2026-02-03,P004,S01,Premium Buyer,Mobile App,24,37422.31,912000.0,13864.56,898135.44,,0.0,43.5,False,2,74844.62,24
T000086477,2026-02-03,P005,S01,Budget Shopper,Physical Store,62,6433.49,403000.0,4123.62,398876.38,,0.0,62.2,True,4,25733.96,103
T000086478,2026-02-03,P006,S01,Occasional Shopper,Mobile App,149,643.62,96850.0,950.62,95899.38,,0.0,11768.5,False,8,5148.96,149
T000086479,2026-02-03,P001,S02,Value Seeker,Physical Store,107,12400.26,1337500.0,10672.18,1326827.82,,0.0,324.8,False,7,86801.82,107
T000086480,2026-02-03,P002,S02,Loyal Regular,Physical Store,33,177.11,5940.0,95.37,5844.63,,0.0,6078.5,False,0,0.0,33
T000086481,2026-02-03,P003,S02,Value Seeker,Mobile App,55,1800.54,99000.0,0.0,99000.0,,0.0,552.8,False,9,16204.86,55
T000086482,2026-02-03,P004,S02,Loyal Regular,Physical Store,4,37316.93,152000.0,2732.28,149267.72,,0.0,179.6,False,0,0.0,4
T000086483,2026-02-03,P005,S02,Loyal Regular,Physical Store,35,6414.97,227500.0,2976.05,224523.95,,0.0,872.5,False,2,12829.94,35
T000086484,2026-02-03,P006,S02,Budget Shopper,Marketplace,121,652.08,78650.0,0.0,78650.0,,0.0,13685.3,False,4,2608.32,121
T000086485,2026-02-03,P001,S03,Loyal Regular,Online,125,12779.51,1562500.0,0.0,1562500.0,,0.0,1565.2,False,1,12779.51,125
T000086486,2026-02-03,P002,S03,Loyal Regular,Mobile App,139,176.47,25020.0,490.67,24529.33,,0.0,15026.3,False,0,0.0,139
T000086487,2026-02-03,P003,S03,Budget Shopper,Physical Store,31,1621.0,55800.0,5549.0,50251.0,Flash Discount,7.05,1162.0,False,2,3242.0,31
T000086488,2026-02-03,P004,S03,Occasional Shopper,Mobile App,8,38122.79,304000.0,0.0,304000.0,,0.0,897.0,False,0,0.0,8
T000086489,2026-02-03,P005,S03,Premium Buyer,Physical Store,96,6450.7,624000.0,4732.8,619267.2,,0.0,1448.3,False,4,25802.8,96
T000086490,2026-02-03,P006,S03,Value Seeker,Mobile App,28,648.71,18200.0,36.12,18163.88,,0.0,7496.4,False,2,1297.42,28
T000086491,2026-02-03,P001,S04,Premium Buyer,Mobile App,39,12644.71,487500.0,0.0,487500.0,,0.0,374.4,False,0,0.0,39
T000086492,2026-02-03,P002,S04,Occasional Shopper,Mobile App,101,181.3,18180.0,0.0,18180.0,,0.0,10458.5,False,0,0.0,101
T000086493,2026-02-03,P003,S04,Value Seeker,Marketplace,24,1772.46,43200.0,660.96,42539.04,,0.0,1993.6,False,1,1772.46,24
T000086494,2026-02-03,P004,S04,Loyal Regular,Physical Store,16,37727.63,608000.0,4357.92,603642.08,,0.0,266.8,False,0,0.0,16
T000086495,2026-02-03,P005,S04,Budget Shopper,Physical Store,20,6646.66,130000.0,0.0,130000.0,,0.0,2536.1,False,1,6646.66,20
T000086496,2026-02-03,P006,S04,Value Seeker,Online,172,642.22,111800.0,1338.16,110461.84,,0.0,6244.8,False,8,5137.76,172
T000086497,2026-02-03,P001,S05,Value Seeker,Online,36,12439.24,450000.0,2187.36,447812.64,,0.0,884.1,False,5,62196.2,36
T000086498,2026-02-03,P002,S05,Loyal Regular,Online,98,179.07,17640.0,91.14,17548.86,,0.0,10935.8,False,1,179.07,98
T000086499,2026-02-03,P003,S05,Loyal Regular,Physical Store,33,1816.54,59400.0,0.0,59400.0,,0.0,693.5,False,1,1816.54,33
T000086500,2026-02-03,P004,S05,Budget Shopper,Marketplace,15,37746.55,570000.0,3801.75,566198.25,,0.0,107.2,False,1,37746.55,15
T000086501,2026-02-03,P005,S05,Premium Buyer,Mobile App,33,6427.32,214500.0,2398.44,212101.56,,0.0,152.5,False,1,6427.32,33
T000086502,2026-02-03,P006,S05,Premium Buyer,Mobile App,80,649.07,52000.0,74.4,51925.6,,0.0,9377.2,False,2,1298.14,80
T000086503,2026-02-03,P001,S06,Occasional Shopper,Online,46,12659.53,575000.0,0.0,575000.0,,0.0,452.9,False,3,37978.59,46
T000086504,2026-02-03,P002,S06,Budget Shopper,Marketplace,45,181.17,8100.0,0.0,8100.0,,0.0,16356.0,False,0,0.0,45
T000086505,2026-02-03,P003,S06,Value Seeker,Physical Store,15,1772.85,27000.0,407.25,26592.75,,0.0,2672.9,False,1,1772.85,15
T000086506,2026-02-03,P004,S06,Budget Shopper,Online,5,38002.29,190000.0,0.0,190000.0,,0.0,323.4,False,0,0.0,5
T000086507,2026-02-03,P005,S06,Occasional Shopper,Physical Store,57,6544.39,370500.0,0.0,370500.0,,0.0,1183.0,False,6,39266.34,57
T000086508,2026-02-03,P006,S06,Budget Shopper,Mobile App,276,648.65,179400.0,372.6,179027.4,,0.0,17835.9,False,5,3243.25,276
T000086509,2026-02-03,P001,S07,Loyal Regular,Mobile App,48,12220.7,600000.0,13406.4,586593.6,,0.0,1533.7,False,4,48882.8,48
T000086510,2026-02-03,P002,S07,Value Seeker,Online,54,180.89,9720.0,0.0,9720.0,,0.0,17501.1,False,1,180.89,54
T000086511,2026-02-03,P003,S07,Loyal Regular,Mobile App,10,1800.39,18000.0,0.0,18000.0,,0.0,5916.6,False,1,1800.39,10
T000086512,2026-02-03,P004,S07,Premium Buyer,Physical Store,15,38262.24,570000.0,0.0,570000.0,,0.0,602.1,False,0,0.0,15
T000086513,2026-02-03,P005,S07,Occasional Shopper,Physical Store,25,6532.82,162500.0,0.0,162500.0,,0.0,2463.9,False,0,0.0,25
T000086514,2026-02-03,P006,S07,Occasional Shopper,Online,118,659.6,76700.0,0.0,76700.0,,0.0,12177.9,False,2,1319.2,118
T000086515,2026-02-03,P001,S08,Value Seeker,Online,48,12582.67,600000.0,0.0,600000.0,,0.0,2570.9,False,5,62913.35,48
T000086516,2026-02-03,P002,S08,Budget Shopper,Online,41,181.43,7380.0,0.0,7380.0,,0.0,13717.4,False,0,0.0,41
T000086517,2026-02-03,P003,S08,Budget Shopper,Physical Store,6,1798.27,10800.0,10.38,10789.62,,0.0,1596.3,False,0,0.0,6
T000086518,2026-02-03,P004,S08,Value Seeker,Physical Store,7,38765.53,266000.0,0.0,266000.0,,0.0,948.5,False,1,38765.53,7
T000086519,2026-02-03,P005,S08,Value Seeker,Marketplace,69,6450.49,448500.0,3416.19,445083.81,,0.0,1550.9,False,2,12900.98,69
T000086520,2026-02-03,P006,S08,Budget Shopper,Online,137,644.16,89050.0,800.08,88249.92,,0.0,9575.2,False,6,3864.96,137
T000086521,2026-02-04,P001,S01,Occasional Shopper,Online,0,12386.66,0.0,0.0,0.0,,0.0,0.9,True,0,0.0,207
T000086522,2026-02-04,P002,S01,Occasional Shopper,Mobile App,73,181.25,13140.0,0.0,13140.0,,0.0,19066.2,False,0,0.0,73
T000086523,2026-02-04,P003,S01,Budget Shopper,Physical Store,49,1815.8,88200.0,0.0,88200.0,,0.0,212.1,False,7,12710.6,49
T000086524,2026-02-04,P004,S01,Occasional Shopper,Marketplace,7,37951.16,266000.0,341.88,265658.12,,0.0,191.0,False,0,0.0,7
T000086525,2026-02-04,P005,S01,Premium Buyer,Online,0,6480.86,0.0,0.0,0.0,,0.0,0.2,True,0,0.0,118
T000086526,2026-02-04,P006,S01,Occasional Shopper,Online,154,651.33,100100.0,0.0,100100.0,,0.0,12470.4,False,2,1302.66,154
T000086527,2026-02-04,P001,S02,Budget Shopper,Online,167,12059.46,2087500.0,73570.18,2013929.82,,0.0,574.3,False,5,60297.3,167
T000086528,2026-02-04,P002,S02,Budget Shopper,Online,120,180.94,21600.0,0.0,21600.0,,0.0,6718.6,False,2,361.88,120
T000086529,2026-02-04,P004,S02,Premium Buyer,Physical Store,26,37482.58,988000.0,13452.92,974547.08,,0.0,279.5,False,0,0.0,26
T000086530,2026-02-04,P005,S02,Loyal Regular,Online,106,6618.57,689000.0,0.0,689000.0,,0.0,1332.8,False,1,6618.57,106
T000086531,2026-02-04,P001,S03,Occasional Shopper,Mobile App,130,12489.33,1625000.0,1387.1,1623612.9,,0.0,1440.2,False,12,149871.96,130
T000086532,2026-02-04,P002,S03,Value Seeker,Physical Store,120,183.61,21600.0,0.0,21600.0,,0.0,14887.3,False,0,0.0,120
T000086533,2026-02-04,P003,S03,Loyal Regular,Physical Store,29,1828.14,52200.0,0.0,52200.0,,0.0,1441.3,False,2,3656.28,29
T000086534,2026-02-04,P004,S03,Value Seeker,Marketplace,5,37300.05,190000.0,3499.75,186500.25,,0.0,1000.6,False,0,0.0,5
T000086535,2026-02-04,P005,S03,Loyal Regular,Mobile App,138,6541.17,897000.0,0.0,897000.0,,0.0,1352.3,False,4,26164.68,138
T000086536,2026-02-04,P006,S03,Loyal Regular,Marketplace,200,651.65,130000.0,0.0,130000.0,,0.0,8027.2,False,13,8471.45,200
T000086537,2026-02-04,P001,S04,Loyal Regular,Physical Store,42,12440.84,525000.0,2484.72,522515.28,,0.0,335.4,False,2,24881.68,42
T000086538,2026-02-04,P002,S04,Loyal Regular,Marketplace,100,179.22,18000.0,78.0,17922.0,,0.0,11241.0,False,0,0.0,100
T000086539,2026-02-04,P003,S04,Value Seeker,Physical Store,6,1775.73,10800.0,145.62,10654.38,,0.0,1969.6,False,2,3551.46,6
T000086540,2026-02-04,P004,S04,Value Seeker,Online,7,37805.75,266000.0,1359.75,264640.25,,0.0,250.8,False,0,0.0,7
T000086541,2026-02-04,P005,S04,Value Seeker,Physical Store,54,6433.66,351000.0,3582.36,347417.64,,0.0,2747.7,False,1,6433.66,54
T000086542,2026-02-04,P006,S04,Value Seeker,Physical Store,122,646.88,79300.0,380.64,78919.36,,0.0,6072.8,False,5,3234.4,122
T000086543,2026-02-04,P001,S05,Value Seeker,Online,72,12439.32,900000.0,4368.96,895631.04,,0.0,1316.3,False,5,62196.6,72
T000086544,2026-02-04,P002,S05,Value Seeker,Marketplace,173,181.77,31140.0,0.0,31140.0,,0.0,11825.1,False,2,363.54,173
T000086545,2026-02-04,P003,S05,Value Seeker,Marketplace,30,1798.24,54000.0,52.8,53947.2,,0.0,660.5,False,1,1798.24,30
T000086546,2026-02-04,P004,S05,Premium Buyer,Mobile App,10,37630.23,380000.0,3697.7,376302.3,,0.0,92.2,False,1,37630.23,10
T000086547,2026-02-04,P006,S05,Value Seeker,Online,49,651.71,31850.0,0.0,31850.0,,0.0,9297.2,False,0,0.0,49
T000086548,2026-02-04,P001,S06,Loyal Regular,Physical Store,61,12667.07,762500.0,0.0,762500.0,,0.0,596.5,False,6,76002.42,61
T000086549,2026-02-04,P002,S06,Value Seeker,Physical Store,106,178.5,19080.0,159.0,18921.0,,0.0,17293.7,False,0,0.0,106
T000086550,2026-02-04,P003,S06,Occasional Shopper,Physical Store,32,1802.68,57600.0,0.0,57600.0,,0.0,2657.9,False,3,5408.04,32
T000086551,2026-02-04,P004,S06,Value Seeker,Physical Store,5,37515.92,190000.0,2420.4,187579.6,,0.0,386.2,False,0,0.0,5
T000086552,2026-02-04,P005,S06,Occasional Shopper,Mobile App,23,6474.02,149500.0,597.54,148902.46,,0.0,1304.2,False,0,0.0,23
T000086553,2026-02-04,P006,S06,Loyal Regular,Online,127,637.73,82550.0,1558.29,80991.71,,0.0,18511.1,False,5,3188.65,127
T000086554,2026-02-04,P001,S07,Value Seeker,Online,29,12376.13,362500.0,3592.23,358907.77,,0.0,1773.1,False,1,12376.13,29
T000086555,2026-02-04,P002,S07,Budget Shopper,Mobile App,47,181.82,8460.0,0.0,8460.0,,0.0,18328.5,False,0,0.0,47
T000086556,2026-02-04,P003,S07,Occasional Shopper,Physical Store,8,1815.7,14400.0,0.0,14400.0,,0.0,5906.6,False,2,3631.4,8
T000086557,2026-02-04,P004,S07,Loyal Regular,Physical Store,5,37988.91,190000.0,55.45,189944.55,,0.0,587.1,False,1,37988.91,5
T000086558,2026-02-04,P005,S07,Budget Shopper,Online,5,6483.86,32500.0,80.7,32419.3,,0.0,2438.9,False,0,0.0,5
T000086559,2026-02-04,P006,S07,Premium Buyer,Online,118,648.19,76700.0,213.58,76486.42,,0.0,12059.9,False,4,2592.76,118
T000086560,2026-02-04,P001,S08,Value Seeker,Online,60,12565.65,750000.0,0.0,750000.0,,0.0,2522.9,False,2,25131.3,60
T000086561,2026-02-04,P002,S08,Occasional Shopper,Physical Store,125,180.81,22500.0,0.0,22500.0,,0.0,13676.4,False,0,0.0,125
T000086562,2026-02-04,P003,S08,Loyal Regular,Online,34,1781.28,61200.0,636.48,60563.52,,0.0,1938.5,False,8,14250.24,34
T000086563,2026-02-04,P004,S08,Value Seeker,Online,6,38100.02,228000.0,0.0,228000.0,,0.0,941.5,False,0,0.0,6
T000086564,2026-02-04,P005,S08,Occasional Shopper,Physical Store,34,6452.35,221000.0,1620.1,219379.9,,0.0,1797.2,False,0,0.0,34
T000086565,2026-02-04,P006,S08,Loyal Regular,Physical Store,152,657.4,98800.0,0.0,98800.0,,0.0,9438.2,False,2,1314.8,152
T000086566,2026-02-05,P001,S01,Value Seeker,Mobile App,0,12241.28,0.0,0.0,0.0,,0.0,0.9,True,0,0.0,110
T000086567,2026-02-05,P002,S01,Occasional Shopper,Physical Store,166,180.37,29880.0,0.0,29880.0,,0.0,18993.2,False,3,541.11,166
T000086568,2026-02-05,P003,S01,Occasional Shopper,Marketplace,40,1790.1,72000.0,396.0,71604.0,,0.0,163.1,False,9,16110.9,40
T000086569,2026-02-05,P004,S01,Budget Shopper,Mobile App,7,37892.11,266000.0,755.23,265244.77,,0.0,184.0,False,0,0.0,7
T000086570,2026-02-05,P005,S01,Value Seeker,Marketplace,137,6615.17,890500.0,0.0,890500.0,,0.0,176.2,False,5,33075.85,137
T000086571,2026-02-05,P006,S01,Value Seeker,Online,144,657.46,93600.0,0.0,93600.0,,0.0,13360.3,False,5,3287.3,144
T000086572,2026-02-05,P001,S02,Premium Buyer,Online,73,12585.31,912500.0,0.0,912500.0,,0.0,407.3,False,4,50341.24,73
T000086573,2026-02-05,P002,S02,Budget Shopper,Physical Store,68,180.5,12240.0,0.0,12240.0,,0.0,7276.3,False,0,0.0,68
T000086574,2026-02-05,P003,S02,Loyal Regular,Online,35,1799.86,63000.0,4.9,62995.1,,0.0,497.8,False,6,10799.16,35
T000086575,2026-02-05,P004,S02,Loyal Regular,Online,9,38147.66,342000.0,0.0,342000.0,,0.0,253.5,False,1,38147.66,9
T000086576,2026-02-05,P005,S02,Premium Buyer,Mobile App,42,6515.2,273000.0,0.0,273000.0,,0.0,1226.8,False,4,26060.8,42
T000086577,2026-02-05,P006,S02,Occasional Shopper,Mobile App,140,658.15,91000.0,0.0,91000.0,,0.0,13564.3,False,5,3290.75,140
T000086578,2026-02-05,P001,S03,Budget Shopper,Online,92,12764.24,1150000.0,0.0,1150000.0,,0.0,1310.2,False,7,89349.68,92
T000086579,2026-02-05,P002,S03,Loyal Regular,Physical Store,93,182.55,16740.0,0.0,16740.0,,0.0,14767.3,False,0,0.0,93
T000086580,2026-02-05,P005,S03,Premium Buyer,Online,75,6450.78,487500.0,3691.5,483808.5,,0.0,1214.3,False,6,38704.68,75
T000086581,2026-02-05,P006,S03,Budget Shopper,Online,107,650.32,69550.0,0.0,69550.0,,0.0,8471.3,False,1,650.32,107
T000086582,2026-02-05,P001,S04,Occasional Shopper,Online,27,12477.49,337500.0,607.77,336892.23,,0.0,293.4,False,2,24954.98,27
T000086583,2026-02-05,P002,S04,Budget Shopper,Marketplace,67,182.65,12060.0,0.0,12060.0,,0.0,12295.2,False,0,0.0,67
T000086584,2026-02-05,P003,S04,Value Seeker,Online,38,1824.17,68400.0,0.0,68400.0,,0.0,2203.4,False,4,7296.68,38
T000086585,2026-02-05,P004,S04,Budget Shopper,Physical Store,8,37866.26,304000.0,1069.92,302930.08,,0.0,243.8,False,0,0.0,8
T000086586,2026-02-05,P005,S04,Value Seeker,Online,26,6420.78,169000.0,2059.72,166940.28,,0.0,2693.7,False,2,12841.56,26
T000086587,2026-02-05,P006,S04,Budget Shopper,Online,70,659.73,45500.0,0.0,45500.0,,0.0,5950.8,False,1,659.73,70
T000086588,2026-02-05,P001,S05,Premium Buyer,Physical Store,81,11379.18,1012500.0,90786.42,921713.58,Flash Discount,8.47,1244.3,False,6,68275.08,81
T000086589,2026-02-05,P002,S05,Value Seeker,Physical Store,216,178.87,38880.0,244.08,38635.92,,0.0,12843.2,False,0,0.0,216
T000086590,2026-02-05,P003,S05,Premium Buyer,Physical Store,9,1826.06,16200.0,0.0,16200.0,,0.0,630.5,False,2,3652.12,9
T000086591,2026-02-05,P004,S05,Premium Buyer,Physical Store,10,37763.6,380000.0,2364.0,377636.0,,0.0,82.2,False,0,0.0,10
T000086592,2026-02-05,P005,S05,Budget Shopper,Physical Store,30,6415.26,195000.0,2542.2,192457.8,,0.0,119.5,False,1,6415.26,30
T000086593,2026-02-05,P006,S05,Budget Shopper,Online,62,656.16,40300.0,0.0,40300.0,,0.0,9248.2,False,1,656.16,62
T000086594,2026-02-05,P001,S06,Budget Shopper,Mobile App,32,12590.35,400000.0,0.0,400000.0,,0.0,825.3,False,2,25180.7,32
T000086595,2026-02-05,P002,S06,Budget Shopper,Physical Store,84,181.55,15120.0,0.0,15120.0,,0.0,17187.7,False,0,0.0,84
T000086596,2026-02-05,P003,S06,Loyal Regular,Mobile App,42,1805.09,75600.0,0.0,75600.0,,0.0,2625.9,False,5,9025.45,42
T000086597,2026-02-05,P004,S06,Budget Shopper,Marketplace,6,38109.4,228000.0,0.0,228000.0,,0.0,381.2,False,0,0.0,6
T000086598,2026-02-05,P006,S06,Budget Shopper,Online,90,648.9,58500.0,99.0,58401.0,,0.0,18384.1,False,7,4542.3,90
T000086599,2026-02-05,P001,S07,Budget Shopper,Mobile App,17,12503.85,212500.0,0.0,212500.0,,0.0,1744.1,False,0,0.0,17
T000086600,2026-02-05,P002,S07,Value Seeker,Mobile App,156,181.54,28080.0,0.0,28080.0,,0.0,19494.7,False,1,181.54,156
T000086601,2026-02-05,P003,S07,Loyal Regular,Physical Store,6,1805.18,10800.0,0.0,10800.0,,0.0,5898.6,False,1,1805.18,6
T000086602,2026-02-05,P005,S07,Occasional Shopper,Physical Store,8,6424.35,52000.0,605.2,51394.8,,0.0,2433.9,False,1,6424.35,8
T000086603,2026-02-05,P006,S07,Premium Buyer,Physical Store,147,653.91,95550.0,0.0,95550.0,,0.0,11941.9,False,2,1307.82,147
T000086604,2026-02-05,P001,S08,Budget Shopper,Physical Store,36,12798.79,450000.0,0.0,450000.0,,0.0,2462.9,False,1,12798.79,36
T000086605,2026-02-05,P002,S08,Occasional Shopper,Physical Store,22,174.55,3960.0,119.9,3840.1,,0.0,14488.6,False,0,0.0,22
T000086606,2026-02-05,P003,S08,Value Seeker,Physical Store,21,1817.34,37800.0,0.0,37800.0,,0.0,1904.5,False,5,9086.7,21
T000086607,2026-02-05,P004,S08,Loyal Regular,Physical Store,11,38190.73,418000.0,0.0,418000.0,,0.0,1061.6,False,0,0.0,11
T000086608,2026-02-05,P005,S08,Premium Buyer,Online,34,6465.67,221000.0,1167.22,219832.78,,0.0,1763.2,False,2,12931.34,34
T000086609,2026-02-05,P006,S08,Value Seeker,Online,72,653.32,46800.0,0.0,46800.0,,0.0,10168.1,False,4,2613.28,72
T000086610,2026-02-06,P001,S01,Premium Buyer,Physical Store,0,12515.51,0.0,0.0,0.0,,0.0,0.9,True,0,0.0,134
T000086611,2026-02-06,P002,S01,Budget Shopper,Mobile App,136,179.54,24480.0,62.56,24417.44,,0.0,18827.2,False,2,359.08,136
T000086612,2026-02-06,P003,S01,Budget Shopper,Physical Store,50,1823.58,90000.0,0.0,90000.0,,0.0,123.1,False,8,14588.64,50
T000086613,2026-02-06,P004,S01,Value Seeker,Online,20,37872.57,760000.0,2548.6,757451.4,,0.0,177.0,False,0,0.0,20
T000086614,2026-02-06,P005,S01,Premium Buyer,Mobile App,39,6536.07,253500.0,0.0,253500.0,,0.0,39.2,True,3,19608.21,70
T000086615,2026-02-06,P006,S01,Budget Shopper,Online,183,647.29,118950.0,495.93,118454.07,,0.0,13216.3,False,2,1294.58,183
T000086616,2026-02-06,P001,S02,Occasional Shopper,Physical Store,60,11301.68,750000.0,71899.2,678100.8,Flash Discount,9.74,334.3,False,4,45206.72,60
T000086617,2026-02-06,P002,S02,Loyal Regular,Online,69,178.41,12420.0,109.71,12310.29,,0.0,7208.3,False,0,0.0,69
T000086618,2026-02-06,P003,S02,Budget Shopper,Physical Store,19,1813.56,34200.0,0.0,34200.0,,0.0,462.8,False,1,1813.56,19
T000086619,2026-02-06,P004,S02,Loyal Regular,Online,4,37704.76,152000.0,1180.96,150819.04,,0.0,244.5,False,0,0.0,4
T000086620,2026-02-06,P005,S02,Loyal Regular,Physical Store,55,6395.35,357500.0,5755.75,351744.25,,0.0,1184.8,False,1,6395.35,55
T000086621,2026-02-06,P006,S02,Occasional Shopper,Mobile App,119,650.62,77350.0,0.0,77350.0,,0.0,13424.3,False,7,4554.34,119
T000086622,2026-02-06,P001,S03,Value Seeker,Mobile App,119,12802.04,1487500.0,0.0,1487500.0,,0.0,1507.9,False,6,76812.24,119
T000086623,2026-02-06,P002,S03,Loyal Regular,Physical Store,36,177.54,6480.0,88.56,6391.44,,0.0,15504.0,False,1,177.54,36
T000086624,2026-02-06,P003,S03,Value Seeker,Marketplace,39,1807.96,70200.0,0.0,70200.0,,0.0,1412.3,False,4,7231.84,39
T000086625,2026-02-06,P004,S03,Value Seeker,Physical Store,10,37703.75,380000.0,2962.5,377037.5,,0.0,995.6,False,0,0.0,10
T000086626,2026-02-06,P005,S03,Premium Buyer,Marketplace,28,6485.26,182000.0,412.72,181587.28,,0.0,1362.0,False,0,0.0,28
T000086627,2026-02-06,P006,S03,Premium Buyer,Physical Store,89,658.97,57850.0,0.0,57850.0,,0.0,8966.5,False,3,1976.91,89
T000086628,2026-02-06,P001,S04,Occasional Shopper,Mobile App,63,12517.29,787500.0,0.0,787500.0,,0.0,266.4,False,3,37551.87,63
T000086629,2026-02-06,P002,S04,Budget Shopper,Mobile App,83,179.43,14940.0,47.31,14892.69,,0.0,13318.5,False,1,179.43,83
T000086630,2026-02-06,P003,S04,Value Seeker,Online,34,1828.39,61200.0,0.0,61200.0,,0.0,2165.4,False,5,9141.95,34
T000086631,2026-02-06,P004,S04,Premium Buyer,Mobile App,11,38097.33,418000.0,0.0,418000.0,,0.0,235.8,False,1,38097.33,11
T000086632,2026-02-06,P005,S04,Loyal Regular,Physical Store,107,6516.48,695500.0,0.0,695500.0,,0.0,2667.7,False,3,19549.44,107
T000086633,2026-02-06,P006,S04,Value Seeker,Physical Store,170,639.55,110500.0,1776.5,108723.5,,0.0,7113.7,False,7,4476.85,170
T000086634,2026-02-06,P002,S05,Premium Buyer,Mobile App,137,181.74,24660.0,0.0,24660.0,,0.0,13625.2,False,0,0.0,137
T000086635,2026-02-06,P003,S05,Budget Shopper,Marketplace,5,1808.53,9000.0,0.0,9000.0,,0.0,621.5,False,1,1808.53,5
T000086636,2026-02-06,P004,S05,Premium Buyer,Physical Store,5,37896.96,190000.0,515.2,189484.8,,0.0,207.5,False,1,37896.96,5
T000086637,2026-02-06,P005,S05,Occasional Shopper,Physical Store,48,6523.64,312000.0,0.0,312000.0,,0.0,89.5,False,4,26094.56,48
T000086638,2026-02-06,P006,S05,Value Seeker,Marketplace,40,654.65,26000.0,0.0,26000.0,,0.0,9905.1,False,1,654.65,40
T000086639,2026-02-06,P001,S06,Premium Buyer,Online,80,12423.36,1000000.0,6131.2,993868.8,,0.0,793.3,False,5,62116.8,80
T000086640,2026-02-06,P002,S06,Value Seeker,Physical Store,146,177.12,26280.0,420.48,25859.52,,0.0,18110.0,False,0,0.0,146
T000086641,2026-02-06,P003,S06,Loyal Regular,Online,26,1800.82,46800.0,0.0,46800.0,,0.0,2583.9,False,2,3601.64,26
T000086642,2026-02-06,P004,S06,Premium Buyer,Physical Store,7,37637.04,266000.0,2540.72,263459.28,,0.0,375.2,False,0,0.0,7
T000086643,2026-02-06,P005,S06,Occasional Shopper,Online,28,6515.5,182000.0,0.0,182000.0,,0.0,1462.6,False,1,6515.5,28
T000086644,2026-02-06,P006,S06,Value Seeker,Physical Store,210,645.46,136500.0,953.4,135546.6,,0.0,19588.1,False,6,3872.76,210
T000086645,2026-02-06,P002,S07,Premium Buyer,Online,57,180.73,10260.0,0.0,10260.0,,0.0,20138.4,False,1,180.73,57
T000086646,2026-02-06,P003,S07,Value Seeker,Mobile App,20,1814.95,36000.0,0.0,36000.0,,0.0,5892.6,False,2,3629.9,20
T000086647,2026-02-06,P004,S07,Premium Buyer,Physical Store,7,37775.98,266000.0,1568.14,264431.86,,0.0,582.1,False,0,0.0,7
T000086648,2026-02-06,P005,S07,Value Seeker,Physical Store,13,6433.55,84500.0,863.85,83636.15,,0.0,2425.9,False,1,6433.55,13
T000086649,2026-02-06,P006,S07,Loyal Regular,Mobile App,104,646.7,67600.0,343.2,67256.8,,0.0,11794.9,False,0,0.0,104
T000086650,2026-02-06,P001,S08,Loyal Regular,Physical Store,43,12638.2,537500.0,0.0,537500.0,,0.0,2426.9,False,0,0.0,43
T000086651,2026-02-06,P002,S08,Budget Shopper,Physical Store,81,179.57,14580.0,34.83,14545.17,,0.0,14466.6,False,1,179.57,81
T000086652,2026-02-06,P003,S08,Value Seeker,Mobile App,17,1813.42,30600.0,0.0,30600.0,,0.0,1883.5,False,0,0.0,17
T000086653,2026-02-06,P004,S08,Value Seeker,Mobile App,4,38030.99,152000.0,0.0,152000.0,,0.0,1168.7,False,0,0.0,4
T000086654,2026-02-06,P005,S08,Budget Shopper,Online,35,6408.25,227500.0,3211.25,224288.75,,0.0,1729.2,False,1,6408.25,35
T000086655,2026-02-06,P006,S08,Occasional Shopper,Mobile App,130,652.69,84500.0,0.0,84500.0,,0.0,10755.8,False,1,652.69,130
T000086656,2026-02-07,P001,S01,Premium Buyer,Physical Store,172,12307.95,2150000.0,33032.6,2116967.4,,0.0,229.2,False,13,160003.35,172
T000086657,2026-02-07,P002,S01,Value Seeker,Physical Store,124,180.0,22320.0,0.0,22320.0,,0.0,19860.5,False,1,180.0,124
T000086658,2026-02-07,P003,S01,Occasional Shopper,Marketplace,117,1785.49,210600.0,1697.67,208902.33,,0.0,511.5,False,8,14283.92,117
T000086659,2026-02-07,P004,S01,Value Seeker,Online,10,37300.89,380000.0,6991.1,373008.9,,0.0,157.0,False,0,0.0,10
T000086660,2026-02-07,P005,S01,Value Seeker,Mobile App,0,6446.4,0.0,0.0,0.0,,0.0,0.2,True,0,0.0,49
T000086661,2026-02-07,P006,S01,Occasional Shopper,Physical Store,179,658.77,116350.0,0.0,116350.0,,0.0,13033.3,False,10,6587.7,179
T000086662,2026-02-07,P001,S02,Value Seeker,Physical Store,221,12649.79,2762500.0,0.0,2762500.0,,0.0,274.3,False,12,151797.48,221
T000086663,2026-02-07,P002,S02,Loyal Regular,Online,150,179.89,27000.0,16.5,26983.5,,0.0,7954.1,False,1,179.89,150
T000086664,2026-02-07,P003,S02,Value Seeker,Physical Store,118,1816.43,212400.0,0.0,212400.0,,0.0,443.8,False,17,30879.31,118
T000086665,2026-02-07,P004,S02,Loyal Regular,Mobile App,12,37676.16,456000.0,3886.08,452113.92,,0.0,240.5,False,0,0.0,12
T000086666,2026-02-07,P005,S02,Occasional Shopper,Physical Store,135,6553.62,877500.0,0.0,877500.0,,0.0,1129.8,False,3,19660.86,135
T000086667,2026-02-07,P006,S02,Loyal Regular,Online,103,645.61,66950.0,452.17,66497.83,,0.0,14354.0,False,3,1936.83,103
T000086668,2026-02-07,P001,S03,Budget Shopper,Physical Store,110,12355.04,1375000.0,15945.6,1359054.4,,0.0,1388.9,False,4,49420.16,110
T000086669,2026-02-07,P002,S03,Premium Buyer,Mobile App,331,179.97,59580.0,9.93,59570.07,,0.0,15468.0,False,1,179.97,331
T000086670,2026-02-07,P003,S03,Value Seeker,Physical Store,102,1760.26,183600.0,4053.48,179546.52,,0.0,1675.6,False,11,19362.86,102
T000086671,2026-02-07,P004,S03,Value Seeker,Physical Store,25,37968.04,950000.0,799.0,949201.0,,0.0,985.6,False,2,75936.08,25
T000086672,2026-02-07,P005,S03,Premium Buyer,Online,52,6545.84,338000.0,0.0,338000.0,,0.0,1334.0,False,4,26183.36,52
T000086673,2026-02-07,P006,S03,Premium Buyer,Physical Store,132,647.49,85800.0,331.32,85468.68,,0.0,8877.5,False,2,1294.98,132
T000086674,2026-02-07,P001,S04,Loyal Regular,Online,69,12533.27,862500.0,0.0,862500.0,,0.0,203.4,False,3,37599.81,69
T000086675,2026-02-07,P002,S04,Occasional Shopper,Physical Store,91,179.81,16380.0,17.29,16362.71,,0.0,14609.7,False,0,0.0,91
T000086676,2026-02-07,P003,S04,Budget Shopper,Online,84,1785.41,151200.0,1225.56,149974.44,,0.0,2460.0,False,10,17854.1,84
T000086677,2026-02-07,P004,S04,Value Seeker,Mobile App,15,38176.44,570000.0,0.0,570000.0,,0.0,224.8,False,1,38176.44,15
T000086678,2026-02-07,P005,S04,Premium Buyer,Mobile App,107,6471.62,695500.0,3036.66,692463.34,,0.0,2750.6,False,2,12943.24,107
T000086679,2026-02-07,P006,S04,Value Seeker,Marketplace,150,653.45,97500.0,0.0,97500.0,,0.0,6943.7,False,6,3920.7,150
T000086680,2026-02-07,P001,S05,Occasional Shopper,Mobile App,165,12494.82,2062500.0,854.7,2061645.3,,0.0,1163.3,False,9,112453.38,165
T000086681,2026-02-07,P002,S05,Loyal Regular,Physical Store,120,179.57,21600.0,51.6,21548.4,,0.0,13488.2,False,1,179.57,120
T000086682,2026-02-07,P003,S05,Value Seeker,Mobile App,38,1783.62,68400.0,622.44,67777.56,,0.0,616.5,False,3,5350.86,38
T000086683,2026-02-07,P004,S05,Budget Shopper,Online,19,37902.46,722000.0,1853.26,720146.74,,0.0,202.5,False,2,75804.92,19
T000086684,2026-02-07,P005,S05,Value Seeker,Marketplace,41,6486.8,266500.0,541.2,265958.8,,0.0,41.5,True,1,6486.8,55
T000086685,2026-02-07,P006,S05,Occasional Shopper,Physical Store,43,661.4,27950.0,0.0,27950.0,,0.0,9865.1,False,0,0.0,43
T000086686,2026-02-07,P001,S06,Budget Shopper,Online,51,12369.69,637500.0,6645.81,630854.19,,0.0,713.3,False,3,37109.07,51
T000086687,2026-02-07,P002,S06,Value Seeker,Marketplace,74,182.92,13320.0,0.0,13320.0,,0.0,17964.0,False,0,0.0,74
T000086688,2026-02-07,P003,S06,Value Seeker,Physical Store,57,1805.63,102600.0,0.0,102600.0,,0.0,2850.4,False,9,16250.67,57
T000086689,2026-02-07,P004,S06,Value Seeker,Online,3,38682.87,114000.0,0.0,114000.0,,0.0,456.1,False,0,0.0,3
T000086690,2026-02-07,P005,S06,Loyal Regular,Physical Store,92,6491.37,598000.0,793.96,597206.04,,0.0,1692.2,False,1,6491.37,92
T000086691,2026-02-07,P006,S06,Budget Shopper,Physical Store,93,643.82,60450.0,574.74,59875.26,,0.0,20149.7,False,4,2575.28,93
T000086692,2026-02-07,P001,S07,Value Seeker,Online,47,12486.28,587500.0,644.84,586855.16,,0.0,1727.1,False,3,37458.84,47
T000086693,2026-02-07,P002,S07,Value Seeker,Physical Store,41,178.08,7380.0,78.72,7301.28,,0.0,20081.4,False,0,0.0,41
T000086694,2026-02-07,P004,S07,Value Seeker,Physical Store,9,37396.87,342000.0,5428.17,336571.83,,0.0,575.1,False,0,0.0,9
T000086695,2026-02-07,P005,S07,Premium Buyer,Online,22,6457.74,143000.0,929.72,142070.28,,0.0,2412.9,False,1,6457.74,22
T000086696,2026-02-07,P006,S07,Value Seeker,Physical Store,76,655.29,49400.0,0.0,49400.0,,0.0,12710.4,False,1,655.29,76
T000086697,2026-02-07,P001,S08,Value Seeker,Physical Store,58,12656.43,725000.0,0.0,725000.0,,0.0,2383.9,False,2,25312.86,58
T000086698,2026-02-07,P002,S08,Budget Shopper,Mobile App,64,179.76,11520.0,15.36,11504.64,,0.0,15318.7,False,0,0.0,64
T000086699,2026-02-07,P003,S08,Value Seeker,Physical Store,33,1828.44,59400.0,0.0,59400.0,,0.0,2290.4,False,8,14627.52,33
T000086700,2026-02-07,P004,S08,Value Seeker,Online,17,38245.78,646000.0,0.0,646000.0,,0.0,1164.7,False,1,38245.78,17
T000086701,2026-02-07,P005,S08,Premium Buyer,Physical Store,61,6572.12,396500.0,0.0,396500.0,,0.0,1694.2,False,3,19716.36,61
T000086702,2026-02-07,P006,S08,Value Seeker,Online,44,662.68,28600.0,0.0,28600.0,,0.0,11462.5,False,3,1988.04,44
T000086703,2026-02-08,P001,S01,Occasional Shopper,Physical Store,57,12388.48,712500.0,6356.64,706143.36,,0.0,57.2,True,6,74330.88,107
T000086704,2026-02-08,P002,S01,Premium Buyer,Marketplace,212,180.05,38160.0,0.0,38160.0,,0.0,20581.9,False,0,0.0,212
T000086705,2026-02-08,P003,S01,Loyal Regular,Online,74,1799.84,133200.0,11.84,133188.16,,0.0,394.5,False,6,10799.04,74
T000086706,2026-02-08,P004,S01,Budget Shopper,Mobile App,22,37902.07,836000.0,2154.46,833845.54,,0.0,147.0,False,0,0.0,22
T000086707,2026-02-08,P005,S01,Value Seeker,Online,126,6330.15,819000.0,21401.1,797598.9,,0.0,268.6,False,6,37980.9,126
T000086708,2026-02-08,P006,S01,Premium Buyer,Online,88,656.61,57200.0,0.0,57200.0,,0.0,13628.1,False,1,656.61,88
T000086709,2026-02-08,P001,S02,Value Seeker,Online,53,12449.58,662500.0,2672.26,659827.74,,0.0,53.3,True,3,37348.74,161
T000086710,2026-02-08,P002,S02,Loyal Regular,Online,140,181.98,25200.0,0.0,25200.0,,0.0,8774.7,False,0,0.0,140
T000086711,2026-02-08,P003,S02,Loyal Regular,Online,163,1806.17,293400.0,0.0,293400.0,,0.0,325.8,False,30,54185.1,163
T000086712,2026-02-08,P004,S02,Budget Shopper,Physical Store,20,38187.33,760000.0,0.0,760000.0,,0.0,228.5,False,0,0.0,20
T000086713,2026-02-08,P005,S02,Occasional Shopper,Online,20,6487.2,130000.0,256.0,129744.0,,0.0,1266.1,False,0,0.0,20
T000086714,2026-02-08,P006,S02,Budget Shopper,Online,206,637.28,133900.0,2620.32,131279.68,,0.0,15140.1,False,6,3823.68,206
T000086715,2026-02-08,P001,S03,Loyal Regular,Physical Store,102,12502.66,1275000.0,0.0,1275000.0,,0.0,1606.1,False,5,62513.3,102
T000086716,2026-02-08,P002,S03,Budget Shopper,Online,99,181.21,17820.0,0.0,17820.0,,0.0,15829.4,False,1,181.21,99
T000086717,2026-02-08,P003,S03,Premium Buyer,Online,69,1793.47,124200.0,450.57,123749.43,,0.0,1949.6,False,10,17934.7,69
T000086718,2026-02-08,P004,S03,Premium Buyer,Mobile App,38,37617.26,1444000.0,14544.12,1429455.88,,0.0,960.6,False,4,150469.04,38
T000086719,2026-02-08,P005,S03,Budget Shopper,Marketplace,127,6495.27,825500.0,600.71,824899.29,,0.0,1282.0,False,4,25981.08,127
T000086720,2026-02-08,P006,S03,Budget Shopper,Physical Store,137,644.05,89050.0,815.15,88234.85,,0.0,8745.5,False,5,3220.25,137
T000086721,2026-02-08,P001,S04,Loyal Regular,Physical Store,27,12419.19,337500.0,2181.87,335318.13,,0.0,134.4,False,0,0.0,27
T000086722,2026-02-08,P002,S04,Value Seeker,Online,204,177.64,36720.0,481.44,36238.56,,0.0,15485.4,False,1,177.64,204
T000086723,2026-02-08,P003,S04,Premium Buyer,Marketplace,44,1791.92,79200.0,355.52,78844.48,,0.0,2718.6,False,5,8959.6,44
T000086724,2026-02-08,P004,S04,Loyal Regular,Mobile App,8,38101.98,304000.0,0.0,304000.0,,0.0,209.8,False,0,0.0,8
T000086725,2026-02-08,P005,S04,Occasional Shopper,Online,90,6572.96,585000.0,0.0,585000.0,,0.0,2920.8,False,6,39437.76,90
T000086726,2026-02-08,P006,S04,Value Seeker,Physical Store,96,646.97,62400.0,290.88,62109.12,,0.0,7511.3,False,2,1293.94,96
T000086727,2026-02-08,P001,S05,Occasional Shopper,Marketplace,156,12547.83,1950000.0,0.0,1950000.0,,0.0,1476.1,False,10,125478.3,156
T000086728,2026-02-08,P003,S05,Loyal Regular,Physical Store,27,1822.88,48600.0,0.0,48600.0,,0.0,578.5,False,2,3645.76,27
T000086729,2026-02-08,P004,S05,Budget Shopper,Online,23,37664.33,874000.0,7720.41,866279.59,,0.0,183.5,False,0,0.0,23
T000086730,2026-02-08,P005,S05,Value Seeker,Online,59,6522.08,383500.0,0.0,383500.0,,0.0,218.5,False,5,32610.4,59
T000086731,2026-02-08,P006,S05,Value Seeker,Mobile App,84,657.89,54600.0,0.0,54600.0,,0.0,9822.1,False,4,2631.56,84
T000086732,2026-02-08,P001,S06,Premium Buyer,Online,94,10942.67,1175000.0,146389.02,1028610.98,Flash Discount,13.33,662.3,False,5,54713.35,94
T000086733,2026-02-08,P002,S06,Budget Shopper,Online,78,178.47,14040.0,119.34,13920.66,,0.0,17890.0,False,0,0.0,78
T000086734,2026-02-08,P003,S06,Occasional Shopper,Online,17,1800.7,30600.0,0.0,30600.0,,0.0,3226.7,False,1,1800.7,17
T000086735,2026-02-08,P005,S06,Premium Buyer,Physical Store,67,6541.32,435500.0,0.0,435500.0,,0.0,1600.2,False,5,32706.6,67
T000086736,2026-02-08,P006,S06,Loyal Regular,Physical Store,92,652.9,59800.0,0.0,59800.0,,0.0,21500.0,False,3,1958.7,92
T000086737,2026-02-08,P001,S07,Loyal Regular,Mobile App,39,12409.0,487500.0,3549.0,483951.0,,0.0,1680.1,False,3,37227.0,39
T000086738,2026-02-08,P002,S07,Budget Shopper,Marketplace,213,180.83,38340.0,0.0,38340.0,,0.0,21190.5,False,2,361.66,213
T000086739,2026-02-08,P003,S07,Budget Shopper,Online,23,1795.04,41400.0,114.08,41285.92,,0.0,6071.6,False,2,3590.08,23
T000086740,2026-02-08,P004,S07,Budget Shopper,Physical Store,13,38351.73,494000.0,0.0,494000.0,,0.0,566.1,False,1,38351.73,13
T000086741,2026-02-08,P005,S07,Value Seeker,Physical Store,28,6608.75,182000.0,0.0,182000.0,,0.0,2390.9,False,0,0.0,28
T000086742,2026-02-08,P006,S07,Premium Buyer,Online,55,643.86,35750.0,337.7,35412.3,,0.0,13291.3,False,2,1287.72,55
T000086743,2026-02-08,P001,S08,Premium Buyer,Physical Store,43,12452.06,537500.0,2061.42,535438.58,,0.0,2325.9,False,2,24904.12,43
T000086744,2026-02-08,P002,S08,Value Seeker,Physical Store,49,168.2,8820.0,578.2,8241.8,Flash Discount,7.17,16093.3,False,0,0.0,49
T000086745,2026-02-08,P003,S08,Premium Buyer,Mobile App,97,1807.1,174600.0,0.0,174600.0,,0.0,2257.4,False,11,19878.1,97
T000086746,2026-02-08,P004,S08,Occasional Shopper,Physical Store,8,38314.12,304000.0,0.0,304000.0,,0.0,1147.7,False,0,0.0,8
T000086747,2026-02-08,P005,S08,Occasional Shopper,Mobile App,16,6520.12,104000.0,0.0,104000.0,,0.0,1633.2,False,1,6520.12,16
T000086748,2026-02-08,P006,S08,Budget Shopper,Physical Store,70,652.46,45500.0,0.0,45500.0,,0.0,11418.5,False,1,652.46,70
T000086749,2026-02-09,P001,S01,Loyal Regular,Mobile App,0,12503.28,0.0,0.0,0.0,,0.0,0.2,True,0,0.0,68
T000086750,2026-02-09,P002,S01,Loyal Regular,Mobile App,130,182.66,23400.0,0.0,23400.0,,0.0,20369.9,False,4,730.64,130
T000086751,2026-02-09,P003,S01,Value Seeker,Mobile App,47,1811.65,84600.0,0.0,84600.0,,0.0,320.5,False,7,12681.55,47
T000086752,2026-02-09,P004,S01,Loyal Regular,Physical Store,22,38568.55,836000.0,0.0,836000.0,,0.0,125.0,False,1,38568.55,22
T000086753,2026-02-09,P005,S01,Premium Buyer,Mobile App,72,6592.45,468000.0,0.0,468000.0,,0.0,142.6,False,5,32962.25,72
T000086754,2026-02-09,P006,S01,Value Seeker,Online,94,650.64,61100.0,0.0,61100.0,,0.0,13540.1,False,2,1301.28,94
T000086755,2026-02-09,P001,S02,Occasional Shopper,Online,0,12595.33,0.0,0.0,0.0,,0.0,0.3,True,0,0.0,53
T000086756,2026-02-09,P002,S02,Premium Buyer,Mobile App,14,179.68,2520.0,4.48,2515.52,,0.0,9229.6,False,0,0.0,14
T000086757,2026-02-09,P003,S02,Budget Shopper,Online,42,1788.31,75600.0,490.98,75109.02,,0.0,162.8,False,8,14306.48,42
T000086758,2026-02-09,P004,S02,Loyal Regular,Online,16,37398.48,608000.0,9624.32,598375.68,,0.0,208.5,False,2,74796.96,16
T000086759,2026-02-09,P005,S02,Occasional Shopper,Physical Store,94,6524.77,611000.0,0.0,611000.0,,0.0,1246.1,False,5,32623.85,94
T000086760,2026-02-09,P006,S02,Value Seeker,Online,136,642.89,88400.0,966.96,87433.04,,0.0,15914.3,False,11,7071.79,136
T000086761,2026-02-09,P001,S03,Premium Buyer,Marketplace,108,12443.14,1350000.0,6140.88,1343859.12,,0.0,1504.1,False,1,12443.14,108
T000086762,2026-02-09,P002,S03,Loyal Regular,Physical Store,59,182.96,10620.0,0.0,10620.0,,0.0,16750.0,False,1,182.96,59
T000086763,2026-02-09,P004,S03,Budget Shopper,Physical Store,13,37745.18,494000.0,3312.66,490687.34,,0.0,922.6,False,0,0.0,13
T000086764,2026-02-09,P005,S03,Value Seeker,Mobile App,99,6495.73,643500.0,422.73,643077.27,,0.0,1155.0,False,3,19487.19,99
T000086765,2026-02-09,P006,S03,Budget Shopper,Online,60,642.53,39000.0,448.2,38551.8,,0.0,8608.5,False,1,642.53,60
T000086766,2026-02-09,P001,S04,Value Seeker,Online,23,12794.55,287500.0,0.0,287500.0,,0.0,107.4,False,1,12794.55,23
T000086767,2026-02-09,P002,S04,Budget Shopper,Online,84,180.76,15120.0,0.0,15120.0,,0.0,16016.7,False,2,361.52,84
T000086768,2026-02-09,P003,S04,Budget Shopper,Physical Store,38,1827.62,68400.0,0.0,68400.0,,0.0,2674.6,False,4,7310.48,38
T000086769,2026-02-09,P004,S04,Value Seeker,Mobile App,18,38369.81,684000.0,0.0,684000.0,,0.0,201.8,False,0,0.0,18
T000086770,2026-02-09,P005,S04,Budget Shopper,Physical Store,33,6533.65,214500.0,0.0,214500.0,,0.0,2830.8,False,1,6533.65,33
T000086771,2026-02-09,P006,S04,Loyal Regular,Online,74,639.93,48100.0,745.18,47354.82,,0.0,7415.3,False,1,639.93,74
T000086772,2026-02-09,P001,S05,Occasional Shopper,Online,37,12203.0,462500.0,10989.0,451511.0,,0.0,1320.1,False,2,24406.0,37
T000086773,2026-02-09,P002,S05,Value Seeker,Online,63,180.12,11340.0,0.0,11340.0,,0.0,13368.2,False,0,0.0,63
T000086774,2026-02-09,P003,S05,Loyal Regular,Online,15,1817.56,27000.0,0.0,27000.0,,0.0,551.5,False,2,3635.12,15
T000086775,2026-02-09,P004,S05,Premium Buyer,Mobile App,15,37746.53,570000.0,3802.05,566197.95,,0.0,160.5,False,1,37746.53,15
T000086776,2026-02-09,P005,S05,Budget Shopper,Physical Store,39,6533.17,253500.0,0.0,253500.0,,0.0,402.0,False,2,13066.34,39
T000086777,2026-02-09,P006,S05,Occasional Shopper,Online,16,643.13,10400.0,109.92,10290.08,,0.0,10380.7,False,0,0.0,16
T000086778,2026-02-09,P001,S06,Premium Buyer,Mobile App,59,12466.91,737500.0,1952.31,735547.69,,0.0,568.3,False,2,24933.82,59
T000086779,2026-02-09,P002,S06,Premium Buyer,Online,46,180.39,8280.0,0.0,8280.0,,0.0,18819.3,False,0,0.0,46
T000086780,2026-02-09,P003,S06,Value Seeker,Physical Store,45,1795.92,81000.0,183.6,80816.4,,0.0,3209.7,False,3,5387.76,45
T000086781,2026-02-09,P004,S06,Budget Shopper,Mobile App,8,38165.26,304000.0,0.0,304000.0,,0.0,453.1,False,1,38165.26,8
T000086782,2026-02-09,P005,S06,Value Seeker,Physical Store,37,6428.36,240500.0,2650.68,237849.32,,0.0,1533.2,False,6,38570.16,37
T000086783,2026-02-09,P006,S06,Value Seeker,Online,35,644.75,22750.0,183.75,22566.25,,0.0,21408.0,False,0,0.0,35
T000086784,2026-02-09,P001,S07,Loyal Regular,Mobile App,58,12430.81,725000.0,4013.02,720986.98,,0.0,1953.0,False,3,37292.43,58
T000086785,2026-02-09,P002,S07,Budget Shopper,Online,199,176.6,35820.0,676.6,35143.4,,0.0,20977.5,False,0,0.0,199
T000086786,2026-02-09,P003,S07,Value Seeker,Online,19,1807.35,34200.0,0.0,34200.0,,0.0,6048.6,False,2,3614.7,19
T000086787,2026-02-09,P004,S07,Premium Buyer,Physical Store,2,38468.2,76000.0,0.0,76000.0,,0.0,553.1,False,0,0.0,2
T000086788,2026-02-09,P005,S07,Premium Buyer,Online,32,6564.92,208000.0,0.0,208000.0,,0.0,2362.9,False,0,0.0,32
T000086789,2026-02-09,P006,S07,Premium Buyer,Physical Store,80,649.19,52000.0,64.8,51935.2,,0.0,13236.3,False,2,1298.38,80
T000086790,2026-02-09,P002,S08,Budget Shopper,Mobile App,22,181.84,3960.0,0.0,3960.0,,0.0,16594.0,False,1,181.84,22
T000086791,2026-02-09,P003,S08,Budget Shopper,Physical Store,5,1804.72,9000.0,0.0,9000.0,,0.0,2160.4,False,0,0.0,5
T000086792,2026-02-09,P004,S08,Value Seeker,Physical Store,13,37830.69,494000.0,2201.03,491798.97,,0.0,1139.7,False,0,0.0,13
T000086793,2026-02-09,P005,S08,Loyal Regular,Physical Store,40,6506.94,260000.0,0.0,260000.0,,0.0,1617.2,False,1,6506.94,40
T000086794,2026-02-09,P006,S08,Loyal Regular,Online,135,654.81,87750.0,0.0,87750.0,,0.0,12567.7,False,3,1964.43,135
T000086795,2026-02-10,P001,S01,Premium Buyer,Physical Store,0,12432.73,0.0,0.0,0.0,,0.0,0.2,True,0,0.0,220
T000086796,2026-02-10,P002,S01,Value Seeker,Marketplace,94,181.94,16920.0,0.0,16920.0,,0.0,21113.4,False,0,0.0,94
T000086797,2026-02-10,P004,S01,Value Seeker,Physical Store,9,38811.77,342000.0,0.0,342000.0,,0.0,103.0,False,0,0.0,9
T000086798,2026-02-10,P005,S01,Value Seeker,Physical Store,59,6533.0,383500.0,0.0,383500.0,,0.0,326.1,False,0,0.0,59
T000086799,2026-02-10,P006,S01,Value Seeker,Marketplace,105,650.39,68250.0,0.0,68250.0,,0.0,13446.1,False,6,3902.34,105
T000086800,2026-02-10,P001,S02,Premium Buyer,Physical Store,0,12478.69,0.0,0.0,0.0,,0.0,0.3,True,0,0.0,141
T000086801,2026-02-10,P002,S02,Premium Buyer,Online,50,177.54,9000.0,123.0,8877.0,,0.0,9215.6,False,0,0.0,50
T000086802,2026-02-10,P003,S02,Budget Shopper,Online,84,1799.59,151200.0,34.44,151165.56,,0.0,120.8,False,6,10797.54,84
T000086803,2026-02-10,P004,S02,Budget Shopper,Marketplace,15,37381.43,570000.0,9278.55,560721.45,,0.0,192.5,False,0,0.0,15
T000086804,2026-02-10,P005,S02,Loyal Regular,Marketplace,65,6470.84,422500.0,1895.4,420604.6,,0.0,1152.1,False,1,6470.84,65
T000086805,2026-02-10,P006,S02,Value Seeker,Online,39,653.04,25350.0,0.0,25350.0,,0.0,16465.7,False,0,0.0,39
T000086806,2026-02-10,P001,S03,Budget Shopper,Marketplace,36,12598.29,450000.0,0.0,450000.0,,0.0,1396.1,False,4,50393.16,36
T000086807,2026-02-10,P002,S03,Value Seeker,Marketplace,101,177.03,18180.0,299.97,17880.03,,0.0,16691.0,False,0,0.0,101
T000086808,2026-02-10,P003,S03,Budget Shopper,Online,43,1800.41,77400.0,0.0,77400.0,,0.0,1880.6,False,3,5401.23,43
T000086809,2026-02-10,P004,S03,Occasional Shopper,Physical Store,14,37813.73,532000.0,2607.78,529392.22,,0.0,909.6,False,0,0.0,14
T000086810,2026-02-10,P005,S03,Premium Buyer,Mobile App,36,6462.82,234000.0,1338.48,232661.52,,0.0,1056.0,False,1,6462.82,36
T000086811,2026-02-10,P006,S03,Value Seeker,Physical Store,62,642.01,40300.0,495.38,39804.62,,0.0,8548.5,False,1,642.01,62
T000086812,2026-02-10,P001,S04,Occasional Shopper,Mobile App,36,12439.15,450000.0,2190.6,447809.4,,0.0,84.4,False,2,24878.3,36
T000086813,2026-02-10,P002,S04,Value Seeker,Online,96,179.41,17280.0,56.64,17223.36,,0.0,17163.9,False,2,358.82,96
T000086814,2026-02-10,P003,S04,Loyal Regular,Mobile App,15,1784.39,27000.0,234.15,26765.85,,0.0,2636.6,False,1,1784.39,15
T000086815,2026-02-10,P004,S04,Loyal Regular,Online,14,38487.71,532000.0,0.0,532000.0,,0.0,183.8,False,0,0.0,14
T000086816,2026-02-10,P005,S04,Loyal Regular,Physical Store,62,6433.81,403000.0,4103.78,398896.22,,0.0,2797.8,False,1,6433.81,62
T000086817,2026-02-10,P006,S04,Premium Buyer,Mobile App,103,652.51,66950.0,0.0,66950.0,,0.0,7341.3,False,4,2610.04,103
T000086818,2026-02-10,P001,S05,Occasional Shopper,Physical Store,52,12573.63,650000.0,0.0,650000.0,,0.0,1283.1,False,3,37720.89,52
T000086819,2026-02-10,P002,S05,Value Seeker,Physical Store,151,179.84,27180.0,24.16,27155.84,,0.0,13305.2,False,2,359.68,151
T000086820,2026-02-10,P003,S05,Value Seeker,Physical Store,22,1813.63,39600.0,0.0,39600.0,,0.0,819.9,False,1,1813.63,22
T000086821,2026-02-10,P004,S05,Budget Shopper,Online,8,37529.91,304000.0,3760.72,300239.28,,0.0,145.5,False,0,0.0,8
T000086822,2026-02-10,P005,S05,Premium Buyer,Online,28,6468.88,182000.0,871.36,181128.64,,0.0,363.0,False,5,32344.4,28
T000086823,2026-02-10,P006,S05,Budget Shopper,Physical Store,69,654.43,44850.0,0.0,44850.0,,0.0,11001.6,False,1,654.43,69
T000086824,2026-02-10,P001,S06,Occasional Shopper,Online,93,12479.21,1162500.0,1933.47,1160566.53,,0.0,509.3,False,6,74875.26,93
T000086825,2026-02-10,P002,S06,Occasional Shopper,Physical Store,122,179.01,21960.0,120.78,21839.22,,0.0,19479.9,False,0,0.0,122
T000086826,2026-02-10,P003,S06,Loyal Regular,Physical Store,40,1781.5,72000.0,740.0,71260.0,,0.0,3519.7,False,3,5344.5,40
T000086827,2026-02-10,P004,S06,Budget Shopper,Physical Store,5,37453.09,190000.0,2734.55,187265.45,,0.0,445.1,False,0,0.0,5
T000086828,2026-02-10,P005,S06,Budget Shopper,Marketplace,34,6513.6,221000.0,0.0,221000.0,,0.0,1805.6,False,3,19540.8,34
T000086829,2026-02-10,P006,S06,Value Seeker,Physical Store,97,653.77,63050.0,0.0,63050.0,,0.0,22204.0,False,4,2615.08,97
T000086830,2026-02-10,P001,S07,Value Seeker,Online,44,12290.63,550000.0,9212.28,540787.72,,0.0,2173.4,False,3,36871.89,44
T000086831,2026-02-10,P002,S07,Occasional Shopper,Physical Store,82,179.03,14760.0,79.54,14680.46,,0.0,21794.7,False,0,0.0,82
T000086832,2026-02-10,P003,S07,Budget Shopper,Marketplace,30,1808.68,54000.0,0.0,54000.0,,0.0,6225.7,False,2,3617.36,30
T000086833,2026-02-10,P004,S07,Budget Shopper,Online,8,37930.36,304000.0,557.12,303442.88,,0.0,551.1,False,0,0.0,8
T000086834,2026-02-10,P005,S07,Occasional Shopper,Physical Store,30,6567.4,195000.0,0.0,195000.0,,0.0,2531.0,False,0,0.0,30
T000086835,2026-02-10,P006,S07,Value Seeker,Online,32,640.19,20800.0,313.92,20486.08,,0.0,13156.3,False,2,1280.38,32
T000086836,2026-02-10,P001,S08,Loyal Regular,Marketplace,35,12548.39,437500.0,0.0,437500.0,,0.0,2282.9,False,0,0.0,35
T000086837,2026-02-10,P002,S08,Loyal Regular,Marketplace,61,178.39,10980.0,98.21,10881.79,,0.0,16572.0,False,1,178.39,61
T000086838,2026-02-10,P003,S08,Loyal Regular,Marketplace,11,1805.73,19800.0,0.0,19800.0,,0.0,2394.6,False,1,1805.73,11
T000086839,2026-02-10,P004,S08,Budget Shopper,Physical Store,4,37429.82,152000.0,2280.72,149719.28,,0.0,1126.7,False,0,0.0,4
T000086840,2026-02-10,P006,S08,Premium Buyer,Physical Store,92,642.34,59800.0,704.72,59095.28,,0.0,12432.7,False,0,0.0,92
T000086841,2026-02-11,P001,S01,Value Seeker,Online,117,12302.71,1462500.0,23082.93,1439417.07,,0.0,181.6,False,7,86118.97,117
T000086842,2026-02-11,P002,S01,Loyal Regular,Mobile App,98,179.45,17640.0,53.9,17586.1,,0.0,22003.4,False,0,0.0,98
T000086843,2026-02-11,P003,S01,Value Seeker,Marketplace,70,1785.26,126000.0,1031.8,124968.2,,0.0,273.5,False,7,12496.82,70
T000086844,2026-02-11,P004,S01,Premium Buyer,Marketplace,14,38281.21,532000.0,0.0,532000.0,,0.0,94.0,False,0,0.0,14
T000086845,2026-02-11,P005,S01,Budget Shopper,Online,43,6544.56,279500.0,0.0,279500.0,,0.0,267.1,False,2,13089.12,43
T000086846,2026-02-11,P006,S01,Value Seeker,Physical Store,319,663.06,207350.0,0.0,207350.0,,0.0,13341.1,False,15,9945.9,319
T000086847,2026-02-11,P001,S02,Loyal Regular,Physical Store,0,12654.76,0.0,0.0,0.0,,0.0,0.3,True,0,0.0,133
T000086848,2026-02-11,P002,S02,Occasional Shopper,Physical Store,94,181.59,16920.0,0.0,16920.0,,0.0,9165.6,False,1,181.59,94
T000086849,2026-02-11,P003,S02,Loyal Regular,Marketplace,36,1781.95,64800.0,649.8,64150.2,,0.0,36.8,True,6,10691.7,63
T000086850,2026-02-11,P004,S02,Premium Buyer,Mobile App,10,38025.22,380000.0,0.0,380000.0,,0.0,289.2,False,1,38025.22,10
T000086851,2026-02-11,P005,S02,Premium Buyer,Physical Store,34,6525.6,221000.0,0.0,221000.0,,0.0,1375.0,False,3,19576.8,34
T000086852,2026-02-11,P006,S02,Value Seeker,Online,201,657.37,130650.0,0.0,130650.0,,0.0,16426.7,False,5,3286.85,201
T000086853,2026-02-11,P001,S03,Value Seeker,Physical Store,65,12379.24,812500.0,7849.4,804650.6,,0.0,1360.1,False,4,49516.96,65
T000086854,2026-02-11,P002,S03,Value Seeker,Physical Store,45,181.54,8100.0,0.0,8100.0,,0.0,17250.4,False,0,0.0,45
T000086855,2026-02-11,P003,S03,Occasional Shopper,Physical Store,35,1782.88,63000.0,599.2,62400.8,,0.0,1837.6,False,2,3565.76,35
T000086856,2026-02-11,P004,S03,Occasional Shopper,Mobile App,22,38206.01,836000.0,0.0,836000.0,,0.0,895.6,False,0,0.0,22
T000086857,2026-02-11,P005,S03,Premium Buyer,Marketplace,85,6409.35,552500.0,7705.25,544794.75,,0.0,1020.0,False,4,25637.4,85
T000086858,2026-02-11,P006,S03,Budget Shopper,Physical Store,43,654.6,27950.0,0.0,27950.0,,0.0,9043.8,False,0,0.0,43
T000086859,2026-02-11,P001,S04,Value Seeker,Physical Store,65,12514.19,812500.0,0.0,812500.0,,0.0,252.8,False,3,37542.57,65
T000086860,2026-02-11,P002,S04,Value Seeker,Physical Store,30,179.15,5400.0,25.5,5374.5,,0.0,17985.8,False,0,0.0,30
T000086861,2026-02-11,P003,S04,Budget Shopper,Online,34,1798.97,61200.0,35.02,61164.98,,0.0,2621.6,False,5,8994.85,34
T000086862,2026-02-11,P005,S04,Value Seeker,Physical Store,36,6547.8,234000.0,0.0,234000.0,,0.0,2934.7,False,1,6547.8,36
T000086863,2026-02-11,P006,S04,Budget Shopper,Physical Store,94,656.05,61100.0,0.0,61100.0,,0.0,7238.3,False,0,0.0,94
T000086864,2026-02-11,P001,S05,Value Seeker,Marketplace,46,12746.64,575000.0,0.0,575000.0,,0.0,1231.1,False,2,25493.28,46
T000086865,2026-02-11,P002,S05,Value Seeker,Online,92,181.19,16560.0,0.0,16560.0,,0.0,13154.2,False,3,543.57,92
T000086866,2026-02-11,P003,S05,Loyal Regular,Online,24,1810.05,43200.0,0.0,43200.0,,0.0,797.9,False,1,1810.05,24
T000086867,2026-02-11,P004,S05,Occasional Shopper,Physical Store,12,37847.53,456000.0,1829.64,454170.36,,0.0,137.5,False,0,0.0,12
T000086868,2026-02-11,P005,S05,Value Seeker,Physical Store,54,6545.38,351000.0,0.0,351000.0,,0.0,335.0,False,2,13090.76,54
T000086869,2026-02-11,P006,S05,Value Seeker,Physical Store,74,653.0,48100.0,0.0,48100.0,,0.0,10932.6,False,3,1959.0,74
T000086870,2026-02-11,P001,S06,Value Seeker,Online,37,12543.7,462500.0,0.0,462500.0,,0.0,416.3,False,4,50174.8,37
T000086871,2026-02-11,P002,S06,Budget Shopper,Marketplace,57,179.46,10260.0,30.78,10229.22,,0.0,19357.9,False,0,0.0,57
T000086872,2026-02-11,P004,S06,Occasional Shopper,Marketplace,3,37827.2,114000.0,518.4,113481.6,,0.0,440.1,False,0,0.0,3
T000086873,2026-02-11,P005,S06,Occasional Shopper,Mobile App,45,6577.33,292500.0,0.0,292500.0,,0.0,1771.6,False,1,6577.33,45
T000086874,2026-02-11,P006,S06,Budget Shopper,Mobile App,94,647.36,61100.0,248.16,60851.84,,0.0,23413.9,False,0,0.0,94
T000086875,2026-02-11,P001,S07,Loyal Regular,Online,39,12694.42,487500.0,0.0,487500.0,,0.0,2129.4,False,3,38083.26,39
T000086876,2026-02-11,P002,S07,Budget Shopper,Physical Store,81,178.48,14580.0,123.12,14456.88,,0.0,22844.5,False,0,0.0,81
T000086877,2026-02-11,P003,S07,Loyal Regular,Physical Store,4,1837.04,7200.0,0.0,7200.0,,0.0,6195.7,False,0,0.0,4
T000086878,2026-02-11,P004,S07,Budget Shopper,Physical Store,9,38202.63,342000.0,0.0,342000.0,,0.0,543.1,False,0,0.0,9
T000086879,2026-02-11,P005,S07,Budget Shopper,Mobile App,17,6511.55,110500.0,0.0,110500.0,,0.0,2816.9,False,1,6511.55,17
T000086880,2026-02-11,P006,S07,Premium Buyer,Physical Store,50,650.35,32500.0,0.0,32500.0,,0.0,13124.3,False,2,1300.7,50
T000086881,2026-02-11,P001,S08,Value Seeker,Physical Store,21,12521.02,262500.0,0.0,262500.0,,0.0,2247.9,False,1,12521.02,21
T000086882,2026-02-11,P002,S08,Occasional Shopper,Mobile App,50,181.99,9000.0,0.0,9000.0,,0.0,17317.3,False,2,363.98,50
T000086883,2026-02-11,P003,S08,Value Seeker,Physical Store,29,1769.21,52200.0,892.91,51307.09,,0.0,2383.6,False,1,1769.21,29
T000086884,2026-02-11,P004,S08,Loyal Regular,Mobile App,14,38705.84,532000.0,0.0,532000.0,,0.0,1122.7,False,0,0.0,14
T000086885,2026-02-11,P005,S08,Budget Shopper,Online,25,6342.21,162500.0,3944.75,158555.25,,0.0,1577.2,False,1,6342.21,25
T000086886,2026-02-11,P006,S08,Value Seeker,Online,66,656.24,42900.0,0.0,42900.0,,0.0,12340.7,False,2,1312.48,66
T000086887,2026-02-12,P001,S01,Premium Buyer,Physical Store,42,12213.39,525000.0,12037.62,512962.38,,0.0,64.6,False,2,24426.78,42
T000086888,2026-02-12,P002,S01,Value Seeker,Online,129,179.4,23220.0,77.4,23142.6,,0.0,23067.7,False,0,0.0,129
T000086889,2026-02-12,P003,S01,Premium Buyer,Physical Store,94,1834.7,169200.0,0.0,169200.0,,0.0,203.5,False,11,20181.7,94
T000086890,2026-02-12,P004,S01,Premium Buyer,Marketplace,14,38097.96,532000.0,0.0,532000.0,,0.0,80.0,False,1,38097.96,14
T000086891,2026-02-12,P005,S01,Value Seeker,Physical Store,70,6419.21,455000.0,5655.3,449344.7,,0.0,444.0,False,2,12838.42,70
T000086892,2026-02-12,P006,S01,Loyal Regular,Physical Store,90,655.82,58500.0,0.0,58500.0,,0.0,13775.4,False,3,1967.46,90
T000086893,2026-02-12,P001,S02,Value Seeker,Online,37,12496.6,462500.0,125.8,462374.2,,0.0,356.9,False,2,24993.2,37
T000086894,2026-02-12,P002,S02,Occasional Shopper,Physical Store,62,179.52,11160.0,29.76,11130.24,,0.0,9598.9,False,0,0.0,62
T000086895,2026-02-12,P003,S02,Budget Shopper,Marketplace,74,1792.95,133200.0,521.7,132678.3,,0.0,239.6,False,12,21515.4,74
T000086896,2026-02-12,P004,S02,Budget Shopper,Physical Store,20,37653.24,760000.0,6935.2,753064.8,,0.0,279.2,False,1,37653.24,20
T000086897,2026-02-12,P005,S02,Budget Shopper,Physical Store,58,6506.56,377000.0,0.0,377000.0,,0.0,1341.0,False,3,19519.68,58
T000086898,2026-02-12,P006,S02,Budget Shopper,Mobile App,197,652.12,128050.0,0.0,128050.0,,0.0,16225.7,False,4,2608.48,197
T000086899,2026-02-12,P001,S03,Value Seeker,Online,72,12439.12,900000.0,4383.36,895616.64,,0.0,1295.1,False,2,24878.24,72
T000086900,2026-02-12,P002,S03,Value Seeker,Physical Store,81,180.67,14580.0,0.0,14580.0,,0.0,17205.4,False,0,0.0,81
T000086901,2026-02-12,P003,S03,Occasional Shopper,Physical Store,37,1801.34,66600.0,0.0,66600.0,,0.0,1802.6,False,3,5404.02,37
T000086902,2026-02-12,P004,S03,Value Seeker,Online,13,38076.93,494000.0,0.0,494000.0,,0.0,1013.2,False,0,0.0,13
T000086903,2026-02-12,P005,S03,Value Seeker,Physical Store,83,6418.65,539500.0,6752.05,532747.95,,0.0,935.0,False,3,19255.95,83
T000086904,2026-02-12,P006,S03,Budget Shopper,Physical Store,60,653.57,39000.0,0.0,39000.0,,0.0,9000.8,False,0,0.0,60
T000086905,2026-02-12,P001,S04,Value Seeker,Physical Store,22,12637.39,275000.0,0.0,275000.0,,0.0,187.8,False,0,0.0,22
T000086906,2026-02-12,P002,S04,Budget Shopper,Physical Store,104,179.94,18720.0,6.24,18713.76,,0.0,17955.8,False,1,179.94,104
T000086907,2026-02-12,P003,S04,Loyal Regular,Physical Store,16,1785.37,28800.0,234.08,28565.92,,0.0,2587.6,False,0,0.0,16
T000086908,2026-02-12,P004,S04,Value Seeker,Online,11,33832.15,418000.0,45846.35,372153.65,Flash Discount,11.27,169.8,False,0,0.0,11
T000086909,2026-02-12,P005,S04,Premium Buyer,Online,45,6538.51,292500.0,0.0,292500.0,,0.0,3221.9,False,4,26154.04,45
T000086910,2026-02-12,P006,S04,Loyal Regular,Online,153,637.39,99450.0,1929.33,97520.67,,0.0,8242.4,False,4,2549.56,153
T000086911,2026-02-12,P001,S05,Loyal Regular,Online,43,12310.69,537500.0,8140.33,529359.67,,0.0,1185.1,False,3,36932.07,43
T000086912,2026-02-12,P002,S05,Value Seeker,Marketplace,194,180.64,34920.0,0.0,34920.0,,0.0,13701.0,False,1,180.64,194
T000086913,2026-02-12,P003,S05,Value Seeker,Online,13,1783.79,23400.0,210.73,23189.27,,0.0,773.9,False,0,0.0,13
T000086914,2026-02-12,P004,S05,Premium Buyer,Marketplace,7,38151.5,266000.0,0.0,266000.0,,0.0,125.5,False,0,0.0,7
T000086915,2026-02-12,P005,S05,Loyal Regular,Online,55,6426.31,357500.0,4052.95,353447.05,,0.0,281.0,False,3,19278.93,55
T000086916,2026-02-12,P006,S05,Occasional Shopper,Physical Store,28,654.5,18200.0,0.0,18200.0,,0.0,11714.3,False,0,0.0,28
T000086917,2026-02-12,P001,S06,Occasional Shopper,Physical Store,25,12468.15,312500.0,796.25,311703.75,,0.0,379.3,False,1,12468.15,25
T000086918,2026-02-12,P002,S06,Premium Buyer,Mobile App,72,180.6,12960.0,0.0,12960.0,,0.0,19885.2,False,1,180.6,72
T000086919,2026-02-12,P003,S06,Occasional Shopper,Online,26,1776.1,46800.0,621.4,46178.6,,0.0,3479.7,False,1,1776.1,26
T000086920,2026-02-12,P004,S06,Occasional Shopper,Marketplace,4,38051.33,152000.0,0.0,152000.0,,0.0,437.1,False,0,0.0,4
T000086921,2026-02-12,P005,S06,Value Seeker,Physical Store,44,6505.88,286000.0,0.0,286000.0,,0.0,1967.1,False,1,6505.88,44
T000086922,2026-02-12,P006,S06,Value Seeker,Physical Store,80,660.77,52000.0,0.0,52000.0,,0.0,24417.5,False,3,1982.31,80
T000086923,2026-02-12,P001,S07,Premium Buyer,Online,105,12363.63,1312500.0,14318.85,1298181.15,,0.0,2428.4,False,7,86545.41,105
T000086924,2026-02-12,P002,S07,Loyal Regular,Physical Store,80,178.62,14400.0,110.4,14289.6,,0.0,22763.5,False,0,0.0,80
T000086925,2026-02-12,P004,S07,Loyal Regular,Mobile App,14,38124.69,532000.0,0.0,532000.0,,0.0,534.1,False,1,38124.69,14
T000086926,2026-02-12,P005,S07,Occasional Shopper,Online,16,6473.35,104000.0,426.4,103573.6,,0.0,2799.9,False,0,0.0,16
T000086927,2026-02-12,P006,S07,Budget Shopper,Online,44,645.41,28600.0,201.96,28398.04,,0.0,13074.3,False,2,1290.82,44
T000086928,2026-02-12,P001,S08,Loyal Regular,Marketplace,12,12517.56,150000.0,0.0,150000.0,,0.0,2226.9,False,0,0.0,12
T000086929,2026-02-12,P002,S08,Premium Buyer,Online,54,176.72,9720.0,177.12,9542.88,,0.0,17267.3,False,0,0.0,54
T000086930,2026-02-12,P003,S08,Value Seeker,Marketplace,10,1803.63,18000.0,0.0,18000.0,,0.0,2354.6,False,1,1803.63,10
T000086931,2026-02-12,P004,S08,Value Seeker,Physical Store,9,37872.04,342000.0,1151.64,340848.36,,0.0,1108.7,False,0,0.0,9
T000086932,2026-02-12,P005,S08,Premium Buyer,Physical Store,50,6573.01,325000.0,0.0,325000.0,,0.0,1798.1,False,1,6573.01,50
T000086933,2026-02-12,P006,S08,Occasional Shopper,Physical Store,33,644.76,21450.0,172.92,21277.08,,0.0,12274.7,False,0,0.0,33
T000086934,2026-02-13,P001,S01,Value Seeker,Physical Store,22,12584.74,275000.0,0.0,275000.0,,0.0,22.6,True,0,0.0,65
T000086935,2026-02-13,P002,S01,Loyal Regular,Online,130,181.62,23400.0,0.0,23400.0,,0.0,22938.7,False,1,181.62,130
T000086936,2026-02-13,P003,S01,Value Seeker,Physical Store,83,1824.68,149400.0,0.0,149400.0,,0.0,549.7,False,11,20071.48,83
T000086937,2026-02-13,P004,S01,Premium Buyer,Online,13,38397.07,494000.0,0.0,494000.0,,0.0,66.0,False,1,38397.07,13
T000086938,2026-02-13,P005,S01,Budget Shopper,Online,154,6524.8,1001000.0,0.0,1001000.0,,0.0,374.0,False,7,45673.6,154
T000086939,2026-02-13,P006,S01,Value Seeker,Physical Store,89,653.94,57850.0,0.0,57850.0,,0.0,13685.4,False,3,1961.82,89
T000086940,2026-02-13,P001,S02,Loyal Regular,Physical Store,108,12531.09,1350000.0,0.0,1350000.0,,0.0,319.9,False,9,112779.81,108
T000086941,2026-02-13,P002,S02,Budget Shopper,Online,141,162.43,25380.0,2477.37,22902.63,Flash Discount,9.97,10286.1,False,1,162.43,141
T000086942,2026-02-13,P003,S02,Budget Shopper,Marketplace,56,1793.61,100800.0,357.84,100442.16,,0.0,165.6,False,4,7174.44,56
T000086943,2026-02-13,P004,S02,Loyal Regular,Mobile App,4,38409.7,152000.0,0.0,152000.0,,0.0,259.2,False,0,0.0,4
T000086944,2026-02-13,P005,S02,Loyal Regular,Physical Store,76,6552.38,494000.0,0.0,494000.0,,0.0,1283.0,False,3,19657.14,76
T000086945,2026-02-13,P006,S02,Occasional Shopper,Online,127,635.65,82550.0,1822.45,80727.55,,0.0,16028.7,False,3,1906.95,127
T000086946,2026-02-13,P001,S03,Budget Shopper,Physical Store,82,12820.09,1025000.0,0.0,1025000.0,,0.0,1223.1,False,2,25640.18,82
T000086947,2026-02-13,P002,S03,Loyal Regular,Physical Store,118,181.69,21240.0,0.0,21240.0,,0.0,17124.4,False,0,0.0,118
T000086948,2026-02-13,P003,S03,Premium Buyer,Online,48,1808.43,86400.0,0.0,86400.0,,0.0,1765.6,False,5,9042.15,48
T000086949,2026-02-13,P004,S03,Occasional Shopper,Physical Store,10,37900.03,380000.0,999.7,379000.3,,0.0,1000.2,False,0,0.0,10
T000086950,2026-02-13,P005,S03,Budget Shopper,Online,45,6583.25,292500.0,0.0,292500.0,,0.0,1132.7,False,0,0.0,45
T000086951,2026-02-13,P006,S03,Value Seeker,Online,120,651.59,78000.0,0.0,78000.0,,0.0,9661.1,False,7,4561.13,120
T000086952,2026-02-13,P001,S04,Value Seeker,Mobile App,49,12473.36,612500.0,1305.36,611194.64,,0.0,165.8,False,4,49893.44,49
T000086953,2026-02-13,P002,S04,Occasional Shopper,Physical Store,56,177.76,10080.0,125.44,9954.56,,0.0,18843.6,False,0,0.0,56
T000086954,2026-02-13,P003,S04,Loyal Regular,Physical Store,18,1792.26,32400.0,139.32,32260.68,,0.0,2571.6,False,0,0.0,18
T000086955,2026-02-13,P004,S04,Occasional Shopper,Online,19,38036.31,722000.0,0.0,722000.0,,0.0,158.8,False,1,38036.31,19
T000086956,2026-02-13,P005,S04,Budget Shopper,Physical Store,39,6512.84,253500.0,0.0,253500.0,,0.0,3176.9,False,2,13025.68,39
T000086957,2026-02-13,P006,S04,Value Seeker,Marketplace,73,649.5,47450.0,36.5,47413.5,,0.0,8089.4,False,1,649.5,73
T000086958,2026-02-13,P001,S05,Premium Buyer,Mobile App,36,12569.82,450000.0,0.0,450000.0,,0.0,1142.1,False,2,25139.64,36
T000086959,2026-02-13,P002,S05,Premium Buyer,Physical Store,139,176.95,25020.0,423.95,24596.05,,0.0,13507.0,False,0,0.0,139
T000086960,2026-02-13,P003,S05,Occasional Shopper,Online,22,1799.86,39600.0,3.08,39596.92,,0.0,760.9,False,1,1799.86,22
T000086961,2026-02-13,P004,S05,Premium Buyer,Marketplace,11,37997.41,418000.0,28.49,417971.51,,0.0,118.5,False,0,0.0,11
T000086962,2026-02-13,P005,S05,Budget Shopper,Online,51,6617.17,331500.0,0.0,331500.0,,0.0,226.0,False,0,0.0,51
T000086963,2026-02-13,P006,S05,Loyal Regular,Physical Store,50,655.55,32500.0,0.0,32500.0,,0.0,11686.3,False,1,655.55,50
T000086964,2026-02-13,P001,S06,Occasional Shopper,Physical Store,66,12510.24,825000.0,0.0,825000.0,,0.0,604.2,False,6,75061.44,66
T000086965,2026-02-13,P002,S06,Loyal Regular,Physical Store,83,180.66,14940.0,0.0,14940.0,,0.0,19813.2,False,1,180.66,83
T000086966,2026-02-13,P003,S06,Budget Shopper,Physical Store,55,1669.31,99000.0,7187.95,91812.05,Flash Discount,9.18,3717.7,False,10,16693.1,55
T000086967,2026-02-13,P004,S06,Budget Shopper,Online,8,37560.4,304000.0,3516.8,300483.2,,0.0,537.5,False,0,0.0,8
T000086968,2026-02-13,P005,S06,Premium Buyer,Physical Store,40,6431.27,260000.0,2749.2,257250.8,,0.0,1923.1,False,3,19293.81,40
T000086969,2026-02-13,P006,S06,Budget Shopper,Online,131,646.08,85150.0,513.52,84636.48,,0.0,24337.5,False,3,1938.24,131
T000086970,2026-02-13,P001,S07,Occasional Shopper,Mobile App,46,12690.04,575000.0,0.0,575000.0,,0.0,2323.4,False,3,38070.12,46
T000086971,2026-02-13,P002,S07,Value Seeker,Online,128,178.42,23040.0,202.24,22837.76,,0.0,22683.5,False,1,178.42,128
T000086972,2026-02-13,P003,S07,Budget Shopper,Online,12,1783.52,21600.0,197.76,21402.24,,0.0,6476.5,False,1,1783.52,12
T000086973,2026-02-13,P004,S07,Loyal Regular,Marketplace,5,34084.6,190000.0,19577.0,170423.0,Flash Discount,10.74,520.1,False,0,0.0,5
T000086974,2026-02-13,P005,S07,Loyal Regular,Physical Store,34,6387.23,221000.0,3834.18,217165.82,,0.0,3083.9,False,2,12774.46,34
T000086975,2026-02-13,P006,S07,Value Seeker,Online,115,649.79,74750.0,24.15,74725.85,,0.0,13030.3,False,3,1949.37,115
T000086976,2026-02-13,P001,S08,Budget Shopper,Marketplace,59,12589.19,737500.0,0.0,737500.0,,0.0,2416.7,False,0,0.0,59
T000086977,2026-02-13,P002,S08,Loyal Regular,Marketplace,42,180.14,7560.0,0.0,7560.0,,0.0,17213.3,False,0,0.0,42
T000086978,2026-02-13,P003,S08,Premium Buyer,Marketplace,10,1820.91,18000.0,0.0,18000.0,,0.0,2713.8,False,3,5462.73,10
T000086979,2026-02-13,P004,S08,Loyal Regular,Mobile App,11,38013.7,418000.0,0.0,418000.0,,0.0,1099.7,False,0,0.0,11
T000086980,2026-02-13,P006,S08,Premium Buyer,Online,80,648.49,52000.0,120.8,51879.2,,0.0,12241.7,False,1,648.49,80
T000086981,2026-02-14,P001,S01,Budget Shopper,Mobile App,0,12354.69,0.0,0.0,0.0,,0.0,0.6,True,0,0.0,304
T000086982,2026-02-14,P002,S01,Premium Buyer,Online,173,180.75,31140.0,0.0,31140.0,,0.0,22808.7,False,0,0.0,173
T000086983,2026-02-14,P003,S01,Value Seeker,Physical Store,128,1821.19,230400.0,0.0,230400.0,,0.0,466.7,False,15,27317.85,128
T000086984,2026-02-14,P004,S01,Value Seeker,Physical Store,10,37434.81,380000.0,5651.9,374348.1,,0.0,53.0,False,0,0.0,10
T000086985,2026-02-14,P005,S01,Occasional Shopper,Online,111,6461.99,721500.0,4219.11,717280.89,,0.0,484.7,False,4,25847.96,111
T000086986,2026-02-14,P006,S01,Loyal Regular,Mobile App,175,651.37,113750.0,0.0,113750.0,,0.0,14786.5,False,4,2605.48,175
T000086987,2026-02-14,P001,S02,Loyal Regular,Online,104,12796.67,1300000.0,0.0,1300000.0,,0.0,211.9,False,8,102373.36,104
T000086988,2026-02-14,P002,S02,Value Seeker,Physical Store,26,179.58,4680.0,10.92,4669.08,,0.0,10774.2,False,0,0.0,26
T000086989,2026-02-14,P003,S02,Loyal Regular,Physical Store,109,1815.76,196200.0,0.0,196200.0,,0.0,109.6,True,11,19973.36,237
T000086990,2026-02-14,P004,S02,Occasional Shopper,Physical Store,9,38106.46,342000.0,0.0,342000.0,,0.0,255.2,False,1,38106.46,9
T000086991,2026-02-14,P005,S02,Budget Shopper,Physical Store,82,6561.22,533000.0,0.0,533000.0,,0.0,1207.0,False,4,26244.88,82
T000086992,2026-02-14,P006,S02,Occasional Shopper,Physical Store,248,646.64,161200.0,833.28,160366.72,,0.0,17106.4,False,5,3233.2,248
T000086993,2026-02-14,P001,S03,Premium Buyer,Marketplace,310,12329.9,3875000.0,52731.0,3822269.0,,0.0,1141.1,False,15,184948.5,310
T000086994,2026-02-14,P002,S03,Occasional Shopper,Physical Store,56,179.64,10080.0,20.16,10059.84,,0.0,17006.4,False,0,0.0,56
T000086995,2026-02-14,P003,S03,Loyal Regular,Physical Store,67,1794.21,120600.0,387.93,120212.07,,0.0,1909.9,False,16,28707.36,67
T000086996,2026-02-14,P004,S03,Occasional Shopper,Physical Store,38,38084.09,1444000.0,0.0,1444000.0,,0.0,1080.9,False,1,38084.09,38
T000086997,2026-02-14,P005,S03,Occasional Shopper,Online,89,6499.21,578500.0,70.31,578429.69,,0.0,1319.3,False,2,12998.42,89
T000086998,2026-02-14,P006,S03,Occasional Shopper,Physical Store,104,653.58,67600.0,0.0,67600.0,,0.0,9541.1,False,1,653.58,104
T000086999,2026-02-14,P001,S04,Loyal Regular,Online,116,12679.46,1450000.0,0.0,1450000.0,,0.0,116.8,True,6,76076.76,129
T000087000,2026-02-14,P002,S04,Budget Shopper,Mobile App,50,177.85,9000.0,107.5,8892.5,,0.0,18787.6,False,0,0.0,50
T000087001,2026-02-14,P003,S04,Occasional Shopper,Marketplace,144,1823.74,259200.0,0.0,259200.0,,0.0,2553.6,False,32,58359.68,144
T000087002,2026-02-14,P004,S04,Budget Shopper,Physical Store,14,38211.05,532000.0,0.0,532000.0,,0.0,139.8,False,0,0.0,14
T000087003,2026-02-14,P005,S04,Value Seeker,Physical Store,55,6319.42,357500.0,9931.9,347568.1,,0.0,3137.9,False,4,25277.68,55
T000087004,2026-02-14,P006,S04,Value Seeker,Online,285,658.91,185250.0,0.0,185250.0,,0.0,9280.6,False,10,6589.1,285
T000087005,2026-02-14,P001,S05,Occasional Shopper,Physical Store,393,12772.06,4912500.0,0.0,4912500.0,,0.0,1106.1,False,10,127720.6,393
T000087006,2026-02-14,P002,S05,Value Seeker,Physical Store,206,180.16,37080.0,0.0,37080.0,,0.0,14233.4,False,0,0.0,206
T000087007,2026-02-14,P003,S05,Value Seeker,Online,60,1782.9,108000.0,1026.0,106974.0,,0.0,1067.3,False,10,17829.0,60
T000087008,2026-02-14,P004,S05,Premium Buyer,Online,18,38056.74,684000.0,0.0,684000.0,,0.0,107.5,False,0,0.0,18
T000087009,2026-02-14,P005,S05,Value Seeker,Online,135,6594.68,877500.0,0.0,877500.0,,0.0,441.2,False,2,13189.36,135
T000087010,2026-02-14,P006,S05,Loyal Regular,Mobile App,180,643.82,117000.0,1112.4,115887.6,,0.0,11636.3,False,11,7082.02,180
T000087011,2026-02-14,P001,S06,Occasional Shopper,Physical Store,206,12590.38,2575000.0,0.0,2575000.0,,0.0,843.2,False,7,88132.66,206
T000087012,2026-02-14,P002,S06,Occasional Shopper,Physical Store,122,178.18,21960.0,222.04,21737.96,,0.0,20502.8,False,2,356.36,122
T000087013,2026-02-14,P003,S06,Value Seeker,Marketplace,90,1788.58,162000.0,1027.8,160972.2,,0.0,3662.7,False,10,17885.8,90
T000087014,2026-02-14,P004,S06,Occasional Shopper,Physical Store,17,37510.94,646000.0,8314.02,637685.98,,0.0,529.5,False,0,0.0,17
T000087015,2026-02-14,P005,S06,Budget Shopper,Online,31,6477.47,201500.0,698.43,200801.57,,0.0,1883.1,False,1,6477.47,31
T000087016,2026-02-14,P006,S06,Loyal Regular,Mobile App,160,646.27,104000.0,596.8,103403.2,,0.0,24206.5,False,0,0.0,160
T000087017,2026-02-14,P001,S07,Occasional Shopper,Mobile App,58,12460.37,725000.0,2298.54,722701.46,,0.0,2277.4,False,2,24920.74,58
T000087018,2026-02-14,P002,S07,Loyal Regular,Mobile App,61,180.72,10980.0,0.0,10980.0,,0.0,22555.5,False,1,180.72,61
T000087019,2026-02-14,P003,S07,Value Seeker,Online,74,1786.49,133200.0,999.74,132200.26,,0.0,6464.5,False,17,30370.33,74
T000087020,2026-02-14,P004,S07,Value Seeker,Marketplace,15,38236.56,570000.0,0.0,570000.0,,0.0,515.1,False,1,38236.56,15
T000087021,2026-02-14,P005,S07,Value Seeker,Physical Store,19,6450.63,123500.0,938.03,122561.97,,0.0,3307.2,False,0,0.0,19
T000087022,2026-02-14,P006,S07,Occasional Shopper,Online,75,651.22,48750.0,0.0,48750.0,,0.0,13525.4,False,3,1953.66,75
T000087023,2026-02-14,P001,S08,Value Seeker,Physical Store,110,12562.44,1375000.0,0.0,1375000.0,,0.0,2357.7,False,7,87937.08,110
T000087024,2026-02-14,P002,S08,Loyal Regular,Physical Store,80,181.14,14400.0,0.0,14400.0,,0.0,18002.6,False,1,181.14,80
T000087025,2026-02-14,P003,S08,Budget Shopper,Marketplace,36,1774.05,64800.0,934.2,63865.8,,0.0,3039.5,False,8,14192.4,36
T000087026,2026-02-14,P004,S08,Loyal Regular,Online,14,37939.76,532000.0,843.36,531156.64,,0.0,1088.7,False,0,0.0,14
T000087027,2026-02-14,P005,S08,Loyal Regular,Online,84,6437.3,546000.0,5266.8,540733.2,,0.0,2133.1,False,3,19311.9,84
T000087028,2026-02-14,P006,S08,Loyal Regular,Online,145,654.7,94250.0,0.0,94250.0,,0.0,12161.7,False,2,1309.4,145
T000087029,2026-02-15,P001,S01,Premium Buyer,Mobile App,130,12318.69,1625000.0,23570.3,1601429.7,,0.0,296.2,False,8,98549.52,130
T000087030,2026-02-15,P002,S01,Value Seeker,Physical Store,195,181.35,35100.0,0.0,35100.0,,0.0,22635.7,False,0,0.0,195
T000087031,2026-02-15,P003,S01,Occasional Shopper,Mobile App,118,1790.79,212400.0,1086.78,211313.22,,0.0,338.7,False,14,25071.06,118
T000087032,2026-02-15,P004,S01,Occasional Shopper,Marketplace,13,37577.6,494000.0,5491.2,488508.8,,0.0,43.0,False,0,0.0,13
T000087033,2026-02-15,P005,S01,Premium Buyer,Physical Store,143,6374.01,929500.0,18016.57,911483.43,,0.0,373.7,False,2,12748.02,143
T000087034,2026-02-15,P006,S01,Budget Shopper,Online,394,641.39,256100.0,3392.34,252707.66,,0.0,15579.1,False,9,5772.51,394
T000087035,2026-02-15,P001,S02,Budget Shopper,Online,94,12513.06,1175000.0,0.0,1175000.0,,0.0,571.8,False,10,125130.6,94
T000087036,2026-02-15,P002,S02,Occasional Shopper,Online,67,178.63,12060.0,91.79,11968.21,,0.0,11566.3,False,0,0.0,67
T000087037,2026-02-15,P003,S02,Value Seeker,Physical Store,0,1805.56,0.0,0.0,0.0,,0.0,0.6,True,0,0.0,125
T000087038,2026-02-15,P004,S02,Occasional Shopper,Physical Store,20,37529.55,760000.0,9409.0,750591.0,,0.0,246.2,False,2,75059.1,20
T000087039,2026-02-15,P005,S02,Occasional Shopper,Physical Store,112,6431.82,728000.0,7636.16,720363.84,,0.0,1125.0,False,5,32159.1,112
T000087040,2026-02-15,P006,S02,Occasional Shopper,Online,202,650.12,131300.0,0.0,131300.0,,0.0,17581.7,False,1,650.12,202
T000087041,2026-02-15,P001,S03,Value Seeker,Physical Store,109,12568.64,1362500.0,0.0,1362500.0,,0.0,831.1,False,6,75411.84,109
T000087042,2026-02-15,P002,S03,Loyal Regular,Marketplace,132,180.08,23760.0,0.0,23760.0,,0.0,16950.4,False,1,180.08,132
T000087043,2026-02-15,P003,S03,Occasional Shopper,Online,44,1778.26,79200.0,956.56,78243.44,,0.0,1842.9,False,7,12447.82,44
T000087044,2026-02-15,P004,S03,Occasional Shopper,Marketplace,44,38326.66,1672000.0,0.0,1672000.0,,0.0,1134.0,False,3,114979.98,44
T000087045,2026-02-15,P005,S03,Value Seeker,Online,98,6590.17,637000.0,0.0,637000.0,,0.0,1230.3,False,2,13180.34,98
T000087046,2026-02-15,P006,S03,Value Seeker,Online,198,655.7,128700.0,0.0,128700.0,,0.0,9437.1,False,6,3934.2,198
T000087047,2026-02-15,P001,S04,Value Seeker,Physical Store,0,12459.02,0.0,0.0,0.0,,0.0,0.8,True,0,0.0,60
T000087048,2026-02-15,P002,S04,Occasional Shopper,Mobile App,61,179.08,10980.0,56.12,10923.88,,0.0,18737.6,False,0,0.0,61
T000087049,2026-02-15,P003,S04,Loyal Regular,Physical Store,55,1792.07,99000.0,436.15,98563.85,,0.0,2409.6,False,12,21504.84,55
T000087050,2026-02-15,P004,S04,Budget Shopper,Online,16,37997.04,608000.0,47.36,607952.64,,0.0,125.8,False,1,37997.04,16
T000087051,2026-02-15,P005,S04,Loyal Regular,Physical Store,105,6525.13,682500.0,0.0,682500.0,,0.0,3082.9,False,4,26100.52,105
T000087052,2026-02-15,P006,S04,Budget Shopper,Physical Store,100,649.58,65000.0,42.0,64958.0,,0.0,10096.8,False,5,3247.9,100
T000087053,2026-02-15,P001,S05,Loyal Regular,Physical Store,58,12374.75,725000.0,7264.5,717735.5,,0.0,713.1,False,3,37124.25,58
T000087054,2026-02-15,P002,S05,Budget Shopper,Online,111,179.5,19980.0,55.5,19924.5,,0.0,14027.4,False,1,179.5,111
T000087055,2026-02-15,P003,S05,Budget Shopper,Marketplace,82,1840.51,147600.0,0.0,147600.0,,0.0,1341.2,False,13,23926.63,82
T000087056,2026-02-15,P004,S05,Value Seeker,Physical Store,12,38047.76,456000.0,0.0,456000.0,,0.0,89.5,False,0,0.0,12
T000087057,2026-02-15,P005,S05,Value Seeker,Physical Store,87,6563.11,565500.0,0.0,565500.0,,0.0,306.2,False,6,39378.66,87
T000087058,2026-02-15,P006,S05,Loyal Regular,Physical Store,102,650.57,66300.0,0.0,66300.0,,0.0,12108.0,False,3,1951.71,102
T000087059,2026-02-15,P001,S06,Value Seeker,Physical Store,66,12162.08,825000.0,22302.72,802697.28,,0.0,847.2,False,3,36486.24,66
T000087060,2026-02-15,P002,S06,Value Seeker,Physical Store,176,182.64,31680.0,0.0,31680.0,,0.0,21167.5,False,0,0.0,176
T000087061,2026-02-15,P003,S06,Budget Shopper,Physical Store,34,1810.68,61200.0,0.0,61200.0,,0.0,3572.7,False,3,5432.04,34
T000087062,2026-02-15,P004,S06,Budget Shopper,Physical Store,4,37703.79,152000.0,1184.84,150815.16,,0.0,512.5,False,0,0.0,4
T000087063,2026-02-15,P005,S06,Budget Shopper,Mobile App,45,6554.91,292500.0,0.0,292500.0,,0.0,2066.4,False,2,13109.82,45
T000087064,2026-02-15,P006,S06,Budget Shopper,Marketplace,94,657.68,61100.0,0.0,61100.0,,0.0,24046.5,False,3,1973.04,94
T000087065,2026-02-15,P001,S07,Value Seeker,Physical Store,49,12536.64,612500.0,0.0,612500.0,,0.0,2219.4,False,1,12536.64,49
T000087066,2026-02-15,P002,S07,Occasional Shopper,Online,79,177.36,14220.0,208.56,14011.44,,0.0,22494.5,False,1,177.36,79
T000087067,2026-02-15,P003,S07,Loyal Regular,Online,36,1803.6,64800.0,0.0,64800.0,,0.0,6684.5,False,4,7214.4,36
T000087068,2026-02-15,P004,S07,Occasional Shopper,Online,10,34907.42,380000.0,30925.8,349074.2,Flash Discount,7.37,500.1,False,0,0.0,10
T000087069,2026-02-15,P005,S07,Budget Shopper,Online,43,6563.08,279500.0,0.0,279500.0,,0.0,3288.2,False,0,0.0,43
T000087070,2026-02-15,P001,S08,Loyal Regular,Online,59,12596.15,737500.0,0.0,737500.0,,0.0,2612.1,False,0,0.0,59
T000087071,2026-02-15,P002,S08,Value Seeker,Physical Store,100,178.08,18000.0,192.0,17808.0,,0.0,18552.2,False,1,178.08,100
T000087072,2026-02-15,P003,S08,Premium Buyer,Mobile App,12,1822.66,21600.0,0.0,21600.0,,0.0,3003.5,False,1,1822.66,12
T000087073,2026-02-15,P004,S08,Occasional Shopper,Physical Store,13,38025.11,494000.0,0.0,494000.0,,0.0,1074.7,False,0,0.0,13
T000087074,2026-02-15,P005,S08,Premium Buyer,Physical Store,31,6438.33,201500.0,1911.77,199588.23,,0.0,2526.1,False,3,19314.99,31
T000087075,2026-02-15,P006,S08,Premium Buyer,Physical Store,63,654.23,40950.0,0.0,40950.0,,0.0,13064.5,False,2,1308.46,63
T000087076,2026-02-16,P001,S01,Loyal Regular,Physical Store,70,12710.25,875000.0,0.0,875000.0,,0.0,166.2,False,2,25420.5,70
T000087077,2026-02-16,P002,S01,Loyal Regular,Physical Store,114,179.14,20520.0,98.04,20421.96,,0.0,23229.6,False,0,0.0,114
T000087078,2026-02-16,P003,S01,Budget Shopper,Physical Store,78,1803.01,140400.0,0.0,140400.0,,0.0,565.3,False,10,18030.1,78
T000087079,2026-02-16,P004,S01,Loyal Regular,Mobile App,22,38059.77,836000.0,0.0,836000.0,,0.0,164.5,False,0,0.0,22
T000087080,2026-02-16,P005,S01,Loyal Regular,Marketplace,84,6407.76,546000.0,7748.16,538251.84,,0.0,230.7,False,4,25631.04,84
T000087081,2026-02-16,P001,S02,Budget Shopper,Physical Store,111,12612.41,1387500.0,0.0,1387500.0,,0.0,477.8,False,4,50449.64,111
T000087082,2026-02-16,P002,S02,Value Seeker,Physical Store,89,179.0,16020.0,89.0,15931.0,,0.0,12108.1,False,0,0.0,89
T000087083,2026-02-16,P003,S02,Loyal Regular,Physical Store,137,1792.35,246600.0,1048.05,245551.95,,0.0,384.8,False,29,51978.15,137
T000087084,2026-02-16,P004,S02,Loyal Regular,Online,3,38597.68,114000.0,0.0,114000.0,,0.0,226.2,False,0,0.0,3
T000087085,2026-02-16,P005,S02,Premium Buyer,Physical Store,90,6516.62,585000.0,0.0,585000.0,,0.0,1466.3,False,5,32583.1,90
T000087086,2026-02-16,P006,S02,Value Seeker,Physical Store,262,594.74,170300.0,14478.12,155821.88,Flash Discount,7.16,18212.2,False,9,5352.66,262
T000087087,2026-02-16,P001,S03,Occasional Shopper,Online,73,12474.19,912500.0,1884.13,910615.87,,0.0,722.1,False,5,62370.95,73
T000087088,2026-02-16,P002,S03,Budget Shopper,Mobile App,129,178.92,23220.0,139.32,23080.68,,0.0,16818.4,False,0,0.0,129
T000087089,2026-02-16,P003,S03,Value Seeker,Physical Store,24,1846.82,43200.0,0.0,43200.0,,0.0,1798.9,False,6,11080.92,24
T000087090,2026-02-16,P004,S03,Value Seeker,Mobile App,13,37668.28,494000.0,4312.36,489687.64,,0.0,1090.0,False,0,0.0,13
T000087091,2026-02-16,P005,S03,Value Seeker,Physical Store,46,6401.41,299000.0,4535.14,294464.86,,0.0,1132.3,False,0,0.0,46
T000087092,2026-02-16,P006,S03,Budget Shopper,Physical Store,58,652.19,37700.0,0.0,37700.0,,0.0,10060.2,False,0,0.0,58
T000087093,2026-02-16,P001,S04,Loyal Regular,Physical Store,0,12575.35,0.0,0.0,0.0,,0.0,0.8,True,0,0.0,43
T000087094,2026-02-16,P002,S04,Budget Shopper,Mobile App,84,180.18,15120.0,0.0,15120.0,,0.0,19790.8,False,0,0.0,84
T000087095,2026-02-16,P003,S04,Loyal Regular,Online,53,1780.12,95400.0,1053.64,94346.36,,0.0,2354.6,False,8,14240.96,53
T000087096,2026-02-16,P004,S04,Value Seeker,Physical Store,5,37612.57,190000.0,1937.15,188062.85,,0.0,109.8,False,0,0.0,5
T000087097,2026-02-16,P005,S04,Occasional Shopper,Physical Store,72,6107.75,468000.0,28242.0,439758.0,Flash Discount,6.54,2977.9,False,0,0.0,72
T000087098,2026-02-16,P006,S04,Budget Shopper,Online,147,640.79,95550.0,1353.87,94196.13,,0.0,9996.8,False,10,6407.9,147
T000087099,2026-02-16,P001,S05,Occasional Shopper,Online,50,12420.55,625000.0,3972.5,621027.5,,0.0,655.1,False,3,37261.65,50
T000087100,2026-02-16,P002,S05,Value Seeker,Mobile App,134,178.9,24120.0,147.4,23972.6,,0.0,15155.6,False,0,0.0,134
T000087101,2026-02-16,P003,S05,Occasional Shopper,Marketplace,29,1816.97,52200.0,0.0,52200.0,,0.0,1259.2,False,5,9084.85,29
T000087102,2026-02-16,P004,S05,Budget Shopper,Mobile App,15,38268.88,570000.0,0.0,570000.0,,0.0,171.6,False,0,0.0,15
T000087103,2026-02-16,P005,S05,Loyal Regular,Online,41,6537.5,266500.0,0.0,266500.0,,0.0,416.0,False,3,19612.5,41
T000087104,2026-02-16,P006,S05,Value Seeker,Physical Store,84,637.0,54600.0,1092.0,53508.0,,0.0,12006.0,False,2,1274.0,84
T000087105,2026-02-16,P001,S06,Value Seeker,Online,32,12362.38,400000.0,4403.84,395596.16,,0.0,781.2,False,1,12362.38,32
T000087106,2026-02-16,P002,S06,Premium Buyer,Online,79,179.41,14220.0,46.61,14173.39,,0.0,21593.3,False,0,0.0,79
T000087107,2026-02-16,P003,S06,Value Seeker,Physical Store,24,1797.42,43200.0,61.92,43138.08,,0.0,3538.7,False,4,7189.68,24
T000087108,2026-02-16,P004,S06,Premium Buyer,Physical Store,10,38393.41,380000.0,0.0,380000.0,,0.0,571.1,False,0,0.0,10
T000087109,2026-02-16,P005,S06,Budget Shopper,Online,80,6081.44,520000.0,33484.8,486515.2,Flash Discount,7.4,2021.4,False,2,12162.88,80
T000087110,2026-02-16,P006,S06,Occasional Shopper,Mobile App,106,650.81,68900.0,0.0,68900.0,,0.0,24727.5,False,2,1301.62,106
T000087111,2026-02-16,P001,S07,Loyal Regular,Online,49,12412.0,612500.0,4312.0,608188.0,,0.0,2487.8,False,2,24824.0,49
T000087112,2026-02-16,P002,S07,Premium Buyer,Marketplace,61,176.79,10980.0,195.81,10784.19,,0.0,23184.0,False,0,0.0,61
T000087113,2026-02-16,P003,S07,Value Seeker,Physical Store,20,1802.32,36000.0,0.0,36000.0,,0.0,6648.5,False,1,1802.32,20
T000087114,2026-02-16,P004,S07,Loyal Regular,Mobile App,11,37062.38,418000.0,10313.82,407686.18,,0.0,490.1,False,1,37062.38,11
T000087115,2026-02-16,P005,S07,Occasional Shopper,Physical Store,24,6638.7,156000.0,0.0,156000.0,,0.0,3245.2,False,0,0.0,24
T000087116,2026-02-16,P006,S07,Occasional Shopper,Online,48,649.81,31200.0,9.12,31190.88,,0.0,14025.6,False,3,1949.43,48
T000087117,2026-02-16,P001,S08,Value Seeker,Physical Store,76,12248.15,950000.0,19140.6,930859.4,,0.0,2777.3,False,1,12248.15,76
T000087118,2026-02-16,P002,S08,Budget Shopper,Physical Store,64,181.96,11520.0,0.0,11520.0,,0.0,18452.2,False,1,181.96,64
T000087119,2026-02-16,P003,S08,Value Seeker,Mobile App,20,1813.52,36000.0,0.0,36000.0,,0.0,2991.5,False,4,7254.08,20
T000087120,2026-02-16,P004,S08,Loyal Regular,Mobile App,11,38044.07,418000.0,0.0,418000.0,,0.0,1061.7,False,0,0.0,11
T000087121,2026-02-16,P005,S08,Value Seeker,Physical Store,27,6463.66,175500.0,981.18,174518.82,,0.0,2495.1,False,1,6463.66,27
T000087122,2026-02-16,P006,S08,Premium Buyer,Online,118,657.81,76700.0,0.0,76700.0,,0.0,13882.8,False,4,2631.24,118
T000087123,2026-02-17,P002,S01,Loyal Regular,Physical Store,132,165.65,23760.0,1894.2,21865.8,Flash Discount,8.95,23852.4,False,2,331.3,132
T000087124,2026-02-17,P003,S01,Value Seeker,Online,111,1801.1,199800.0,0.0,199800.0,,0.0,487.3,False,12,21613.2,111
T000087125,2026-02-17,P004,S01,Value Seeker,Mobile App,18,37918.18,684000.0,1472.76,682527.24,,0.0,142.5,False,1,37918.18,18
T000087126,2026-02-17,P005,S01,Budget Shopper,Marketplace,19,6562.17,123500.0,0.0,123500.0,,0.0,146.7,False,0,0.0,19
T000087127,2026-02-17,P001,S02,Occasional Shopper,Physical Store,121,12500.55,1512500.0,0.0,1512500.0,,0.0,366.8,False,5,62502.75,121
T000087128,2026-02-17,P002,S02,Value Seeker,Physical Store,115,179.17,20700.0,95.45,20604.55,,0.0,12906.1,False,1,179.17,115
T000087129,2026-02-17,P003,S02,Premium Buyer,Physical Store,51,1787.91,91800.0,616.59,91183.41,,0.0,507.4,False,7,12515.37,51
T000087130,2026-02-17,P004,S02,Budget Shopper,Mobile App,10,38041.39,380000.0,0.0,380000.0,,0.0,223.2,False,0,0.0,10
T000087131,2026-02-17,P005,S02,Budget Shopper,Online,87,6537.92,565500.0,0.0,565500.0,,0.0,1376.3,False,0,0.0,87
T000087132,2026-02-17,P006,S02,Value Seeker,Online,83,644.1,53950.0,489.7,53460.3,,0.0,18711.8,False,5,3220.5,83
T000087133,2026-02-17,P002,S03,Value Seeker,Physical Store,80,179.73,14400.0,21.6,14378.4,,0.0,16689.4,False,1,179.73,80
T000087134,2026-02-17,P003,S03,Value Seeker,Online,18,1799.87,32400.0,2.34,32397.66,,0.0,1978.4,False,3,5399.61,18
T000087135,2026-02-17,P004,S03,Premium Buyer,Online,13,37958.44,494000.0,540.28,493459.72,,0.0,1077.0,False,0,0.0,13
T000087136,2026-02-17,P005,S03,Value Seeker,Online,71,6471.1,461500.0,2051.9,459448.1,,0.0,1086.3,False,4,25884.4,71
T000087137,2026-02-17,P006,S03,Loyal Regular,Physical Store,51,651.31,33150.0,0.0,33150.0,,0.0,10002.2,False,0,0.0,51
T000087138,2026-02-17,P001,S04,Value Seeker,Physical Store,0,12531.02,0.0,0.0,0.0,,0.0,0.8,True,0,0.0,60
T000087139,2026-02-17,P002,S04,Value Seeker,Online,84,179.96,15120.0,3.36,15116.64,,0.0,19706.8,False,0,0.0,84
T000087140,2026-02-17,P003,S04,Budget Shopper,Physical Store,13,1811.83,23400.0,0.0,23400.0,,0.0,2588.9,False,0,0.0,13
T000087141,2026-02-17,P004,S04,Budget Shopper,Online,12,37840.02,456000.0,1919.76,454080.24,,0.0,203.2,False,1,37840.02,12
T000087142,2026-02-17,P005,S04,Loyal Regular,Online,62,6484.12,403000.0,984.56,402015.44,,0.0,2905.9,False,4,25936.48,62
T000087143,2026-02-17,P006,S04,Budget Shopper,Physical Store,113,641.02,73450.0,1014.74,72435.26,,0.0,10513.2,False,4,2564.08,113
T000087144,2026-02-17,P001,S05,Value Seeker,Physical Store,55,12614.05,687500.0,0.0,687500.0,,0.0,605.1,False,1,12614.05,55
T000087145,2026-02-17,P002,S05,Loyal Regular,Physical Store,124,177.45,22320.0,316.2,22003.8,,0.0,16128.4,False,0,0.0,124
T000087146,2026-02-17,P003,S05,Budget Shopper,Online,28,1778.33,50400.0,606.76,49793.24,,0.0,1230.2,False,4,7113.32,28
T000087147,2026-02-17,P004,S05,Occasional Shopper,Physical Store,15,37398.71,570000.0,9019.35,560980.65,,0.0,156.6,False,0,0.0,15
T000087148,2026-02-17,P005,S05,Value Seeker,Physical Store,37,6457.34,240500.0,1578.42,238921.58,,0.0,375.0,False,0,0.0,37
T000087149,2026-02-17,P006,S05,Value Seeker,Online,34,642.04,22100.0,270.64,21829.36,,0.0,11922.0,False,0,0.0,34
T000087150,2026-02-17,P001,S06,Budget Shopper,Marketplace,24,12486.22,300000.0,330.72,299669.28,,0.0,749.2,False,1,12486.22,24
T000087151,2026-02-17,P002,S06,Budget Shopper,Physical Store,61,182.19,10980.0,0.0,10980.0,,0.0,21514.3,False,0,0.0,61
T000087152,2026-02-17,P003,S06,Premium Buyer,Physical Store,18,1817.81,32400.0,0.0,32400.0,,0.0,3947.2,False,4,7271.24,18
T000087153,2026-02-17,P005,S06,Budget Shopper,Physical Store,80,6516.96,520000.0,0.0,520000.0,,0.0,1941.4,False,3,19550.88,80
T000087154,2026-02-17,P006,S06,Occasional Shopper,Mobile App,66,646.42,42900.0,236.28,42663.72,,0.0,25648.8,False,3,1939.26,66
T000087155,2026-02-17,P001,S07,Budget Shopper,Online,24,12524.7,300000.0,0.0,300000.0,,0.0,2438.8,False,1,12524.7,24
T000087156,2026-02-17,P002,S07,Budget Shopper,Online,104,179.55,18720.0,46.8,18673.2,,0.0,23123.0,False,1,179.55,104
T000087157,2026-02-17,P003,S07,Value Seeker,Online,21,1795.03,37800.0,104.37,37695.63,,0.0,6936.5,False,1,1795.03,21
T000087158,2026-02-17,P004,S07,Budget Shopper,Online,11,37840.95,418000.0,1749.55,416250.45,,0.0,479.1,False,0,0.0,11
T000087159,2026-02-17,P005,S07,Premium Buyer,Physical Store,21,6559.77,136500.0,0.0,136500.0,,0.0,3221.2,False,1,6559.77,21
T000087160,2026-02-17,P006,S07,Value Seeker,Physical Store,89,648.81,57850.0,105.91,57744.09,,0.0,13977.6,False,2,1297.62,89
T000087161,2026-02-17,P001,S08,Premium Buyer,Mobile App,51,12761.78,637500.0,0.0,637500.0,,0.0,2701.3,False,0,0.0,51
T000087162,2026-02-17,P002,S08,Budget Shopper,Mobile App,31,178.36,5580.0,50.84,5529.16,,0.0,19084.4,False,1,178.36,31
T000087163,2026-02-17,P003,S08,Occasional Shopper,Online,16,1798.84,28800.0,18.56,28781.44,,0.0,2971.5,False,3,5396.52,16
T000087164,2026-02-17,P004,S08,Occasional Shopper,Online,14,37993.16,532000.0,95.76,531904.24,,0.0,1050.7,False,0,0.0,14
T000087165,2026-02-17,P005,S08,Loyal Regular,Marketplace,49,6406.56,318500.0,4578.56,313921.44,,0.0,2772.7,False,2,12813.12,49
T000087166,2026-02-17,P006,S08,Occasional Shopper,Mobile App,58,648.47,37700.0,88.74,37611.26,,0.0,13764.8,False,3,1945.41,58
T000087167,2026-02-18,P001,S01,Loyal Regular,Physical Store,76,12238.0,950000.0,19912.0,930088.0,,0.0,96.2,False,6,73428.0,76
T000087168,2026-02-18,P002,S01,Premium Buyer,Marketplace,56,176.95,10080.0,170.8,9909.2,,0.0,23720.4,False,0,0.0,56
T000087169,2026-02-18,P003,S01,Occasional Shopper,Online,40,1786.79,72000.0,528.4,71471.6,,0.0,376.3,False,6,10720.74,40
T000087170,2026-02-18,P004,S01,Occasional Shopper,Online,13,37650.9,494000.0,4538.3,489461.7,,0.0,124.5,False,0,0.0,13
T000087171,2026-02-18,P005,S01,Budget Shopper,Physical Store,127,5591.27,825500.0,115408.71,710091.29,Flash Discount,13.61,127.7,True,5,27956.35,157
T000087172,2026-02-18,P006,S01,Value Seeker,Physical Store,179,649.49,116350.0,91.29,116258.71,,0.0,15185.1,False,2,1298.98,179
T000087173,2026-02-18,P001,S02,Loyal Regular,Physical Store,126,12632.76,1575000.0,0.0,1575000.0,,0.0,619.3,False,6,75796.56,126
T000087174,2026-02-18,P002,S02,Budget Shopper,Online,51,181.85,9180.0,0.0,9180.0,,0.0,12791.1,False,1,181.85,51
T000087175,2026-02-18,P003,S02,Value Seeker,Marketplace,30,1795.08,54000.0,147.6,53852.4,,0.0,849.5,False,2,3590.16,30
T000087176,2026-02-18,P004,S02,Value Seeker,Online,12,37756.17,456000.0,2925.96,453074.04,,0.0,213.2,False,0,0.0,12
T000087177,2026-02-18,P005,S02,Value Seeker,Physical Store,37,6555.94,240500.0,0.0,240500.0,,0.0,1289.3,False,1,6555.94,37
T000087178,2026-02-18,P006,S02,Budget Shopper,Mobile App,73,645.01,47450.0,364.27,47085.73,,0.0,19635.8,False,1,645.01,73
T000087179,2026-02-18,P001,S03,Value Seeker,Physical Store,72,12575.96,900000.0,0.0,900000.0,,0.0,649.1,False,0,0.0,72
T000087180,2026-02-18,P002,S03,Budget Shopper,Online,84,180.35,15120.0,0.0,15120.0,,0.0,16609.4,False,0,0.0,84
T000087181,2026-02-18,P003,S03,Occasional Shopper,Physical Store,57,1797.93,102600.0,117.99,102482.01,,0.0,2191.2,False,5,8989.65,57
T000087182,2026-02-18,P004,S03,Occasional Shopper,Online,19,38192.35,722000.0,0.0,722000.0,,0.0,1064.0,False,0,0.0,19
T000087183,2026-02-18,P005,S03,Loyal Regular,Physical Store,63,6495.77,409500.0,266.49,409233.51,,0.0,1015.3,False,2,12991.54,63
T000087184,2026-02-18,P006,S03,Value Seeker,Online,47,650.42,30550.0,0.0,30550.0,,0.0,10738.8,False,2,1300.84,47
T000087185,2026-02-18,P001,S04,Value Seeker,Physical Store,0,12388.52,0.0,0.0,0.0,,0.0,0.8,True,0,0.0,37
T000087186,2026-02-18,P002,S04,Value Seeker,Physical Store,124,180.62,22320.0,0.0,22320.0,,0.0,20934.3,False,0,0.0,124
T000087187,2026-02-18,P003,S04,Premium Buyer,Physical Store,14,1796.74,25200.0,45.64,25154.36,,0.0,2983.1,False,1,1796.74,14
T000087188,2026-02-18,P004,S04,Loyal Regular,Online,9,37360.17,342000.0,5758.47,336241.53,,0.0,191.2,False,1,37360.17,9
T000087189,2026-02-18,P005,S04,Value Seeker,Online,31,6465.8,201500.0,1060.2,200439.8,,0.0,2843.9,False,1,6465.8,31
T000087190,2026-02-18,P006,S04,Premium Buyer,Physical Store,159,649.4,103350.0,95.4,103254.6,,0.0,10400.2,False,14,9091.6,159
T000087191,2026-02-18,P001,S05,Premium Buyer,Online,42,12644.63,525000.0,0.0,525000.0,,0.0,550.1,False,2,25289.26,42
T000087192,2026-02-18,P002,S05,Loyal Regular,Physical Store,148,181.4,26640.0,0.0,26640.0,,0.0,16004.4,False,1,181.4,148
T000087193,2026-02-18,P003,S05,Value Seeker,Online,32,1763.87,57600.0,1156.16,56443.84,,0.0,1202.2,False,5,8819.35,32
T000087194,2026-02-18,P004,S05,Budget Shopper,Physical Store,10,37989.61,380000.0,103.9,379896.1,,0.0,141.6,False,0,0.0,10
T000087195,2026-02-18,P005,S05,Occasional Shopper,Physical Store,69,6515.61,448500.0,0.0,448500.0,,0.0,520.8,False,0,0.0,69
T000087196,2026-02-18,P006,S05,Budget Shopper,Physical Store,81,646.72,52650.0,265.68,52384.32,,0.0,11888.0,False,1,646.72,81
T000087197,2026-02-18,P001,S06,Premium Buyer,Online,14,12516.63,175000.0,0.0,175000.0,,0.0,725.2,False,2,25033.26,14
T000087198,2026-02-18,P002,S06,Value Seeker,Physical Store,156,183.76,28080.0,0.0,28080.0,,0.0,21453.3,False,1,183.76,156
T000087199,2026-02-18,P003,S06,Value Seeker,Marketplace,14,1781.43,25200.0,259.98,24940.02,,0.0,3929.2,False,3,5344.29,14
T000087200,2026-02-18,P004,S06,Budget Shopper,Physical Store,9,37920.6,342000.0,714.6,341285.4,,0.0,561.1,False,0,0.0,9
T000087201,2026-02-18,P005,S06,Premium Buyer,Physical Store,45,6512.47,292500.0,0.0,292500.0,,0.0,1861.4,False,5,32562.35,45
T000087202,2026-02-18,P006,S06,Premium Buyer,Physical Store,70,650.74,45500.0,0.0,45500.0,,0.0,25582.8,False,3,1952.22,70
T000087203,2026-02-18,P001,S07,Occasional Shopper,Online,49,12352.77,612500.0,7214.27,605285.73,,0.0,2414.8,False,1,12352.77,49
T000087204,2026-02-18,P002,S07,Loyal Regular,Physical Store,49,179.86,8820.0,6.86,8813.14,,0.0,24039.6,False,0,0.0,49
T000087205,2026-02-18,P003,S07,Premium Buyer,Online,31,1827.33,55800.0,0.0,55800.0,,0.0,6915.5,False,2,3654.66,31
T000087206,2026-02-18,P004,S07,Loyal Regular,Online,13,38327.78,494000.0,0.0,494000.0,,0.0,563.0,False,0,0.0,13
T000087207,2026-02-18,P005,S07,Loyal Regular,Physical Store,47,6604.93,305500.0,0.0,305500.0,,0.0,3434.5,False,1,6604.93,47
T000087208,2026-02-18,P006,S07,Premium Buyer,Marketplace,90,654.37,58500.0,0.0,58500.0,,0.0,14912.8,False,2,1308.74,90
T000087209,2026-02-18,P001,S08,Loyal Regular,Physical Store,20,12414.63,250000.0,1707.4,248292.6,,0.0,2650.3,False,2,24829.26,20
T000087210,2026-02-18,P002,S08,Value Seeker,Physical Store,106,181.45,19080.0,0.0,19080.0,,0.0,20039.0,False,1,181.45,106
T000087211,2026-02-18,P003,S08,Value Seeker,Online,26,1804.55,46800.0,0.0,46800.0,,0.0,3202.3,False,1,1804.55,26
T000087212,2026-02-18,P004,S08,Value Seeker,Online,5,38200.61,190000.0,0.0,190000.0,,0.0,1036.7,False,1,38200.61,5
T000087213,2026-02-18,P005,S08,Loyal Regular,Online,37,6620.81,240500.0,0.0,240500.0,,0.0,2723.7,False,2,13241.62,37
T000087214,2026-02-18,P006,S08,Occasional Shopper,Physical Store,66,657.89,42900.0,0.0,42900.0,,0.0,13706.8,False,4,2631.56,66
T000087215,2026-02-19,P001,S01,Value Seeker,Online,20,12782.47,250000.0,0.0,250000.0,,0.0,20.2,True,1,12782.47,128
T000087216,2026-02-19,P002,S01,Value Seeker,Physical Store,85,180.59,15300.0,0.0,15300.0,,0.0,24539.0,False,0,0.0,85
T000087217,2026-02-19,P003,S01,Budget Shopper,Physical Store,41,1835.99,73800.0,0.0,73800.0,,0.0,336.3,False,5,9179.95,41
T000087218,2026-02-19,P004,S01,Budget Shopper,Physical Store,11,38465.76,418000.0,0.0,418000.0,,0.0,111.5,False,0,0.0,11
T000087219,2026-02-19,P005,S01,Premium Buyer,Mobile App,0,6596.29,0.0,0.0,0.0,,0.0,0.7,True,0,0.0,67
T000087220,2026-02-19,P006,S01,Value Seeker,Online,153,646.58,99450.0,523.26,98926.74,,0.0,16121.0,False,6,3879.48,153
T000087221,2026-02-19,P001,S02,Budget Shopper,Physical Store,131,12268.15,1637500.0,30372.35,1607127.65,,0.0,841.0,False,6,73608.9,131
T000087222,2026-02-19,P002,S02,Budget Shopper,Physical Store,226,180.07,40680.0,0.0,40680.0,,0.0,13593.1,False,2,360.14,226
T000087223,2026-02-19,P003,S02,Premium Buyer,Physical Store,20,1818.4,36000.0,0.0,36000.0,,0.0,1160.1,False,1,1818.4,20
T000087224,2026-02-19,P004,S02,Loyal Regular,Physical Store,7,37766.27,266000.0,1636.11,264363.89,,0.0,201.2,False,0,0.0,7
T000087225,2026-02-19,P005,S02,Occasional Shopper,Marketplace,83,6649.23,539500.0,0.0,539500.0,,0.0,1746.9,False,0,0.0,83
T000087226,2026-02-19,P006,S02,Premium Buyer,Physical Store,204,656.09,132600.0,0.0,132600.0,,0.0,19562.8,False,4,2624.36,204
T000087227,2026-02-19,P001,S03,Occasional Shopper,Physical Store,52,12477.51,650000.0,1169.48,648830.52,,0.0,577.1,False,4,49910.04,52
T000087228,2026-02-19,P002,S03,Occasional Shopper,Mobile App,134,178.31,24120.0,226.46,23893.54,,0.0,17181.9,False,1,178.31,134
T000087229,2026-02-19,P003,S03,Value Seeker,Online,14,1788.15,25200.0,165.9,25034.1,,0.0,2134.2,False,0,0.0,14
T000087230,2026-02-19,P004,S03,Occasional Shopper,Physical Store,22,38605.81,836000.0,0.0,836000.0,,0.0,1045.0,False,1,38605.81,22
T000087231,2026-02-19,P005,S03,Budget Shopper,Physical Store,33,6461.17,214500.0,1281.39,213218.61,,0.0,1284.5,False,1,6461.17,33
T000087232,2026-02-19,P006,S03,Budget Shopper,Physical Store,55,654.11,35750.0,0.0,35750.0,,0.0,11237.0,False,3,1962.33,55
T000087233,2026-02-19,P001,S04,Value Seeker,Online,25,12565.45,312500.0,0.0,312500.0,,0.0,307.4,False,1,12565.45,25
T000087234,2026-02-19,P002,S04,Loyal Regular,Mobile App,85,179.88,15300.0,10.2,15289.8,,0.0,20810.3,False,1,179.88,85
T000087235,2026-02-19,P003,S04,Value Seeker,Physical Store,23,1813.15,41400.0,0.0,41400.0,,0.0,3223.7,False,8,14505.2,23
T000087236,2026-02-19,P004,S04,Value Seeker,Physical Store,14,37940.23,532000.0,836.78,531163.22,,0.0,182.2,False,0,0.0,14
T000087237,2026-02-19,P005,S04,Budget Shopper,Online,79,6516.87,513500.0,0.0,513500.0,,0.0,2812.9,False,3,19550.61,79
T000087238,2026-02-19,P006,S04,Loyal Regular,Online,59,653.63,38350.0,0.0,38350.0,,0.0,11133.0,False,2,1307.26,59
T000087239,2026-02-19,P001,S05,Loyal Regular,Mobile App,55,12327.74,687500.0,9474.3,678025.7,,0.0,508.1,False,3,36983.22,55
T000087240,2026-02-19,P002,S05,Value Seeker,Online,97,177.47,17460.0,245.41,17214.59,,0.0,15856.4,False,1,177.47,97
T000087241,2026-02-19,P003,S05,Occasional Shopper,Physical Store,35,1824.31,63000.0,0.0,63000.0,,0.0,1170.2,False,7,12770.17,35
T000087242,2026-02-19,P004,S05,Loyal Regular,Physical Store,13,37623.05,494000.0,4900.35,489099.65,,0.0,131.6,False,0,0.0,13
T000087243,2026-02-19,P005,S05,Premium Buyer,Online,47,6498.32,305500.0,78.96,305421.04,,0.0,451.8,False,0,0.0,47
T000087244,2026-02-19,P006,S05,Loyal Regular,Online,80,646.67,52000.0,266.4,51733.6,,0.0,12242.7,False,4,2586.68,80
T000087245,2026-02-19,P001,S06,Budget Shopper,Online,34,12530.68,425000.0,0.0,425000.0,,0.0,711.2,False,2,25061.36,34
T000087246,2026-02-19,P002,S06,Occasional Shopper,Marketplace,107,177.48,19260.0,269.64,18990.36,,0.0,21297.3,False,0,0.0,107
T000087247,2026-02-19,P003,S06,Occasional Shopper,Online,13,1809.95,23400.0,0.0,23400.0,,0.0,4272.8,False,0,0.0,13
T000087248,2026-02-19,P004,S06,Loyal Regular,Physical Store,6,37327.57,228000.0,4034.58,223965.42,,0.0,552.1,False,0,0.0,6
T000087249,2026-02-19,P005,S06,Occasional Shopper,Physical Store,23,6440.42,149500.0,1370.34,148129.66,,0.0,2027.5,False,0,0.0,23
T000087250,2026-02-19,P006,S06,Budget Shopper,Marketplace,40,636.14,26000.0,554.4,25445.6,,0.0,25512.8,False,0,0.0,40
T000087251,2026-02-19,P001,S07,Loyal Regular,Online,95,12385.53,1187500.0,10874.65,1176625.35,,0.0,2365.8,False,2,24771.06,95
T000087252,2026-02-19,P002,S07,Loyal Regular,Mobile App,45,174.74,8100.0,236.7,7863.3,,0.0,23990.6,False,0,0.0,45
T000087253,2026-02-19,P003,S07,Budget Shopper,Physical Store,18,1800.04,32400.0,0.0,32400.0,,0.0,7149.2,False,3,5400.12,18
T000087254,2026-02-19,P004,S07,Premium Buyer,Physical Store,12,38802.69,456000.0,0.0,456000.0,,0.0,550.0,False,0,0.0,12
T000087255,2026-02-19,P005,S07,Budget Shopper,Mobile App,14,6409.75,91000.0,1263.5,89736.5,,0.0,3628.0,False,0,0.0,14
T000087256,2026-02-19,P006,S07,Loyal Regular,Mobile App,101,654.25,65650.0,0.0,65650.0,,0.0,14822.8,False,8,5234.0,101
T000087257,2026-02-19,P001,S08,Budget Shopper,Physical Store,48,12556.32,600000.0,0.0,600000.0,,0.0,2630.3,False,3,37668.96,48
T000087258,2026-02-19,P002,S08,Value Seeker,Marketplace,69,180.8,12420.0,0.0,12420.0,,0.0,20691.2,False,0,0.0,69
T000087259,2026-02-19,P003,S08,Occasional Shopper,Mobile App,11,1776.87,19800.0,254.43,19545.57,,0.0,3176.3,False,1,1776.87,11
T000087260,2026-02-19,P004,S08,Premium Buyer,Marketplace,5,38325.14,190000.0,0.0,190000.0,,0.0,1031.7,False,0,0.0,5
T000087261,2026-02-19,P005,S08,Value Seeker,Physical Store,26,6482.56,169000.0,453.44,168546.56,,0.0,3052.9,False,2,12965.12,26
T000087262,2026-02-19,P006,S08,Budget Shopper,Physical Store,70,641.52,45500.0,593.6,44906.4,,0.0,13640.8,False,1,641.52,70
T000087263,2026-02-20,P001,S01,Value Seeker,Mobile App,0,12559.92,0.0,0.0,0.0,,0.0,0.2,True,0,0.0,73
T000087264,2026-02-20,P002,S01,Occasional Shopper,Marketplace,144,181.45,25920.0,0.0,25920.0,,0.0,24454.0,False,0,0.0,144
T000087265,2026-02-20,P003,S01,Loyal Regular,Physical Store,50,1817.12,90000.0,0.0,90000.0,,0.0,295.3,False,6,10902.72,50
T000087266,2026-02-20,P004,S01,Value Seeker,Online,11,38790.52,418000.0,0.0,418000.0,,0.0,100.5,False,0,0.0,11
T000087267,2026-02-20,P005,S01,Occasional Shopper,Physical Store,0,6599.24,0.0,0.0,0.0,,0.0,0.7,True,0,0.0,148
T000087268,2026-02-20,P006,S01,Loyal Regular,Marketplace,147,643.09,95550.0,1015.77,94534.23,,0.0,15968.0,False,3,1929.27,147
T000087269,2026-02-20,P001,S02,Occasional Shopper,Online,96,12214.6,1200000.0,27398.4,1172601.6,,0.0,710.0,False,4,48858.4,96
T000087270,2026-02-20,P002,S02,Occasional Shopper,Mobile App,79,180.83,14220.0,0.0,14220.0,,0.0,14078.9,False,1,180.83,79
T000087271,2026-02-20,P003,S02,Loyal Regular,Physical Store,61,1839.78,109800.0,0.0,109800.0,,0.0,1140.1,False,10,18397.8,61
T000087272,2026-02-20,P004,S02,Value Seeker,Mobile App,10,38171.86,380000.0,0.0,380000.0,,0.0,194.2,False,0,0.0,10
T000087273,2026-02-20,P005,S02,Loyal Regular,Marketplace,83,6426.5,539500.0,6100.5,533399.5,,0.0,1663.9,False,5,32132.5,83
T000087274,2026-02-20,P006,S02,Budget Shopper,Online,103,642.19,66950.0,804.43,66145.57,,0.0,20124.6,False,4,2568.76,103
T000087275,2026-02-20,P001,S03,Premium Buyer,Physical Store,210,12356.26,2625000.0,30185.4,2594814.6,,0.0,831.0,False,6,74137.56,210
T000087276,2026-02-20,P002,S03,Premium Buyer,Online,179,181.16,32220.0,0.0,32220.0,,0.0,17692.9,False,1,181.16,179
T000087277,2026-02-20,P003,S03,Value Seeker,Physical Store,47,1804.17,84600.0,0.0,84600.0,,0.0,2120.2,False,7,12629.19,47
T000087278,2026-02-20,P004,S03,Occasional Shopper,Marketplace,38,38126.74,1444000.0,0.0,1444000.0,,0.0,1023.0,False,0,0.0,38
T000087279,2026-02-20,P005,S03,Loyal Regular,Online,85,6537.53,552500.0,0.0,552500.0,,0.0,1251.5,False,2,13075.06,85
T000087280,2026-02-20,P006,S03,Loyal Regular,Online,76,645.03,49400.0,377.72,49022.28,,0.0,11182.0,False,3,1935.09,76
T000087281,2026-02-20,P001,S04,Occasional Shopper,Online,55,12387.87,687500.0,6167.15,681332.85,,0.0,282.4,False,3,37163.61,55
T000087282,2026-02-20,P002,S04,Premium Buyer,Online,77,182.27,13860.0,0.0,13860.0,,0.0,21775.2,False,1,182.27,77
T000087283,2026-02-20,P003,S04,Loyal Regular,Physical Store,32,1787.21,57600.0,409.28,57190.72,,0.0,3520.4,False,9,16084.89,32
T000087284,2026-02-20,P004,S04,Loyal Regular,Mobile App,7,38004.99,266000.0,0.0,266000.0,,0.0,168.2,False,0,0.0,7
T000087285,2026-02-20,P005,S04,Value Seeker,Physical Store,71,6476.77,461500.0,1649.33,459850.67,,0.0,2733.9,False,5,32383.85,71
T000087286,2026-02-20,P006,S04,Occasional Shopper,Online,115,647.54,74750.0,282.9,74467.1,,0.0,11074.0,False,4,2590.16,115
T000087287,2026-02-20,P001,S05,Premium Buyer,Mobile App,34,12547.78,425000.0,0.0,425000.0,,0.0,453.1,False,2,25095.56,34
T000087288,2026-02-20,P002,S05,Value Seeker,Online,93,182.96,16740.0,0.0,16740.0,,0.0,16934.1,False,0,0.0,93
T000087289,2026-02-20,P003,S05,Value Seeker,Physical Store,43,1807.34,77400.0,0.0,77400.0,,0.0,1468.7,False,3,5422.02,43
T000087290,2026-02-20,P004,S05,Premium Buyer,Physical Store,11,37395.2,418000.0,6652.8,411347.2,,0.0,118.6,False,0,0.0,11
T000087291,2026-02-20,P005,S05,Value Seeker,Online,38,6486.74,247000.0,503.88,246496.12,,0.0,404.8,False,1,6486.74,38
T000087292,2026-02-20,P006,S05,Loyal Regular,Physical Store,67,648.13,43550.0,125.29,43424.71,,0.0,12747.1,False,1,648.13,67
T000087293,2026-02-20,P001,S06,Value Seeker,Physical Store,19,12657.03,237500.0,0.0,237500.0,,0.0,677.2,False,0,0.0,19
T000087294,2026-02-20,P002,S06,Budget Shopper,Physical Store,39,179.57,7020.0,16.77,7003.23,,0.0,21190.3,False,0,0.0,39
T000087295,2026-02-20,P003,S06,Budget Shopper,Mobile App,10,1808.25,18000.0,0.0,18000.0,,0.0,4259.8,False,1,1808.25,10
T000087296,2026-02-20,P004,S06,Value Seeker,Physical Store,6,37698.94,228000.0,1806.36,226193.64,,0.0,638.2,False,0,0.0,6
T000087297,2026-02-20,P005,S06,Value Seeker,Online,53,6476.21,344500.0,1260.87,343239.13,,0.0,2004.5,False,5,32381.05,53
T000087298,2026-02-20,P006,S06,Value Seeker,Online,83,644.41,53950.0,463.97,53486.03,,0.0,26306.3,False,1,644.41,83
T000087299,2026-02-20,P001,S07,Value Seeker,Physical Store,26,12380.5,325000.0,3107.0,321893.0,,0.0,2646.8,False,3,37141.5,26
T000087300,2026-02-20,P002,S07,Premium Buyer,Online,182,181.49,32760.0,0.0,32760.0,,0.0,23945.6,False,1,181.49,182
T000087301,2026-02-20,P003,S07,Premium Buyer,Mobile App,12,1774.52,21600.0,305.76,21294.24,,0.0,7131.2,False,4,7098.08,12
T000087302,2026-02-20,P004,S07,Value Seeker,Online,11,37469.13,418000.0,5839.57,412160.43,,0.0,538.0,False,2,74938.26,11
T000087303,2026-02-20,P005,S07,Loyal Regular,Physical Store,43,6464.64,279500.0,1520.48,277979.52,,0.0,3614.0,False,2,12929.28,43
T000087304,2026-02-20,P006,S07,Budget Shopper,Online,40,655.25,26000.0,0.0,26000.0,,0.0,15362.0,False,1,655.25,40
T000087305,2026-02-20,P001,S08,Value Seeker,Physical Store,71,12378.48,887500.0,8627.92,878872.08,,0.0,2935.9,False,5,61892.4,71
T000087306,2026-02-20,P002,S08,Loyal Regular,Physical Store,60,181.37,10800.0,0.0,10800.0,,0.0,21360.3,False,0,0.0,60
T000087307,2026-02-20,P003,S08,Premium Buyer,Physical Store,15,1825.8,27000.0,0.0,27000.0,,0.0,3165.3,False,1,1825.8,15
T000087308,2026-02-20,P004,S08,Premium Buyer,Online,11,37899.44,418000.0,1106.16,416893.84,,0.0,1026.7,False,0,0.0,11
T000087309,2026-02-20,P005,S08,Value Seeker,Physical Store,55,6505.49,357500.0,0.0,357500.0,,0.0,3026.9,False,2,13010.98,55
T000087310,2026-02-20,P006,S08,Loyal Regular,Online,64,649.94,41600.0,3.84,41596.16,,0.0,14273.3,False,0,0.0,64
T000087311,2026-02-21,P001,S01,Value Seeker,Online,0,12470.2,0.0,0.0,0.0,,0.0,0.2,True,0,0.0,141
T000087312,2026-02-21,P002,S01,Value Seeker,Marketplace,239,177.78,43020.0,530.58,42489.42,,0.0,24310.0,False,2,355.56,239
T000087313,2026-02-21,P003,S01,Loyal Regular,Online,119,1804.21,214200.0,0.0,214200.0,,0.0,623.5,False,13,23454.73,119
T000087314,2026-02-21,P004,S01,Budget Shopper,Online,33,37544.36,1254000.0,15036.12,1238963.88,,0.0,192.6,False,3,112633.08,33
T000087315,2026-02-21,P005,S01,Premium Buyer,Mobile App,0,6552.24,0.0,0.0,0.0,,0.0,0.7,True,0,0.0,118
T000087316,2026-02-21,P006,S01,Value Seeker,Physical Store,225,648.07,146250.0,434.25,145815.75,,0.0,16478.4,False,6,3888.42,225
T000087317,2026-02-21,P001,S02,Premium Buyer,Physical Store,81,12386.73,1012500.0,9174.87,1003325.13,,0.0,614.0,False,4,49546.92,81
T000087318,2026-02-21,P002,S02,Budget Shopper,Marketplace,120,177.71,21600.0,274.8,21325.2,,0.0,14634.7,False,0,0.0,120
T000087319,2026-02-21,P003,S02,Premium Buyer,Online,69,1788.43,124200.0,798.33,123401.67,,0.0,1079.1,False,13,23249.59,69
T000087320,2026-02-21,P004,S02,Loyal Regular,Physical Store,15,37705.37,570000.0,4419.45,565580.55,,0.0,184.2,False,2,75410.74,15
T000087321,2026-02-21,P005,S02,Loyal Regular,Marketplace,81,6492.65,526500.0,595.35,525904.65,,0.0,1580.9,False,2,12985.3,81
T000087322,2026-02-21,P006,S02,Budget Shopper,Mobile App,97,653.12,63050.0,0.0,63050.0,,0.0,20798.0,False,6,3918.72,97
T000087323,2026-02-21,P001,S03,Occasional Shopper,Physical Store,105,12428.29,1312500.0,7529.55,1304970.45,,0.0,621.0,False,3,37284.87,105
T000087324,2026-02-21,P002,S03,Budget Shopper,Physical Store,127,178.38,22860.0,205.74,22654.26,,0.0,18542.2,False,0,0.0,127
T000087325,2026-02-21,P003,S03,Value Seeker,Online,39,1768.48,70200.0,1229.28,68970.72,,0.0,2073.2,False,2,3536.96,39
T000087326,2026-02-21,P004,S03,Value Seeker,Online,22,37763.52,836000.0,5202.56,830797.44,,0.0,985.0,False,0,0.0,22
T000087327,2026-02-21,P005,S03,Loyal Regular,Physical Store,125,6486.31,812500.0,1711.25,810788.75,,0.0,1166.5,False,4,25945.24,125
T000087328,2026-02-21,P006,S03,Occasional Shopper,Mobile App,136,655.86,88400.0,0.0,88400.0,,0.0,11775.9,False,2,1311.72,136
T000087329,2026-02-21,P001,S04,Occasional Shopper,Mobile App,105,12440.45,1312500.0,6252.75,1306247.25,,0.0,227.4,False,7,87083.15,105
T000087330,2026-02-21,P002,S04,Budget Shopper,Mobile App,112,180.23,20160.0,0.0,20160.0,,0.0,22635.1,False,2,360.46,112
T000087331,2026-02-21,P003,S04,Occasional Shopper,Physical Store,87,1798.66,156600.0,116.58,156483.42,,0.0,3488.4,False,16,28778.56,87
T000087332,2026-02-21,P004,S04,Occasional Shopper,Mobile App,24,37942.87,912000.0,1371.12,910628.88,,0.0,161.2,False,0,0.0,24
T000087333,2026-02-21,P005,S04,Occasional Shopper,Online,46,6579.44,299000.0,0.0,299000.0,,0.0,2662.9,False,1,6579.44,46
T000087334,2026-02-21,P006,S04,Premium Buyer,Physical Store,84,645.19,54600.0,404.04,54195.96,,0.0,10959.0,False,4,2580.76,84
T000087335,2026-02-21,P001,S05,Value Seeker,Online,55,12622.41,687500.0,0.0,687500.0,,0.0,419.1,False,1,12622.41,55
T000087336,2026-02-21,P002,S05,Value Seeker,Physical Store,152,180.0,27360.0,0.0,27360.0,,0.0,17732.5,False,0,0.0,152
T000087337,2026-02-21,P003,S05,Budget Shopper,Physical Store,36,1796.2,64800.0,136.8,64663.2,,0.0,1837.0,False,4,7184.8,36
T000087338,2026-02-21,P004,S05,Value Seeker,Online,13,38696.81,494000.0,0.0,494000.0,,0.0,107.6,False,0,0.0,13
T000087339,2026-02-21,P005,S05,Value Seeker,Online,46,6578.66,299000.0,0.0,299000.0,,0.0,638.3,False,2,13157.32,46
T000087340,2026-02-21,P006,S05,Premium Buyer,Online,109,553.51,70850.0,10517.41,60332.59,Flash Discount,13.84,12680.1,False,5,2767.55,109
T000087341,2026-02-21,P001,S06,Value Seeker,Physical Store,57,12422.79,712500.0,4400.97,708099.03,,0.0,658.2,False,3,37268.37,57
T000087342,2026-02-21,P002,S06,Occasional Shopper,Physical Store,78,174.26,14040.0,447.72,13592.28,,0.0,21151.3,False,1,174.26,78
T000087343,2026-02-21,P003,S06,Premium Buyer,Marketplace,62,1770.93,111600.0,1802.34,109797.66,,0.0,4652.3,False,8,14167.44,62
T000087344,2026-02-21,P004,S06,Budget Shopper,Physical Store,6,37732.3,228000.0,1606.2,226393.8,,0.0,632.2,False,0,0.0,6
T000087345,2026-02-21,P005,S06,Premium Buyer,Physical Store,30,6533.58,195000.0,0.0,195000.0,,0.0,1951.5,False,2,13067.16,30
T000087346,2026-02-21,P006,S06,Budget Shopper,Marketplace,180,651.57,117000.0,0.0,117000.0,,0.0,27532.5,False,13,8470.41,180
T000087347,2026-02-21,P001,S07,Value Seeker,Physical Store,55,12451.42,687500.0,2671.9,684828.1,,0.0,2620.8,False,2,24902.84,55
T000087348,2026-02-21,P002,S07,Loyal Regular,Physical Store,150,180.35,27000.0,0.0,27000.0,,0.0,24780.7,False,0,0.0,150
T000087349,2026-02-21,P003,S07,Premium Buyer,Physical Store,25,1617.1,45000.0,4572.5,40427.5,Flash Discount,10.3,7119.2,False,3,4851.3,25
T000087350,2026-02-21,P004,S07,Premium Buyer,Physical Store,10,37762.05,380000.0,2379.5,377620.5,,0.0,527.0,False,1,37762.05,10
T000087351,2026-02-21,P005,S07,Premium Buyer,Mobile App,20,6491.17,130000.0,176.6,129823.4,,0.0,3738.8,False,0,0.0,20
T000087352,2026-02-21,P006,S07,Value Seeker,Physical Store,124,646.74,80600.0,404.24,80195.76,,0.0,16138.9,False,3,1940.22,124
T000087353,2026-02-21,P001,S08,Loyal Regular,Mobile App,49,12337.52,612500.0,7961.52,604538.48,,0.0,2864.9,False,2,24675.04,49
T000087354,2026-02-21,P002,S08,Premium Buyer,Online,76,180.2,13680.0,0.0,13680.0,,0.0,22078.2,False,0,0.0,76
T000087355,2026-02-21,P003,S08,Loyal Regular,Physical Store,10,1803.89,18000.0,0.0,18000.0,,0.0,3150.3,False,0,0.0,10
T000087356,2026-02-21,P004,S08,Value Seeker,Marketplace,12,38341.87,456000.0,0.0,456000.0,,0.0,1015.7,False,0,0.0,12
T000087357,2026-02-21,P005,S08,Value Seeker,Mobile App,22,6449.5,143000.0,1111.0,141889.0,,0.0,3377.3,False,0,0.0,22
T000087358,2026-02-21,P006,S08,Budget Shopper,Online,98,651.31,63700.0,0.0,63700.0,,0.0,15338.2,False,4,2605.24,98
T000087359,2026-02-22,P001,S01,Value Seeker,Physical Store,0,12507.93,0.0,0.0,0.0,,0.0,0.2,True,0,0.0,136
T000087360,2026-02-22,P002,S01,Value Seeker,Physical Store,110,180.08,19800.0,0.0,19800.0,,0.0,24071.0,False,0,0.0,110
T000087361,2026-02-22,P003,S01,Loyal Regular,Marketplace,132,1796.53,237600.0,458.04,237141.96,,0.0,887.8,False,6,10779.18,132
T000087362,2026-02-22,P004,S01,Loyal Regular,Online,20,36806.97,760000.0,23860.6,736139.4,,0.0,159.6,False,0,0.0,20
T000087363,2026-02-22,P005,S01,Value Seeker,Physical Store,0,6465.24,0.0,0.0,0.0,,0.0,0.7,True,0,0.0,60
T000087364,2026-02-22,P006,S01,Occasional Shopper,Physical Store,187,646.33,121550.0,686.29,120863.71,,0.0,16253.4,False,5,3231.65,187
T000087365,2026-02-22,P001,S02,Budget Shopper,Mobile App,53,12569.42,662500.0,0.0,662500.0,,0.0,865.3,False,2,25138.84,53
T000087366,2026-02-22,P002,S02,Loyal Regular,Online,123,182.58,22140.0,0.0,22140.0,,0.0,15432.9,False,2,365.16,123
T000087367,2026-02-22,P003,S02,Budget Shopper,Marketplace,97,1829.45,174600.0,0.0,174600.0,,0.0,1346.7,False,13,23782.85,97
T000087368,2026-02-22,P004,S02,Loyal Regular,Mobile App,11,37781.89,418000.0,2399.21,415600.79,,0.0,169.2,False,0,0.0,11
T000087369,2026-02-22,P005,S02,Budget Shopper,Online,60,6578.05,390000.0,0.0,390000.0,,0.0,1499.9,False,1,6578.05,60
T000087370,2026-02-22,P006,S02,Value Seeker,Online,157,650.4,102050.0,0.0,102050.0,,0.0,20701.0,False,3,1951.2,157
T000087371,2026-02-22,P001,S03,Budget Shopper,Marketplace,96,12308.5,1200000.0,18384.0,1181616.0,,0.0,827.9,False,7,86159.5,96
T000087372,2026-02-22,P002,S03,Loyal Regular,Online,155,179.87,27900.0,20.15,27879.85,,0.0,18415.2,False,0,0.0,155
T000087373,2026-02-22,P003,S03,Value Seeker,Online,36,1815.84,64800.0,0.0,64800.0,,0.0,2034.2,False,4,7263.36,36
T000087374,2026-02-22,P004,S03,Budget Shopper,Physical Store,48,37639.51,1824000.0,17303.52,1806696.48,,0.0,963.0,False,0,0.0,48
T000087375,2026-02-22,P005,S03,Loyal Regular,Online,73,6513.63,474500.0,0.0,474500.0,,0.0,1451.2,False,11,71649.93,73
T000087376,2026-02-22,P006,S03,Value Seeker,Online,105,643.8,68250.0,651.0,67599.0,,0.0,11639.9,False,5,3219.0,105
T000087377,2026-02-22,P001,S04,Loyal Regular,Marketplace,48,12519.73,600000.0,0.0,600000.0,,0.0,419.0,False,2,25039.46,48
T000087378,2026-02-22,P002,S04,Value Seeker,Online,132,178.81,23760.0,157.08,23602.92,,0.0,22523.1,False,1,178.81,132
T000087379,2026-02-22,P003,S04,Loyal Regular,Physical Store,28,1784.3,50400.0,439.6,49960.4,,0.0,3739.1,False,6,10705.8,28
T000087380,2026-02-22,P004,S04,Budget Shopper,Online,14,37585.03,532000.0,5809.58,526190.42,,0.0,239.0,False,0,0.0,14
T000087381,2026-02-22,P005,S04,Premium Buyer,Online,63,6544.07,409500.0,0.0,409500.0,,0.0,2616.9,False,1,6544.07,63
T000087382,2026-02-22,P006,S04,Budget Shopper,Mobile App,125,645.65,81250.0,543.75,80706.25,,0.0,10875.0,False,6,3873.9,125
T000087383,2026-02-22,P001,S05,Value Seeker,Physical Store,87,12581.59,1087500.0,0.0,1087500.0,,0.0,364.1,False,7,88071.13,87
T000087384,2026-02-22,P002,S05,Value Seeker,Mobile App,157,179.85,28260.0,23.55,28236.45,,0.0,18594.0,False,1,179.85,157
T000087385,2026-02-22,P003,S05,Loyal Regular,Physical Store,65,1817.85,117000.0,0.0,117000.0,,0.0,1801.0,False,2,3635.7,65
T000087386,2026-02-22,P004,S05,Loyal Regular,Physical Store,14,37209.35,532000.0,11069.1,520930.9,,0.0,94.6,False,1,37209.35,14
T000087387,2026-02-22,P005,S05,Loyal Regular,Physical Store,53,6547.62,344500.0,0.0,344500.0,,0.0,592.3,False,1,6547.62,53
T000087388,2026-02-22,P006,S05,Loyal Regular,Physical Store,29,648.15,18850.0,53.65,18796.35,,0.0,12571.1,False,0,0.0,29
T000087389,2026-02-22,P001,S06,Occasional Shopper,Mobile App,38,12607.72,475000.0,0.0,475000.0,,0.0,601.2,False,0,0.0,38
T000087390,2026-02-22,P002,S06,Budget Shopper,Online,77,181.31,13860.0,0.0,13860.0,,0.0,21073.3,False,0,0.0,77
T000087391,2026-02-22,P003,S06,Loyal Regular,Physical Store,61,1769.45,109800.0,1863.55,107936.45,,0.0,4590.3,False,6,10616.7,61
T000087392,2026-02-22,P004,S06,Budget Shopper,Marketplace,12,37820.94,456000.0,2148.72,453851.28,,0.0,626.2,False,0,0.0,12
T000087393,2026-02-22,P005,S06,Loyal Regular,Physical Store,100,6587.23,650000.0,0.0,650000.0,,0.0,2210.3,False,5,32936.15,100
T000087394,2026-02-22,P006,S06,Value Seeker,Online,180,641.31,117000.0,1564.2,115435.8,,0.0,27352.5,False,4,2565.24,180
T000087395,2026-02-22,P001,S07,Value Seeker,Online,19,12318.01,237500.0,3457.81,234042.19,,0.0,2565.8,False,2,24636.02,19
T000087396,2026-02-22,P002,S07,Loyal Regular,Online,110,181.59,19800.0,0.0,19800.0,,0.0,25370.5,False,0,0.0,110
T000087397,2026-02-22,P003,S07,Loyal Regular,Physical Store,75,1564.32,135000.0,17676.0,117324.0,Flash Discount,13.69,7094.2,False,15,23464.8,75
T000087398,2026-02-22,P004,S07,Value Seeker,Mobile App,13,37435.66,494000.0,7336.42,486663.58,,0.0,664.9,False,2,74871.32,13
T000087399,2026-02-22,P005,S07,Loyal Regular,Online,18,6466.27,117000.0,607.14,116392.86,,0.0,3718.8,False,0,0.0,18
T000087400,2026-02-22,P006,S07,Loyal Regular,Physical Store,69,652.87,44850.0,0.0,44850.0,,0.0,17047.4,False,3,1958.61,69
T000087401,2026-02-22,P001,S08,Budget Shopper,Marketplace,36,12369.45,450000.0,4699.8,445300.2,,0.0,3107.8,False,1,12369.45,36
T000087402,2026-02-22,P002,S08,Premium Buyer,Marketplace,93,178.16,16740.0,171.12,16568.88,,0.0,22977.9,False,0,0.0,93
T000087403,2026-02-22,P003,S08,Budget Shopper,Marketplace,23,1783.37,41400.0,382.49,41017.51,,0.0,3521.5,False,4,7133.48,23
T000087404,2026-02-22,P004,S08,Value Seeker,Online,8,37974.89,304000.0,200.88,303799.12,,0.0,1003.7,False,1,37974.89,8
T000087405,2026-02-22,P005,S08,Value Seeker,Physical Store,34,6462.85,221000.0,1263.1,219736.9,,0.0,3355.3,False,1,6462.85,34
T000087406,2026-02-22,P006,S08,Value Seeker,Online,117,650.34,76050.0,0.0,76050.0,,0.0,16152.7,False,2,1300.68,117
T000087407,2026-02-23,P001,S01,Loyal Regular,Physical Store,0,12390.62,0.0,0.0,0.0,,0.0,0.2,True,0,0.0,197
T000087408,2026-02-23,P002,S01,Loyal Regular,Physical Store,145,184.76,26100.0,0.0,26100.0,,0.0,25160.3,False,0,0.0,145
T000087409,2026-02-23,P003,S01,Occasional Shopper,Online,73,1781.83,131400.0,1326.41,130073.59,,0.0,755.8,False,15,26727.45,73
T000087410,2026-02-23,P004,S01,Value Seeker,Physical Store,38,38664.38,1444000.0,0.0,1444000.0,,0.0,139.6,False,1,38664.38,38
T000087411,2026-02-23,P005,S01,Value Seeker,Online,0,6470.12,0.0,0.0,0.0,,0.0,0.7,True,0,0.0,61
T000087412,2026-02-23,P006,S01,Value Seeker,Physical Store,97,650.42,63050.0,0.0,63050.0,,0.0,16066.4,False,4,2601.68,97
T000087413,2026-02-23,P001,S02,Premium Buyer,Physical Store,121,12494.08,1512500.0,716.32,1511783.68,,0.0,812.3,False,4,49976.32,121
T000087414,2026-02-23,P002,S02,Budget Shopper,Online,41,181.3,7380.0,0.0,7380.0,,0.0,15309.9,False,1,181.3,41
T000087415,2026-02-23,P003,S02,Loyal Regular,Online,34,1796.96,61200.0,103.36,61096.64,,0.0,1643.1,False,4,7187.84,34
T000087416,2026-02-23,P004,S02,Budget Shopper,Online,9,37427.03,342000.0,5156.73,336843.27,,0.0,158.2,False,0,0.0,9
T000087417,2026-02-23,P005,S02,Premium Buyer,Physical Store,125,6579.77,812500.0,0.0,812500.0,,0.0,1747.3,False,0,0.0,125
T000087418,2026-02-23,P006,S02,Occasional Shopper,Mobile App,142,658.73,92300.0,0.0,92300.0,,0.0,20544.0,False,4,2634.92,142
T000087419,2026-02-23,P001,S03,Occasional Shopper,Physical Store,119,12449.2,1487500.0,6045.2,1481454.8,,0.0,731.9,False,10,124492.0,119
T000087420,2026-02-23,P002,S03,Occasional Shopper,Online,53,178.99,9540.0,53.53,9486.47,,0.0,19306.8,False,0,0.0,53
T000087421,2026-02-23,P003,S03,Budget Shopper,Mobile App,63,1753.24,113400.0,2945.88,110454.12,,0.0,2309.0,False,7,12272.68,63
T000087422,2026-02-23,P004,S03,Budget Shopper,Marketplace,10,37692.9,380000.0,3071.0,376929.0,,0.0,915.0,False,1,37692.9,10
T000087423,2026-02-23,P005,S03,Loyal Regular,Physical Store,81,6576.3,526500.0,0.0,526500.0,,0.0,1782.0,False,3,19728.9,81
T000087424,2026-02-23,P006,S03,Value Seeker,Online,102,652.33,66300.0,0.0,66300.0,,0.0,11534.9,False,2,1304.66,102
T000087425,2026-02-23,P001,S04,Budget Shopper,Mobile App,46,12372.76,575000.0,5853.04,569146.96,,0.0,371.0,False,2,24745.52,46
T000087426,2026-02-23,P002,S04,Occasional Shopper,Online,92,178.89,16560.0,102.12,16457.88,,0.0,22391.1,False,1,178.89,92
T000087427,2026-02-23,P003,S04,Budget Shopper,Physical Store,24,1799.27,43200.0,17.52,43182.48,,0.0,3711.1,False,1,1799.27,24
T000087428,2026-02-23,P004,S04,Value Seeker,Online,21,38507.4,798000.0,0.0,798000.0,,0.0,225.0,False,1,38507.4,21
T000087429,2026-02-23,P005,S04,Loyal Regular,Physical Store,67,6401.75,435500.0,6582.75,428917.25,,0.0,2553.9,False,3,19205.25,67
T000087430,2026-02-23,P006,S04,Budget Shopper,Physical Store,153,658.44,99450.0,0.0,99450.0,,0.0,11740.7,False,4,2633.76,153
T000087431,2026-02-23,P001,S05,Budget Shopper,Mobile App,21,12369.59,262500.0,2738.61,259761.39,,0.0,277.1,False,0,0.0,21
T000087432,2026-02-23,P002,S05,Budget Shopper,Physical Store,98,182.85,17640.0,0.0,17640.0,,0.0,18437.0,False,0,0.0,98
T000087433,2026-02-23,P003,S05,Value Seeker,Online,38,1810.53,68400.0,0.0,68400.0,,0.0,1736.0,False,6,10863.18,38
T000087434,2026-02-23,P004,S05,Value Seeker,Physical Store,19,32062.28,722000.0,112816.68,609183.32,Flash Discount,14.97,80.6,False,1,32062.28,19
T000087435,2026-02-23,P005,S05,Budget Shopper,Online,36,6462.43,234000.0,1352.52,232647.48,,0.0,539.3,False,1,6462.43,36
T000087436,2026-02-23,P001,S06,Value Seeker,Mobile App,81,12520.98,1012500.0,0.0,1012500.0,,0.0,563.2,False,6,75125.88,81
T000087437,2026-02-23,P002,S06,Premium Buyer,Physical Store,141,181.46,25380.0,0.0,25380.0,,0.0,20996.3,False,1,181.46,141
T000087438,2026-02-23,P003,S06,Value Seeker,Online,17,1808.13,30600.0,0.0,30600.0,,0.0,4983.4,False,3,5424.39,17
T000087439,2026-02-23,P004,S06,Value Seeker,Physical Store,6,38815.87,228000.0,0.0,228000.0,,0.0,614.2,False,1,38815.87,6
T000087440,2026-02-23,P006,S06,Loyal Regular,Marketplace,152,651.24,98800.0,0.0,98800.0,,0.0,28607.9,False,4,2604.96,152
T000087441,2026-02-23,P001,S07,Loyal Regular,Physical Store,111,12487.51,1387500.0,1386.39,1386113.61,,0.0,2546.8,False,6,74925.06,111
T000087442,2026-02-23,P002,S07,Value Seeker,Physical Store,62,183.55,11160.0,0.0,11160.0,,0.0,25260.5,False,0,0.0,62
T000087443,2026-02-23,P003,S07,Premium Buyer,Physical Store,10,1802.03,18000.0,0.0,18000.0,,0.0,7019.2,False,0,0.0,10
T000087444,2026-02-23,P004,S07,Premium Buyer,Online,8,37768.23,304000.0,1854.16,302145.84,,0.0,743.0,False,0,0.0,8
T000087445,2026-02-23,P005,S07,Occasional Shopper,Physical Store,20,6584.36,130000.0,0.0,130000.0,,0.0,4015.8,False,0,0.0,20
T000087446,2026-02-23,P006,S07,Occasional Shopper,Online,11,651.46,7150.0,0.0,7150.0,,0.0,16978.4,False,1,651.46,11
T000087447,2026-02-23,P001,S08,Occasional Shopper,Online,36,12348.63,450000.0,5449.32,444550.68,,0.0,3071.8,False,2,24697.26,36
T000087448,2026-02-23,P002,S08,Budget Shopper,Physical Store,25,183.32,4500.0,0.0,4500.0,,0.0,23817.7,False,0,0.0,25
T000087449,2026-02-23,P003,S08,Premium Buyer,Physical Store,17,1802.62,30600.0,0.0,30600.0,,0.0,3498.5,False,2,3605.24,17
T000087450,2026-02-23,P004,S08,Value Seeker,Mobile App,9,37840.53,342000.0,1435.23,340564.77,,0.0,1095.1,False,0,0.0,9
T000087451,2026-02-23,P005,S08,Occasional Shopper,Physical Store,18,6462.82,117000.0,669.24,116330.76,,0.0,3321.3,False,0,0.0,18
T000087452,2026-02-23,P006,S08,Value Seeker,Physical Store,90,655.59,58500.0,0.0,58500.0,,0.0,16035.7,False,2,1311.18,90
T000087453,2026-02-24,P001,S01,Value Seeker,Marketplace,71,12686.64,887500.0,0.0,887500.0,,0.0,240.2,False,4,50746.56,71
T000087454,2026-02-24,P002,S01,Loyal Regular,Mobile App,143,181.04,25740.0,0.0,25740.0,,0.0,26178.2,False,1,181.04,143
T000087455,2026-02-24,P003,S01,Value Seeker,Physical Store,71,1785.56,127800.0,1025.24,126774.76,,0.0,682.8,False,11,19641.16,71
T000087456,2026-02-24,P004,S01,Value Seeker,Marketplace,4,37571.69,152000.0,1713.24,150286.76,,0.0,101.6,False,0,0.0,4
T000087457,2026-02-24,P005,S01,Budget Shopper,Online,52,6523.24,338000.0,0.0,338000.0,,0.0,238.5,False,2,13046.48,52
T000087458,2026-02-24,P006,S01,Value Seeker,Physical Store,90,652.83,58500.0,0.0,58500.0,,0.0,16898.2,False,5,3264.15,90
T000087459,2026-02-24,P001,S02,Premium Buyer,Physical Store,133,12624.85,1662500.0,0.0,1662500.0,,0.0,691.3,False,8,100998.8,133
T000087460,2026-02-24,P003,S02,Budget Shopper,Mobile App,111,1799.26,199800.0,82.14,199717.86,,0.0,1609.1,False,16,28788.16,111
T000087461,2026-02-24,P004,S02,Occasional Shopper,Marketplace,16,38608.83,608000.0,0.0,608000.0,,0.0,225.3,False,1,38608.83,16
T000087462,2026-02-24,P005,S02,Loyal Regular,Mobile App,81,6476.75,526500.0,1883.25,524616.75,,0.0,1622.3,False,5,32383.75,81
T000087463,2026-02-24,P006,S02,Value Seeker,Mobile App,133,652.11,86450.0,0.0,86450.0,,0.0,20402.0,False,2,1304.22,133
T000087464,2026-02-24,P001,S03,Value Seeker,Mobile App,115,12326.24,1437500.0,19982.4,1417517.6,,0.0,612.9,False,8,98609.92,115
T000087465,2026-02-24,P002,S03,Premium Buyer,Physical Store,61,183.16,10980.0,0.0,10980.0,,0.0,19253.8,False,0,0.0,61
T000087466,2026-02-24,P003,S03,Budget Shopper,Online,17,1787.91,30600.0,205.53,30394.47,,0.0,2246.0,False,2,3575.82,17
T000087467,2026-02-24,P004,S03,Value Seeker,Physical Store,2,37125.05,76000.0,1749.9,74250.1,,0.0,905.0,False,0,0.0,2
T000087468,2026-02-24,P005,S03,Value Seeker,Physical Store,58,6449.61,377000.0,2922.62,374077.38,,0.0,1920.3,False,2,12899.22,58
T000087469,2026-02-24,P001,S04,Occasional Shopper,Online,38,12439.22,475000.0,2309.64,472690.36,,0.0,325.0,False,1,12439.22,38
T000087470,2026-02-24,P002,S04,Loyal Regular,Physical Store,99,178.73,17820.0,125.73,17694.27,,0.0,22299.1,False,0,0.0,99
T000087471,2026-02-24,P003,S04,Loyal Regular,Online,44,1812.62,79200.0,0.0,79200.0,,0.0,3956.2,False,6,10875.72,44
T000087472,2026-02-24,P004,S04,Loyal Regular,Physical Store,17,38523.17,646000.0,0.0,646000.0,,0.0,204.0,False,0,0.0,17
T000087473,2026-02-24,P005,S04,Loyal Regular,Online,15,6483.08,97500.0,253.8,97246.2,,0.0,2778.9,False,1,6483.08,15
T000087474,2026-02-24,P006,S04,Budget Shopper,Physical Store,119,650.54,77350.0,0.0,77350.0,,0.0,12602.4,False,2,1301.08,119
T000087475,2026-02-24,P001,S05,Loyal Regular,Online,54,12745.83,675000.0,0.0,675000.0,,0.0,256.1,False,2,25491.66,54
T000087476,2026-02-24,P002,S05,Occasional Shopper,Physical Store,156,179.81,28080.0,29.64,28050.36,,0.0,19329.1,False,1,179.81,156
T000087477,2026-02-24,P003,S05,Loyal Regular,Physical Store,29,1816.47,52200.0,0.0,52200.0,,0.0,1698.0,False,8,14531.76,29
T000087478,2026-02-24,P004,S05,Budget Shopper,Online,3,37962.09,114000.0,113.73,113886.27,,0.0,61.6,False,0,0.0,3
T000087479,2026-02-24,P005,S05,Loyal Regular,Mobile App,63,6582.54,409500.0,0.0,409500.0,,0.0,503.3,False,1,6582.54,63
T000087480,2026-02-24,P006,S05,Occasional Shopper,Online,44,658.07,28600.0,0.0,28600.0,,0.0,12542.1,False,2,1316.14,44
T000087481,2026-02-24,P001,S06,Occasional Shopper,Physical Store,99,12368.41,1237500.0,13027.41,1224472.59,,0.0,482.2,False,4,49473.64,99
T000087482,2026-02-24,P002,S06,Loyal Regular,Physical Store,90,181.0,16200.0,0.0,16200.0,,0.0,21831.6,False,0,0.0,90
T000087483,2026-02-24,P003,S06,Loyal Regular,Online,7,1814.13,12600.0,0.0,12600.0,,0.0,4966.4,False,3,5442.39,7
T000087484,2026-02-24,P004,S06,Premium Buyer,Mobile App,9,38204.72,342000.0,0.0,342000.0,,0.0,608.2,False,0,0.0,9
T000087485,2026-02-24,P005,S06,Budget Shopper,Marketplace,16,6503.87,104000.0,0.0,104000.0,,0.0,2110.3,False,0,0.0,16
T000087486,2026-02-24,P006,S06,Value Seeker,Physical Store,160,644.39,104000.0,897.6,103102.4,,0.0,28455.9,False,2,1288.78,160
T000087487,2026-02-24,P001,S07,Value Seeker,Online,34,12503.32,425000.0,0.0,425000.0,,0.0,2684.8,False,2,25006.64,34
T000087488,2026-02-24,P002,S07,Occasional Shopper,Online,54,178.67,9720.0,71.82,9648.18,,0.0,25198.5,False,0,0.0,54
T000087489,2026-02-24,P003,S07,Loyal Regular,Physical Store,8,1845.56,14400.0,0.0,14400.0,,0.0,7009.2,False,0,0.0,8
T000087490,2026-02-24,P004,S07,Value Seeker,Physical Store,7,38149.14,266000.0,0.0,266000.0,,0.0,814.5,False,1,38149.14,7
T000087491,2026-02-24,P005,S07,Premium Buyer,Physical Store,17,6452.91,110500.0,800.53,109699.47,,0.0,4253.3,False,1,6452.91,17
T000087492,2026-02-24,P006,S07,Budget Shopper,Physical Store,55,657.55,35750.0,0.0,35750.0,,0.0,16967.4,False,5,3287.75,55
T000087493,2026-02-24,P001,S08,Occasional Shopper,Online,64,12503.3,800000.0,0.0,800000.0,,0.0,3358.6,False,4,50013.2,64
T000087494,2026-02-24,P002,S08,Loyal Regular,Physical Store,36,181.07,6480.0,0.0,6480.0,,0.0,24389.0,False,1,181.07,36
T000087495,2026-02-24,P003,S08,Value Seeker,Online,14,1794.04,25200.0,83.44,25116.56,,0.0,3481.5,False,1,1794.04,14
T000087496,2026-02-24,P004,S08,Value Seeker,Physical Store,11,37888.29,418000.0,1228.81,416771.19,,0.0,1086.1,False,0,0.0,11
T000087497,2026-02-24,P005,S08,Value Seeker,Online,32,6509.74,208000.0,0.0,208000.0,,0.0,3691.7,False,0,0.0,32
T000087498,2026-02-24,P006,S08,Value Seeker,Marketplace,124,592.67,80600.0,7108.92,73491.08,Flash Discount,9.39,17070.7,False,1,592.67,124
T000087499,2026-02-25,P001,S01,Value Seeker,Mobile App,27,12538.09,337500.0,0.0,337500.0,,0.0,169.2,False,1,12538.09,27
T000087500,2026-02-25,P002,S01,Loyal Regular,Online,206,177.04,37080.0,609.76,36470.24,,0.0,26676.2,False,1,177.04,206
T000087501,2026-02-25,P003,S01,Loyal Regular,Physical Store,57,1800.2,102600.0,0.0,102600.0,,0.0,1010.3,False,4,7200.8,57
T000087502,2026-02-25,P004,S01,Loyal Regular,Mobile App,22,37169.27,836000.0,18276.06,817723.94,,0.0,97.6,False,0,0.0,22
T000087503,2026-02-25,P005,S01,Budget Shopper,Online,62,6498.08,403000.0,119.04,402880.96,,0.0,186.5,False,2,12996.16,62
T000087504,2026-02-25,P006,S01,Occasional Shopper,Physical Store,161,654.46,104650.0,0.0,104650.0,,0.0,16808.2,False,6,3926.76,161
T000087505,2026-02-25,P001,S02,Value Seeker,Online,155,12362.47,1937500.0,21317.15,1916182.85,,0.0,558.3,False,9,111262.23,155
T000087506,2026-02-25,P002,S02,Loyal Regular,Online,98,181.8,17640.0,0.0,17640.0,,0.0,15268.9,False,3,545.4,98
T000087507,2026-02-25,P003,S02,Value Seeker,Physical Store,60,1848.11,108000.0,0.0,108000.0,,0.0,1498.1,False,12,22177.32,60
T000087508,2026-02-25,P004,S02,Value Seeker,Physical Store,14,37744.24,532000.0,3580.64,528419.36,,0.0,209.3,False,0,0.0,14
T000087509,2026-02-25,P006,S02,Budget Shopper,Online,102,646.57,66300.0,349.86,65950.14,,0.0,21085.2,False,2,1293.14,102
T000087510,2026-02-25,P001,S03,Loyal Regular,Physical Store,106,12596.18,1325000.0,0.0,1325000.0,,0.0,497.9,False,4,50384.72,106
T000087511,2026-02-25,P002,S03,Budget Shopper,Mobile App,171,178.96,30780.0,177.84,30602.16,,0.0,19192.8,False,1,178.96,171
T000087512,2026-02-25,P003,S03,Premium Buyer,Online,55,1785.49,99000.0,798.05,98201.95,,0.0,2229.0,False,7,12498.43,55
T000087513,2026-02-25,P004,S03,Premium Buyer,Physical Store,11,37143.24,418000.0,9424.36,408575.64,,0.0,903.0,False,0,0.0,11
T000087514,2026-02-25,P005,S03,Occasional Shopper,Online,106,6613.57,689000.0,0.0,689000.0,,0.0,2159.7,False,3,19840.71,106
T000087515,2026-02-25,P006,S03,Premium Buyer,Physical Store,64,646.82,41600.0,203.52,41396.48,,0.0,11432.9,False,2,1293.64,64
T000087516,2026-02-25,P001,S04,Occasional Shopper,Physical Store,84,11576.33,1050000.0,77588.28,972411.72,Flash Discount,7.49,587.5,False,3,34728.99,84
T000087517,2026-02-25,P002,S04,Occasional Shopper,Physical Store,66,178.84,11880.0,76.56,11803.44,,0.0,22926.7,False,0,0.0,66
T000087518,2026-02-25,P003,S04,Loyal Regular,Physical Store,36,1798.61,64800.0,50.04,64749.96,,0.0,3912.2,False,2,3597.22,36
T000087519,2026-02-25,P004,S04,Loyal Regular,Online,8,37927.63,304000.0,578.96,303421.04,,0.0,187.0,False,0,0.0,8
T000087520,2026-02-25,P005,S04,Value Seeker,Physical Store,20,6553.93,130000.0,0.0,130000.0,,0.0,2763.9,False,1,6553.93,20
T000087521,2026-02-25,P006,S04,Value Seeker,Physical Store,217,644.33,141050.0,1230.39,139819.61,,0.0,12483.4,False,2,1288.66,217
T000087522,2026-02-25,P001,S05,Value Seeker,Mobile App,44,12337.38,550000.0,7155.28,542844.72,,0.0,202.1,False,1,12337.38,44
T000087523,2026-02-25,P002,S05,Budget Shopper,Online,50,184.31,9000.0,0.0,9000.0,,0.0,19173.1,False,0,0.0,50
T000087524,2026-02-25,P003,S05,Budget Shopper,Online,13,1783.9,23400.0,209.3,23190.7,,0.0,1669.0,False,0,0.0,13
T000087525,2026-02-25,P004,S05,Budget Shopper,Physical Store,5,37606.85,190000.0,1965.75,188034.25,,0.0,58.6,False,0,0.0,5
T000087526,2026-02-25,P005,S05,Budget Shopper,Online,56,6474.94,364000.0,1403.36,362596.64,,0.0,440.3,False,4,25899.76,56
T000087527,2026-02-25,P006,S05,Value Seeker,Online,61,640.35,39650.0,588.65,39061.35,,0.0,12498.1,False,2,1280.7,61
T000087528,2026-02-25,P002,S06,Value Seeker,Physical Store,88,178.38,15840.0,142.56,15697.44,,0.0,22641.9,False,0,0.0,88
T000087529,2026-02-25,P003,S06,Premium Buyer,Physical Store,22,1809.68,39600.0,0.0,39600.0,,0.0,5251.6,False,1,1809.68,22
T000087530,2026-02-25,P004,S06,Occasional Shopper,Online,4,37600.79,152000.0,1596.84,150403.16,,0.0,599.2,False,0,0.0,4
T000087531,2026-02-25,P005,S06,Budget Shopper,Online,27,6525.17,175500.0,0.0,175500.0,,0.0,2094.3,False,1,6525.17,27
T000087532,2026-02-25,P006,S06,Value Seeker,Online,70,655.95,45500.0,0.0,45500.0,,0.0,28295.9,False,5,3279.75,70
T000087533,2026-02-25,P001,S07,Premium Buyer,Online,21,12558.05,262500.0,0.0,262500.0,,0.0,2650.8,False,4,50232.2,21
T000087534,2026-02-25,P002,S07,Occasional Shopper,Marketplace,46,181.05,8280.0,0.0,8280.0,,0.0,26225.3,False,0,0.0,46
T000087535,2026-02-25,P003,S07,Value Seeker,Marketplace,9,1806.18,16200.0,0.0,16200.0,,0.0,7296.3,False,1,1806.18,9
T000087536,2026-02-25,P004,S07,Premium Buyer,Physical Store,9,37820.7,342000.0,1613.7,340386.3,,0.0,923.3,False,0,0.0,9
T000087537,2026-02-25,P005,S07,Loyal Regular,Physical Store,24,6412.03,156000.0,2111.28,153888.72,,0.0,4236.3,False,1,6412.03,24
T000087538,2026-02-25,P006,S07,Loyal Regular,Marketplace,64,665.94,41600.0,0.0,41600.0,,0.0,16912.4,False,1,665.94,64
T000087539,2026-02-25,P001,S08,Value Seeker,Physical Store,33,12284.57,412500.0,7109.19,405390.81,,0.0,3294.6,False,2,24569.14,33
T000087540,2026-02-25,P002,S08,Premium Buyer,Physical Store,60,180.21,10800.0,0.0,10800.0,,0.0,24884.8,False,2,360.42,60
T000087541,2026-02-25,P003,S08,Value Seeker,Online,12,1775.27,21600.0,296.76,21303.24,,0.0,3787.8,False,1,1775.27,12
T000087542,2026-02-25,P004,S08,Occasional Shopper,Marketplace,11,38183.62,418000.0,0.0,418000.0,,0.0,1172.3,False,0,0.0,11
T000087543,2026-02-25,P005,S08,Value Seeker,Physical Store,34,6528.4,221000.0,0.0,221000.0,,0.0,3659.7,False,0,0.0,34
T000087544,2026-02-25,P006,S08,Budget Shopper,Physical Store,177,644.32,115050.0,1005.36,114044.64,,0.0,17750.2,False,3,1932.96,177
T000087545,2026-02-26,P001,S01,Premium Buyer,Online,142,12762.08,1775000.0,0.0,1775000.0,,0.0,142.2,True,8,102096.64,196
T000087546,2026-02-26,P002,S01,Occasional Shopper,Online,136,182.73,24480.0,0.0,24480.0,,0.0,26470.2,False,1,182.73,136
T000087547,2026-02-26,P003,S01,Occasional Shopper,Marketplace,63,1791.6,113400.0,529.2,112870.8,,0.0,1308.0,False,7,12541.2,63
T000087548,2026-02-26,P004,S01,Budget Shopper,Online,33,37689.79,1254000.0,10236.93,1243763.07,,0.0,233.0,False,0,0.0,33
T000087549,2026-02-26,P005,S01,Loyal Regular,Physical Store,15,6430.17,97500.0,1047.45,96452.55,,0.0,124.5,False,0,0.0,15
T000087550,2026-02-26,P006,S01,Premium Buyer,Physical Store,99,641.51,64350.0,840.51,63509.49,,0.0,16647.2,False,6,3849.06,99
T000087551,2026-02-26,P001,S02,Budget Shopper,Physical Store,270,12577.2,3375000.0,0.0,3375000.0,,0.0,403.3,False,18,226389.6,270
T000087552,2026-02-26,P002,S02,Value Seeker,Physical Store,61,182.15,10980.0,0.0,10980.0,,0.0,15964.1,False,0,0.0,61
T000087553,2026-02-26,P003,S02,Loyal Regular,Physical Store,68,1800.08,122400.0,0.0,122400.0,,0.0,1715.1,False,3,5400.24,68
T000087554,2026-02-26,P004,S02,Occasional Shopper,Online,5,37022.29,190000.0,4888.55,185111.45,,0.0,195.3,False,1,37022.29,5
T000087555,2026-02-26,P005,S02,Loyal Regular,Mobile App,79,5668.75,513500.0,65668.75,447831.25,Flash Discount,11.98,1541.3,False,6,34012.5,79
T000087556,2026-02-26,P006,S02,Budget Shopper,Physical Store,93,640.7,60450.0,864.9,59585.1,,0.0,20983.2,False,2,1281.4,93
T000087557,2026-02-26,P001,S03,Loyal Regular,Physical Store,98,12292.18,1225000.0,20366.36,1204633.64,,0.0,785.2,False,6,73753.08,98
T000087558,2026-02-26,P002,S03,Budget Shopper,Physical Store,120,181.67,21600.0,0.0,21600.0,,0.0,19021.8,False,1,181.67,120
T000087559,2026-02-26,P003,S03,Value Seeker,Marketplace,25,1807.99,45000.0,0.0,45000.0,,0.0,2174.0,False,7,12655.93,25
T000087560,2026-02-26,P004,S03,Budget Shopper,Mobile App,10,38311.1,380000.0,0.0,380000.0,,0.0,892.0,False,1,38311.1,10
T000087561,2026-02-26,P005,S03,Value Seeker,Marketplace,78,6467.39,507000.0,2543.58,504456.42,,0.0,2053.7,False,1,6467.39,78
T000087562,2026-02-26,P006,S03,Loyal Regular,Physical Store,67,647.11,43550.0,193.63,43356.37,,0.0,12281.7,False,1,647.11,67
T000087563,2026-02-26,P001,S04,Budget Shopper,Physical Store,31,12399.74,387500.0,3108.06,384391.94,,0.0,503.5,False,3,37199.22,31
T000087564,2026-02-26,P002,S04,Value Seeker,Physical Store,83,178.83,14940.0,97.11,14842.89,,0.0,22860.7,False,0,0.0,83
T000087565,2026-02-26,P003,S04,Value Seeker,Mobile App,34,1810.27,61200.0,0.0,61200.0,,0.0,3876.2,False,4,7241.08,34
T000087566,2026-02-26,P004,S04,Budget Shopper,Physical Store,9,38222.42,342000.0,0.0,342000.0,,0.0,179.0,False,0,0.0,9
T000087567,2026-02-26,P005,S04,Occasional Shopper,Marketplace,10,6536.24,65000.0,0.0,65000.0,,0.0,3089.9,False,0,0.0,10
T000087568,2026-02-26,P006,S04,Value Seeker,Online,95,643.44,61750.0,623.2,61126.8,,0.0,12266.4,False,2,1286.88,95
T000087569,2026-02-26,P001,S05,Premium Buyer,Physical Store,24,12313.39,300000.0,4478.64,295521.36,,0.0,158.1,False,4,49253.56,24
T000087570,2026-02-26,P002,S05,Budget Shopper,Physical Store,128,179.95,23040.0,6.4,23033.6,,0.0,19895.1,False,0,0.0,128
T000087571,2026-02-26,P003,S05,Premium Buyer,Physical Store,30,1822.73,54000.0,0.0,54000.0,,0.0,1656.0,False,5,9113.65,30
T000087572,2026-02-26,P004,S05,Premium Buyer,Online,20,37603.72,760000.0,7925.6,752074.4,,0.0,53.6,False,0,0.0,20
T000087573,2026-02-26,P005,S05,Premium Buyer,Online,37,6523.29,240500.0,0.0,240500.0,,0.0,384.3,False,2,13046.58,37
T000087574,2026-02-26,P006,S05,Premium Buyer,Physical Store,62,652.47,40300.0,0.0,40300.0,,0.0,13289.7,False,4,2609.88,62
T000087575,2026-02-26,P001,S06,Value Seeker,Physical Store,86,12498.06,1075000.0,166.84,1074833.16,,0.0,383.2,False,3,37494.18,86
T000087576,2026-02-26,P002,S06,Budget Shopper,Online,66,180.11,11880.0,0.0,11880.0,,0.0,23381.9,False,0,0.0,66
T000087577,2026-02-26,P003,S06,Loyal Regular,Marketplace,11,1819.76,19800.0,0.0,19800.0,,0.0,5229.6,False,0,0.0,11
T000087578,2026-02-26,P004,S06,Premium Buyer,Mobile App,4,37998.38,152000.0,6.48,151993.52,,0.0,595.2,False,0,0.0,4
T000087579,2026-02-26,P005,S06,Occasional Shopper,Online,46,6521.74,299000.0,0.0,299000.0,,0.0,2067.3,False,2,13043.48,46
T000087580,2026-02-26,P006,S06,Budget Shopper,Physical Store,43,643.23,27950.0,291.11,27658.89,,0.0,28225.9,False,0,0.0,43
T000087581,2026-02-26,P001,S07,Premium Buyer,Physical Store,48,12637.65,600000.0,0.0,600000.0,,0.0,2885.6,False,2,25275.3,48
T000087582,2026-02-26,P002,S07,Loyal Regular,Marketplace,65,181.26,11700.0,0.0,11700.0,,0.0,27533.7,False,0,0.0,65
T000087583,2026-02-26,P003,S07,Occasional Shopper,Marketplace,30,1778.17,54000.0,654.9,53345.1,,0.0,7507.3,False,8,14225.36,30
T000087584,2026-02-26,P004,S07,Budget Shopper,Physical Store,9,38567.43,342000.0,0.0,342000.0,,0.0,914.3,False,0,0.0,9
T000087585,2026-02-26,P005,S07,Occasional Shopper,Online,26,6547.48,169000.0,0.0,169000.0,,0.0,4212.3,False,1,6547.48,26
T000087586,2026-02-26,P006,S07,Budget Shopper,Online,113,645.26,73450.0,535.62,72914.38,,0.0,17754.0,False,2,1290.52,113
T000087587,2026-02-26,P001,S08,Value Seeker,Mobile App,77,12595.1,962500.0,0.0,962500.0,,0.0,3261.6,False,3,37785.3,77
T000087588,2026-02-26,P002,S08,Occasional Shopper,Mobile App,81,160.89,14580.0,1547.91,13032.09,Flash Discount,11.32,25623.8,False,1,160.89,81
T000087589,2026-02-26,P004,S08,Occasional Shopper,Marketplace,8,38122.51,304000.0,0.0,304000.0,,0.0,1161.3,False,0,0.0,8
T000087590,2026-02-26,P005,S08,Loyal Regular,Physical Store,22,6468.68,143000.0,689.04,142310.96,,0.0,4030.2,False,2,12937.36,22
T000087591,2026-02-26,P006,S08,Budget Shopper,Mobile App,83,612.71,53950.0,3095.07,50854.93,Flash Discount,5.0,17573.2,False,2,1225.42,83
T000087592,2026-02-27,P001,S01,Premium Buyer,Physical Store,98,12482.88,1225000.0,1677.76,1223322.24,,0.0,317.2,False,1,12482.88,98
T000087593,2026-02-27,P002,S01,Premium Buyer,Online,99,182.55,17820.0,0.0,17820.0,,0.0,27207.2,False,0,0.0,99
T000087594,2026-02-27,P003,S01,Loyal Regular,Physical Store,93,1786.28,167400.0,1275.96,166124.04,,0.0,1245.0,False,15,26794.2,93
T000087595,2026-02-27,P004,S01,Budget Shopper,Physical Store,5,38501.69,190000.0,0.0,190000.0,,0.0,374.0,False,0,0.0,5
T000087596,2026-02-27,P005,S01,Occasional Shopper,Online,89,6532.84,578500.0,0.0,578500.0,,0.0,109.5,False,5,32664.2,89
T000087597,2026-02-27,P006,S01,Occasional Shopper,Physical Store,249,653.85,161850.0,0.0,161850.0,,0.0,17316.5,False,7,4576.95,249
T000087598,2026-02-27,P001,S02,Budget Shopper,Marketplace,90,12427.81,1125000.0,6497.1,1118502.9,,0.0,133.3,False,0,0.0,90
T000087599,2026-02-27,P002,S02,Value Seeker,Marketplace,63,180.23,11340.0,0.0,11340.0,,0.0,15903.1,False,0,0.0,63
T000087600,2026-02-27,P003,S02,Value Seeker,Online,28,1808.0,50400.0,0.0,50400.0,,0.0,1647.1,False,1,1808.0,28
T000087601,2026-02-27,P004,S02,Value Seeker,Online,8,38088.89,304000.0,0.0,304000.0,,0.0,294.8,False,0,0.0,8
T000087602,2026-02-27,P005,S02,Premium Buyer,Online,120,6529.65,780000.0,0.0,780000.0,,0.0,1462.3,False,5,32648.25,120
T000087603,2026-02-27,P006,S02,Loyal Regular,Physical Store,135,653.03,87750.0,0.0,87750.0,,0.0,21850.7,False,3,1959.09,135
T000087604,2026-02-27,P001,S03,Occasional Shopper,Physical Store,87,12488.55,1087500.0,996.15,1086503.85,,0.0,911.8,False,6,74931.3,87
T000087605,2026-02-27,P002,S03,Budget Shopper,Marketplace,115,180.07,20700.0,0.0,20700.0,,0.0,18901.8,False,0,0.0,115
T000087606,2026-02-27,P003,S03,Value Seeker,Mobile App,11,1787.34,19800.0,139.26,19660.74,,0.0,2149.0,False,1,1787.34,11
T000087607,2026-02-27,P004,S03,Occasional Shopper,Physical Store,14,37499.46,532000.0,7007.56,524992.44,,0.0,882.0,False,1,37499.46,14
T000087608,2026-02-27,P005,S03,Occasional Shopper,Marketplace,46,6394.5,299000.0,4853.0,294147.0,,0.0,1975.7,False,3,19183.5,46
T000087609,2026-02-27,P006,S03,Loyal Regular,Online,76,649.16,49400.0,63.84,49336.16,,0.0,12214.7,False,3,1947.48,76
T000087610,2026-02-27,P001,S04,Loyal Regular,Online,23,12376.55,287500.0,2839.35,284660.65,,0.0,642.8,False,1,12376.55,23
T000087611,2026-02-27,P002,S04,Value Seeker,Physical Store,63,178.11,11340.0,119.07,11220.93,,0.0,22777.7,False,0,0.0,63
T000087612,2026-02-27,P003,S04,Premium Buyer,Marketplace,29,1800.09,52200.0,0.0,52200.0,,0.0,4279.7,False,1,1800.09,29
T000087613,2026-02-27,P004,S04,Occasional Shopper,Mobile App,6,38277.68,228000.0,0.0,228000.0,,0.0,170.0,False,0,0.0,6
T000087614,2026-02-27,P005,S04,Occasional Shopper,Physical Store,37,6467.12,240500.0,1216.56,239283.44,,0.0,3079.9,False,1,6467.12,37
T000087615,2026-02-27,P006,S04,Occasional Shopper,Marketplace,55,653.73,35750.0,0.0,35750.0,,0.0,12171.4,False,1,653.73,55
T000087616,2026-02-27,P001,S05,Premium Buyer,Physical Store,43,12654.23,537500.0,0.0,537500.0,,0.0,134.1,False,3,37962.69,43
T000087617,2026-02-27,P002,S05,Premium Buyer,Physical Store,105,183.05,18900.0,0.0,18900.0,,0.0,20500.0,False,1,183.05,105
T000087618,2026-02-27,P003,S05,Premium Buyer,Online,28,1801.73,50400.0,0.0,50400.0,,0.0,1626.0,False,1,1801.73,28
T000087619,2026-02-27,P004,S05,Occasional Shopper,Online,16,38492.43,608000.0,0.0,608000.0,,0.0,33.6,False,1,38492.43,16
T000087620,2026-02-27,P005,S05,Premium Buyer,Physical Store,5,6364.73,32500.0,676.35,31823.65,,0.0,347.3,False,0,0.0,5
T000087621,2026-02-27,P006,S05,Occasional Shopper,Mobile App,39,651.28,25350.0,0.0,25350.0,,0.0,13227.7,False,1,651.28,39
T000087622,2026-02-27,P001,S06,Occasional Shopper,Mobile App,48,12462.54,600000.0,1798.08,598201.92,,0.0,582.1,False,2,24925.08,48
T000087623,2026-02-27,P002,S06,Occasional Shopper,Marketplace,24,177.7,4320.0,55.2,4264.8,,0.0,23959.5,False,0,0.0,24
T000087624,2026-02-27,P003,S06,Budget Shopper,Mobile App,15,1786.62,27000.0,200.7,26799.3,,0.0,5218.6,False,1,1786.62,15
T000087625,2026-02-27,P004,S06,Occasional Shopper,Mobile App,9,38143.8,342000.0,0.0,342000.0,,0.0,686.2,False,0,0.0,9
T000087626,2026-02-27,P005,S06,Premium Buyer,Physical Store,67,6448.36,435500.0,3459.88,432040.12,,0.0,2257.6,False,2,12896.72,67
T000087627,2026-02-27,P006,S06,Occasional Shopper,Physical Store,111,640.72,72150.0,1030.08,71119.92,,0.0,29080.4,False,5,3203.6,111
T000087628,2026-02-27,P001,S07,Budget Shopper,Online,31,12584.28,387500.0,0.0,387500.0,,0.0,2837.6,False,3,37752.84,31
T000087629,2026-02-27,P002,S07,Loyal Regular,Online,201,180.94,36180.0,0.0,36180.0,,0.0,28208.6,False,1,180.94,201
T000087630,2026-02-27,P003,S07,Budget Shopper,Online,11,1792.99,19800.0,77.11,19722.89,,0.0,7477.3,False,1,1792.99,11
T000087631,2026-02-27,P004,S07,Premium Buyer,Physical Store,17,38127.63,646000.0,0.0,646000.0,,0.0,905.3,False,1,38127.63,17
T000087632,2026-02-27,P005,S07,Occasional Shopper,Online,47,6559.38,305500.0,0.0,305500.0,,0.0,4186.3,False,1,6559.38,47
T000087633,2026-02-27,P006,S07,Premium Buyer,Online,27,649.88,17550.0,3.24,17546.76,,0.0,18508.9,False,0,0.0,27
T000087634,2026-02-27,P001,S08,Budget Shopper,Physical Store,81,12539.24,1012500.0,0.0,1012500.0,,0.0,3431.5,False,1,12539.24,81
T000087635,2026-02-27,P002,S08,Value Seeker,Online,58,180.41,10440.0,0.0,10440.0,,0.0,25542.8,False,0,0.0,58
T000087636,2026-02-27,P003,S08,Loyal Regular,Mobile App,18,1761.02,32400.0,701.64,31698.36,,0.0,3775.8,False,0,0.0,18
T000087637,2026-02-27,P004,S08,Budget Shopper,Online,12,38049.27,456000.0,0.0,456000.0,,0.0,1153.3,False,0,0.0,12
T000087638,2026-02-27,P005,S08,Occasional Shopper,Physical Store,46,6474.85,299000.0,1156.9,297843.1,,0.0,4008.2,False,0,0.0,46
T000087639,2026-02-27,P006,S08,Occasional Shopper,Physical Store,67,645.85,43550.0,278.05,43271.95,,0.0,17490.2,False,3,1937.55,67
T000087640,2026-02-28,P001,S01,Budget Shopper,Physical Store,192,12329.85,2400000.0,32668.8,2367331.2,,0.0,219.2,False,9,110968.65,192
T000087641,2026-02-28,P002,S01,Loyal Regular,Physical Store,143,178.94,25740.0,151.58,25588.42,,0.0,27108.2,False,0,0.0,143
T000087642,2026-02-28,P003,S01,Value Seeker,Online,45,1765.65,81000.0,1545.75,79454.25,,0.0,1152.0,False,6,10593.9,45
T000087643,2026-02-28,P004,S01,Budget Shopper,Physical Store,61,38177.5,2318000.0,0.0,2318000.0,,0.0,530.9,False,3,114532.5,61
T000087644,2026-02-28,P005,S01,Budget Shopper,Online,20,6561.02,130000.0,0.0,130000.0,,0.0,20.5,True,2,13122.04,111
T000087645,2026-02-28,P006,S01,Occasional Shopper,Online,118,651.16,76700.0,0.0,76700.0,,0.0,17933.9,False,3,1953.48,118
T000087646,2026-02-28,P001,S02,Value Seeker,Online,43,12613.66,537500.0,0.0,537500.0,,0.0,43.3,True,4,50454.64,71
T000087647,2026-02-28,P002,S02,Occasional Shopper,Online,112,182.2,20160.0,0.0,20160.0,,0.0,15840.1,False,1,182.2,112
T000087648,2026-02-28,P003,S02,Loyal Regular,Marketplace,134,1785.09,241200.0,1997.94,239202.06,,0.0,1619.1,False,14,24991.26,134
T000087649,2026-02-28,P004,S02,Value Seeker,Online,11,37721.77,418000.0,3060.53,414939.47,,0.0,286.8,False,2,75443.54,11
T000087650,2026-02-28,P005,S02,Loyal Regular,Physical Store,97,6488.23,630500.0,1141.69,629358.31,,0.0,1342.3,False,4,25952.92,97
T000087651,2026-02-28,P006,S02,Premium Buyer,Marketplace,254,651.13,165100.0,0.0,165100.0,,0.0,22365.2,False,11,7162.43,254
T000087652,2026-02-28,P001,S03,Value Seeker,Online,207,12461.33,2587500.0,8004.69,2579495.31,,0.0,1079.0,False,5,62306.65,207
T000087653,2026-02-28,P002,S03,Budget Shopper,Marketplace,68,178.34,12240.0,112.88,12127.12,,0.0,18786.8,False,0,0.0,68
T000087654,2026-02-28,P003,S03,Premium Buyer,Physical Store,76,1621.81,136800.0,13542.44,123257.56,Flash Discount,10.64,2469.1,False,7,11352.67,76
T000087655,2026-02-28,P004,S03,Budget Shopper,Online,7,38078.03,266000.0,0.0,266000.0,,0.0,868.0,False,0,0.0,7
T000087656,2026-02-28,P005,S03,Loyal Regular,Mobile App,31,6483.24,201500.0,519.56,200980.44,,0.0,2250.7,False,1,6483.24,31
T000087657,2026-02-28,P006,S03,Loyal Regular,Online,122,661.6,79300.0,0.0,79300.0,,0.0,12645.1,False,1,661.6,122
T000087658,2026-02-28,P001,S04,Loyal Regular,Physical Store,50,12693.46,625000.0,0.0,625000.0,,0.0,911.9,False,4,50773.84,50
T000087659,2026-02-28,P002,S04,Premium Buyer,Online,193,177.98,34740.0,389.86,34350.14,,0.0,22714.7,False,0,0.0,193
T000087660,2026-02-28,P003,S04,Budget Shopper,Physical Store,13,1831.98,23400.0,0.0,23400.0,,0.0,4250.7,False,1,1831.98,13
T000087661,2026-02-28,P004,S04,Budget Shopper,Physical Store,22,38381.54,836000.0,0.0,836000.0,,0.0,164.0,False,0,0.0,22
T000087662,2026-02-28,P005,S04,Loyal Regular,Online,78,6484.22,507000.0,1230.84,505769.16,,0.0,3314.0,False,3,19452.66,78
T000087663,2026-02-28,P006,S04,Budget Shopper,Physical Store,123,643.12,79950.0,846.24,79103.76,,0.0,13400.1,False,2,1286.24,123
T000087664,2026-02-28,P001,S05,Value Seeker,Online,91,12420.74,1137500.0,7212.66,1130287.34,,0.0,91.1,True,5,62103.7,126
T000087665,2026-02-28,P002,S05,Loyal Regular,Online,97,182.07,17460.0,0.0,17460.0,,0.0,21274.1,False,0,0.0,97
T000087666,2026-02-28,P003,S05,Value Seeker,Online,37,1810.96,66600.0,0.0,66600.0,,0.0,1598.0,False,3,5432.88,37
T000087667,2026-02-28,P004,S05,Value Seeker,Online,16,38533.83,608000.0,0.0,608000.0,,0.0,137.3,False,0,0.0,16
T000087668,2026-02-28,P005,S05,Loyal Regular,Online,74,6378.23,481000.0,9010.98,471989.02,,0.0,342.3,False,2,12756.46,74
T000087669,2026-02-28,P006,S05,Value Seeker,Online,59,647.88,38350.0,125.08,38224.92,,0.0,14038.9,False,1,647.88,59
T000087670,2026-02-28,P002,S06,Budget Shopper,Physical Store,149,182.01,26820.0,0.0,26820.0,,0.0,24812.1,False,0,0.0,149
T000087671,2026-02-28,P003,S06,Value Seeker,Marketplace,65,1820.53,117000.0,0.0,117000.0,,0.0,5203.6,False,5,9102.65,65
T000087672,2026-02-28,P004,S06,Loyal Regular,Online,6,37799.97,228000.0,1200.18,226799.82,,0.0,677.2,False,1,37799.97,6
T000087673,2026-02-28,P005,S06,Premium Buyer,Physical Store,73,6549.91,474500.0,0.0,474500.0,,0.0,2190.6,False,0,0.0,73
T000087674,2026-02-28,P006,S06,Budget Shopper,Physical Store,106,655.43,68900.0,0.0,68900.0,,0.0,30340.5,False,8,5243.44,106
T000087675,2026-02-28,P001,S07,Value Seeker,Marketplace,49,12627.61,612500.0,0.0,612500.0,,0.0,3169.2,False,3,37882.83,49
T000087676,2026-02-28,P002,S07,Value Seeker,Online,96,179.7,17280.0,28.8,17251.2,,0.0,29252.9,False,1,179.7,96
T000087677,2026-02-28,P003,S07,Occasional Shopper,Online,56,1801.92,100800.0,0.0,100800.0,,0.0,7768.3,False,7,12613.44,56
T000087678,2026-02-28,P004,S07,Occasional Shopper,Physical Store,4,38559.57,152000.0,0.0,152000.0,,0.0,888.3,False,1,38559.57,4
T000087679,2026-02-28,P006,S07,Value Seeker,Mobile App,48,653.56,31200.0,0.0,31200.0,,0.0,18481.9,False,2,1307.12,48
T000087680,2026-02-28,P001,S08,Occasional Shopper,Online,40,12464.02,500000.0,1439.2,498560.8,,0.0,3350.5,False,5,62320.1,40
T000087681,2026-02-28,P002,S08,Value Seeker,Physical Store,53,179.07,9540.0,49.29,9490.71,,0.0,26143.1,False,0,0.0,53
T000087682,2026-02-28,P003,S08,Occasional Shopper,Marketplace,16,1796.74,28800.0,52.16,28747.84,,0.0,3757.8,False,5,8983.7,16
T000087683,2026-02-28,P004,S08,Occasional Shopper,Physical Store,8,37091.49,304000.0,7268.08,296731.92,,0.0,1141.3,False,0,0.0,8
T000087684,2026-02-28,P005,S08,Value Seeker,Online,74,6658.3,481000.0,0.0,481000.0,,0.0,3962.2,False,2,13316.6,74
T000087685,2026-02-28,P006,S08,Value Seeker,Physical Store,134,657.76,87100.0,0.0,87100.0,,0.0,17423.2,False,3,1973.28,134
