transaction_id,date,product_id,store_id,customer_segment_id,channel_id,units_sold,unit_price,gross_sales,discount_amount,net_sales,promotion_id,discount_percentage,inventory_available,stockout_flag,return_units,return_amount,true_demand_estimate
T000087686,2026-03-01,P001,S01,Premium Buyer,Online,135,12428.05,1687500.0,9713.25,1677786.75,,0.0,215.7,False,4,49712.2,135
T000087687,2026-03-01,P002,S01,Occasional Shopper,Physical Store,125,180.38,22500.0,0.0,22500.0,,0.0,27592.0,False,1,180.38,125
T000087688,2026-03-01,P003,S01,Premium Buyer,Mobile App,95,1789.89,171000.0,960.45,170039.55,,0.0,1367.4,False,5,8949.45,95
T000087689,2026-03-01,P004,S01,Budget Shopper,Marketplace,20,38009.98,760000.0,0.0,760000.0,,0.0,563.9,False,0,0.0,20
T000087690,2026-03-01,P005,S01,Premium Buyer,Mobile App,182,6429.58,1183000.0,12816.44,1170183.56,,0.0,264.8,False,8,51436.64,182
T000087691,2026-03-01,P006,S01,Budget Shopper,Online,177,652.06,115050.0,0.0,115050.0,,0.0,17815.9,False,1,652.06,177
T000087692,2026-03-01,P001,S02,Occasional Shopper,Online,0,12587.44,0.0,0.0,0.0,,0.0,0.3,True,0,0.0,176
T000087693,2026-03-01,P002,S02,Loyal Regular,Marketplace,84,178.39,15120.0,135.24,14984.76,,0.0,15728.1,False,1,178.39,84
T000087694,2026-03-01,P003,S02,Budget Shopper,Online,86,1811.11,154800.0,0.0,154800.0,,0.0,1755.8,False,15,27166.65,86
T000087695,2026-03-01,P004,S02,Budget Shopper,Mobile App,21,37812.91,798000.0,3928.89,794071.11,,0.0,275.8,False,1,37812.91,21
T000087696,2026-03-01,P005,S02,Budget Shopper,Online,34,6649.45,221000.0,0.0,221000.0,,0.0,1245.3,False,1,6649.45,34
T000087697,2026-03-01,P006,S02,Occasional Shopper,Online,119,652.21,77350.0,0.0,77350.0,,0.0,22889.9,False,2,1304.42,119
T000087698,2026-03-01,P001,S03,Budget Shopper,Marketplace,63,12412.9,787500.0,5487.3,782012.7,,0.0,1232.5,False,2,24825.8,63
T000087699,2026-03-01,P002,S03,Value Seeker,Mobile App,53,183.35,9540.0,0.0,9540.0,,0.0,18718.8,False,1,183.35,53
T000087700,2026-03-01,P003,S03,Value Seeker,Online,51,1808.19,91800.0,0.0,91800.0,,0.0,2619.5,False,6,10849.14,51
T000087701,2026-03-01,P004,S03,Budget Shopper,Online,39,38255.35,1482000.0,0.0,1482000.0,,0.0,861.0,False,0,0.0,39
T000087702,2026-03-01,P005,S03,Budget Shopper,Physical Store,69,6570.98,448500.0,0.0,448500.0,,0.0,2219.7,False,1,6570.98,69
T000087703,2026-03-01,P006,S03,Loyal Regular,Mobile App,223,653.24,144950.0,0.0,144950.0,,0.0,12523.1,False,7,4572.68,223
T000087704,2026-03-01,P001,S04,Premium Buyer,Marketplace,83,12385.43,1037500.0,9509.31,1027990.69,,0.0,861.9,False,2,24770.86,83
T000087705,2026-03-01,P002,S04,Loyal Regular,Marketplace,60,181.86,10800.0,0.0,10800.0,,0.0,22521.7,False,0,0.0,60
T000087706,2026-03-01,P003,S04,Value Seeker,Physical Store,51,1780.82,91800.0,978.18,90821.82,,0.0,4237.7,False,8,14246.56,51
T000087707,2026-03-01,P004,S04,Budget Shopper,Physical Store,9,38137.29,342000.0,0.0,342000.0,,0.0,142.0,False,0,0.0,9
T000087708,2026-03-01,P005,S04,Value Seeker,Mobile App,116,6405.34,754000.0,10980.56,743019.44,,0.0,3236.0,False,8,51242.72,116
T000087709,2026-03-01,P006,S04,Value Seeker,Online,84,647.58,54600.0,203.28,54396.72,,0.0,13277.1,False,5,3237.9,84
T000087710,2026-03-01,P001,S05,Premium Buyer,Mobile App,0,12307.88,0.0,0.0,0.0,,0.0,0.1,True,0,0.0,92
T000087711,2026-03-01,P002,S05,Loyal Regular,Physical Store,97,175.78,17460.0,409.34,17050.66,,0.0,22218.5,False,1,175.78,97
T000087712,2026-03-01,P003,S05,Value Seeker,Mobile App,28,1792.31,50400.0,215.32,50184.68,,0.0,1925.8,False,1,1792.31,28
T000087713,2026-03-01,P004,S05,Premium Buyer,Physical Store,6,38309.27,228000.0,0.0,228000.0,,0.0,121.3,False,1,38309.27,6
T000087714,2026-03-01,P005,S05,Occasional Shopper,Online,64,6506.48,416000.0,0.0,416000.0,,0.0,268.3,False,7,45545.36,64
T000087715,2026-03-01,P001,S06,Premium Buyer,Physical Store,69,12468.11,862500.0,2200.41,860299.59,,0.0,534.1,False,7,87276.77,69
T000087716,2026-03-01,P002,S06,Value Seeker,Mobile App,101,179.24,18180.0,76.76,18103.24,,0.0,24663.1,False,0,0.0,101
T000087717,2026-03-01,P003,S06,Premium Buyer,Online,26,1807.06,46800.0,0.0,46800.0,,0.0,5563.7,False,4,7228.24,26
T000087718,2026-03-01,P004,S06,Loyal Regular,Physical Store,9,37987.04,342000.0,116.64,341883.36,,0.0,671.2,False,1,37987.04,9
T000087719,2026-03-01,P005,S06,Loyal Regular,Physical Store,47,6556.38,305500.0,0.0,305500.0,,0.0,2295.9,False,2,13112.76,47
T000087720,2026-03-01,P006,S06,Budget Shopper,Physical Store,52,652.14,33800.0,0.0,33800.0,,0.0,31293.7,False,3,1956.42,52
T000087721,2026-03-01,P001,S07,Premium Buyer,Online,54,12416.3,675000.0,4519.8,670480.2,,0.0,3418.1,False,3,37248.9,54
T000087722,2026-03-01,P002,S07,Occasional Shopper,Online,84,179.66,15120.0,28.56,15091.44,,0.0,30173.8,False,0,0.0,84
T000087723,2026-03-01,P003,S07,Value Seeker,Physical Store,8,1783.33,14400.0,133.36,14266.64,,0.0,7712.3,False,2,3566.66,8
T000087724,2026-03-01,P004,S07,Budget Shopper,Physical Store,10,37947.14,380000.0,528.6,379471.4,,0.0,884.3,False,1,37947.14,10
T000087725,2026-03-01,P005,S07,Loyal Regular,Physical Store,23,6509.41,149500.0,0.0,149500.0,,0.0,4139.3,False,2,13018.82,23
T000087726,2026-03-01,P006,S07,Budget Shopper,Online,201,647.62,130650.0,478.38,130171.62,,0.0,18961.0,False,7,4533.34,201
T000087727,2026-03-01,P001,S08,Premium Buyer,Physical Store,41,12452.9,512500.0,1931.1,510568.9,,0.0,3310.5,False,2,24905.8,41
T000087728,2026-03-01,P002,S08,Value Seeker,Physical Store,61,181.54,10980.0,0.0,10980.0,,0.0,26850.5,False,0,0.0,61
T000087729,2026-03-01,P003,S08,Budget Shopper,Physical Store,46,1812.45,82800.0,0.0,82800.0,,0.0,3741.8,False,7,12687.15,46
T000087730,2026-03-01,P004,S08,Loyal Regular,Online,9,38012.75,342000.0,0.0,342000.0,,0.0,1133.3,False,0,0.0,9
T000087731,2026-03-01,P005,S08,Premium Buyer,Physical Store,101,6543.06,656500.0,0.0,656500.0,,0.0,3888.2,False,4,26172.24,101
T000087732,2026-03-01,P006,S08,Value Seeker,Online,188,653.2,122200.0,0.0,122200.0,,0.0,17289.2,False,3,1959.6,188
T000087733,2026-03-02,P001,S01,Budget Shopper,Physical Store,61,12493.86,762500.0,374.54,762125.46,,0.0,383.0,False,4,49975.44,61
T000087734,2026-03-02,P002,S01,Occasional Shopper,Mobile App,39,179.53,7020.0,18.33,7001.67,,0.0,28259.5,False,0,0.0,39
T000087735,2026-03-02,P003,S01,Value Seeker,Marketplace,27,1823.72,48600.0,0.0,48600.0,,0.0,1272.4,False,0,0.0,27
T000087736,2026-03-02,P004,S01,Occasional Shopper,Marketplace,22,38658.11,836000.0,0.0,836000.0,,0.0,543.9,False,1,38658.11,22
T000087737,2026-03-02,P005,S01,Occasional Shopper,Online,40,6498.89,260000.0,44.4,259955.6,,0.0,291.0,False,1,6498.89,40
T000087738,2026-03-02,P006,S01,Premium Buyer,Online,105,649.38,68250.0,65.1,68184.9,,0.0,17638.9,False,3,1948.14,105
T000087739,2026-03-02,P001,S02,Budget Shopper,Physical Store,0,12579.94,0.0,0.0,0.0,,0.0,0.3,True,0,0.0,97
T000087740,2026-03-02,P002,S02,Loyal Regular,Online,112,182.23,20160.0,0.0,20160.0,,0.0,15644.1,False,0,0.0,112
T000087741,2026-03-02,P003,S02,Loyal Regular,Marketplace,206,1774.59,370800.0,5234.46,365565.54,,0.0,2078.5,False,22,39040.98,206
T000087742,2026-03-02,P004,S02,Budget Shopper,Physical Store,10,38086.46,380000.0,0.0,380000.0,,0.0,254.8,False,1,38086.46,10
T000087743,2026-03-02,P005,S02,Value Seeker,Mobile App,111,6467.66,721500.0,3589.74,717910.26,,0.0,1211.3,False,3,19402.98,111
T000087744,2026-03-02,P001,S03,Value Seeker,Physical Store,80,12447.01,1000000.0,4239.2,995760.8,,0.0,1169.5,False,6,74682.06,80
T000087745,2026-03-02,P002,S03,Premium Buyer,Physical Store,154,175.55,27720.0,685.3,27034.7,,0.0,19647.3,False,1,175.55,154
T000087746,2026-03-02,P003,S03,Value Seeker,Mobile App,100,1814.35,180000.0,0.0,180000.0,,0.0,2568.5,False,16,29029.6,100
T000087747,2026-03-02,P004,S03,Value Seeker,Physical Store,16,38379.9,608000.0,0.0,608000.0,,0.0,822.0,False,1,38379.9,16
T000087748,2026-03-02,P005,S03,Premium Buyer,Physical Store,87,6503.65,565500.0,0.0,565500.0,,0.0,2150.7,False,1,6503.65,87
T000087749,2026-03-02,P006,S03,Loyal Regular,Marketplace,96,634.17,62400.0,1519.68,60880.32,,0.0,12300.1,False,4,2536.68,96
T000087750,2026-03-02,P001,S04,Premium Buyer,Online,58,12625.61,725000.0,0.0,725000.0,,0.0,1087.0,False,2,25251.22,58
T000087751,2026-03-02,P002,S04,Loyal Regular,Physical Store,40,178.25,7200.0,70.0,7130.0,,0.0,23364.3,False,0,0.0,40
T000087752,2026-03-02,P003,S04,Budget Shopper,Physical Store,27,1813.62,48600.0,0.0,48600.0,,0.0,4588.1,False,1,1813.62,27
T000087753,2026-03-02,P005,S04,Loyal Regular,Online,58,6570.11,377000.0,0.0,377000.0,,0.0,3427.6,False,4,26280.44,58
T000087754,2026-03-02,P006,S04,Value Seeker,Physical Store,62,649.98,40300.0,1.24,40298.76,,0.0,13997.9,False,2,1299.96,62
T000087755,2026-03-02,P001,S05,Value Seeker,Online,0,12239.67,0.0,0.0,0.0,,0.0,0.1,True,0,0.0,59
T000087756,2026-03-02,P002,S05,Value Seeker,Physical Store,199,179.89,35820.0,21.89,35798.11,,0.0,23304.3,False,0,0.0,199
T000087757,2026-03-02,P003,S05,Value Seeker,Marketplace,28,1801.68,50400.0,0.0,50400.0,,0.0,1897.8,False,6,10810.08,28
T000087758,2026-03-02,P004,S05,Value Seeker,Online,20,38026.91,760000.0,0.0,760000.0,,0.0,115.3,False,1,38026.91,20
T000087759,2026-03-02,P005,S05,Loyal Regular,Mobile App,49,6430.41,318500.0,3409.91,315090.09,,0.0,204.3,False,4,25721.64,49
T000087760,2026-03-02,P006,S05,Value Seeker,Marketplace,41,647.3,26650.0,110.7,26539.3,,0.0,14654.1,False,0,0.0,41
T000087761,2026-03-02,P001,S06,Loyal Regular,Mobile App,71,12504.16,887500.0,0.0,887500.0,,0.0,465.1,False,9,112537.44,71
T000087762,2026-03-02,P002,S06,Loyal Regular,Mobile App,47,180.21,8460.0,0.0,8460.0,,0.0,25165.2,False,0,0.0,47
T000087763,2026-03-02,P003,S06,Value Seeker,Online,35,1564.73,63000.0,8234.45,54765.55,Flash Discount,13.33,5537.7,False,5,7823.65,35
T000087764,2026-03-02,P004,S06,Occasional Shopper,Physical Store,9,38331.56,342000.0,0.0,342000.0,,0.0,662.2,False,0,0.0,9
T000087765,2026-03-02,P005,S06,Occasional Shopper,Physical Store,69,6536.48,448500.0,0.0,448500.0,,0.0,2248.9,False,1,6536.48,69
T000087766,2026-03-02,P006,S06,Value Seeker,Physical Store,72,659.99,46800.0,0.0,46800.0,,0.0,32189.9,False,5,3299.95,72
T000087767,2026-03-02,P001,S07,Budget Shopper,Physical Store,26,12691.61,325000.0,0.0,325000.0,,0.0,3364.1,False,1,12691.61,26
T000087768,2026-03-02,P002,S07,Value Seeker,Physical Store,83,181.89,14940.0,0.0,14940.0,,0.0,30089.8,False,0,0.0,83
T000087769,2026-03-02,P003,S07,Value Seeker,Physical Store,14,1796.23,25200.0,52.78,25147.22,,0.0,7704.3,False,2,3592.46,14
T000087770,2026-03-02,P004,S07,Loyal Regular,Online,9,38081.45,342000.0,0.0,342000.0,,0.0,874.3,False,0,0.0,9
T000087771,2026-03-02,P005,S07,Occasional Shopper,Physical Store,18,6539.3,117000.0,0.0,117000.0,,0.0,4116.3,False,1,6539.3,18
T000087772,2026-03-02,P006,S07,Value Seeker,Mobile App,100,656.7,65000.0,0.0,65000.0,,0.0,18760.0,False,2,1313.4,100
T000087773,2026-03-02,P001,S08,Premium Buyer,Physical Store,35,12430.95,437500.0,2416.75,435083.25,,0.0,3269.5,False,1,12430.95,35
T000087774,2026-03-02,P002,S08,Value Seeker,Marketplace,79,181.42,14220.0,0.0,14220.0,,0.0,26789.5,False,0,0.0,79
T000087775,2026-03-02,P003,S08,Loyal Regular,Physical Store,12,1802.01,21600.0,0.0,21600.0,,0.0,3695.8,False,0,0.0,12
T000087776,2026-03-02,P004,S08,Premium Buyer,Marketplace,11,38051.7,418000.0,0.0,418000.0,,0.0,1124.3,False,0,0.0,11
T000087777,2026-03-02,P005,S08,Occasional Shopper,Online,51,6482.56,331500.0,889.44,330610.56,,0.0,4031.9,False,1,6482.56,51
T000087778,2026-03-02,P006,S08,Premium Buyer,Online,112,651.06,72800.0,0.0,72800.0,,0.0,17101.2,False,3,1953.18,112
T000087779,2026-03-03,P001,S01,Premium Buyer,Mobile App,264,12521.73,3300000.0,0.0,3300000.0,,0.0,322.0,False,17,212869.41,264
T000087780,2026-03-03,P002,S01,Loyal Regular,Online,135,177.34,24300.0,359.1,23940.9,,0.0,29215.4,False,0,0.0,135
T000087781,2026-03-03,P003,S01,Loyal Regular,Marketplace,84,1812.02,151200.0,0.0,151200.0,,0.0,1245.4,False,10,18120.2,84
T000087782,2026-03-03,P004,S01,Loyal Regular,Mobile App,14,38760.89,532000.0,0.0,532000.0,,0.0,671.0,False,0,0.0,14
T000087783,2026-03-03,P005,S01,Budget Shopper,Online,141,6520.2,916500.0,0.0,916500.0,,0.0,457.6,False,7,45641.4,141
T000087784,2026-03-03,P006,S01,Occasional Shopper,Physical Store,209,649.7,135850.0,62.7,135787.3,,0.0,18367.6,False,4,2598.8,209
T000087785,2026-03-03,P001,S02,Premium Buyer,Marketplace,0,12621.98,0.0,0.0,0.0,,0.0,0.3,True,0,0.0,187
T000087786,2026-03-03,P002,S02,Value Seeker,Mobile App,115,161.7,20700.0,2104.5,18595.5,Flash Discount,7.93,15532.1,False,2,323.4,115
T000087787,2026-03-03,P003,S02,Loyal Regular,Physical Store,116,1795.94,208800.0,470.96,208329.04,,0.0,2306.6,False,15,26939.1,116
T000087788,2026-03-03,P004,S02,Value Seeker,Physical Store,32,37553.52,1216000.0,14287.36,1201712.64,,0.0,244.8,False,0,0.0,32
T000087789,2026-03-03,P005,S02,Budget Shopper,Marketplace,99,6500.57,643500.0,0.0,643500.0,,0.0,1100.3,False,4,26002.28,99
T000087790,2026-03-03,P006,S02,Budget Shopper,Physical Store,218,644.64,141700.0,1168.48,140531.52,,0.0,22770.9,False,11,7091.04,218
T000087791,2026-03-03,P001,S03,Loyal Regular,Physical Store,325,12417.16,4062500.0,26923.0,4035577.0,,0.0,1289.5,False,18,223508.88,325
T000087792,2026-03-03,P002,S03,Budget Shopper,Physical Store,72,178.41,12960.0,114.48,12845.52,,0.0,20093.5,False,0,0.0,72
T000087793,2026-03-03,P003,S03,Value Seeker,Physical Store,66,1793.41,118800.0,434.94,118365.06,,0.0,2691.1,False,5,8967.05,66
T000087794,2026-03-03,P004,S03,Occasional Shopper,Online,42,38394.25,1596000.0,0.0,1596000.0,,0.0,888.2,False,3,115182.75,42
T000087795,2026-03-03,P005,S03,Premium Buyer,Mobile App,103,6562.73,669500.0,0.0,669500.0,,0.0,2063.7,False,10,65627.3,103
T000087796,2026-03-03,P006,S03,Premium Buyer,Mobile App,90,649.55,58500.0,40.5,58459.5,,0.0,13053.8,False,3,1948.65,90
T000087797,2026-03-03,P001,S04,Occasional Shopper,Physical Store,110,12410.38,1375000.0,9858.2,1365141.8,,0.0,1029.0,False,6,74462.28,110
T000087798,2026-03-03,P002,S04,Value Seeker,Physical Store,90,179.26,16200.0,66.6,16133.4,,0.0,24568.9,False,1,179.26,90
T000087799,2026-03-03,P003,S04,Value Seeker,Physical Store,27,1819.1,48600.0,0.0,48600.0,,0.0,4561.1,False,5,9095.5,27
T000087800,2026-03-03,P004,S04,Loyal Regular,Mobile App,12,38105.05,456000.0,0.0,456000.0,,0.0,133.0,False,1,38105.05,12
T000087801,2026-03-03,P005,S04,Value Seeker,Online,52,6427.54,338000.0,3767.92,334232.08,,0.0,3369.6,False,1,6427.54,52
T000087802,2026-03-03,P006,S04,Premium Buyer,Physical Store,90,647.29,58500.0,243.9,58256.1,,0.0,15049.1,False,2,1294.58,90
T000087803,2026-03-03,P001,S05,Budget Shopper,Online,0,12425.46,0.0,0.0,0.0,,0.0,0.1,True,0,0.0,77
T000087804,2026-03-03,P002,S05,Loyal Regular,Online,106,178.48,19080.0,161.12,18918.88,,0.0,23105.3,False,0,0.0,106
T000087805,2026-03-03,P003,S05,Occasional Shopper,Online,48,1821.06,86400.0,0.0,86400.0,,0.0,1869.8,False,5,9105.3,48
T000087806,2026-03-03,P004,S05,Value Seeker,Physical Store,16,38168.91,608000.0,0.0,608000.0,,0.0,95.3,False,1,38168.91,16
T000087807,2026-03-03,P005,S05,Budget Shopper,Marketplace,95,6440.8,617500.0,5624.0,611876.0,,0.0,155.3,False,4,25763.2,95
T000087808,2026-03-03,P006,S05,Value Seeker,Physical Store,54,651.19,35100.0,0.0,35100.0,,0.0,14613.1,False,1,651.19,54
T000087809,2026-03-03,P001,S06,Value Seeker,Marketplace,79,12357.21,987500.0,11280.41,976219.59,,0.0,394.1,False,8,98857.68,79
T000087810,2026-03-03,P002,S06,Value Seeker,Physical Store,175,177.93,31500.0,362.25,31137.75,,0.0,25858.5,False,0,0.0,175
T000087811,2026-03-03,P003,S06,Loyal Regular,Marketplace,112,1572.05,201600.0,25530.4,176069.6,Flash Discount,10.31,5502.7,False,23,36157.15,112
T000087812,2026-03-03,P004,S06,Value Seeker,Mobile App,2,37940.64,76000.0,118.72,75881.28,,0.0,653.2,False,0,0.0,2
T000087813,2026-03-03,P005,S06,Budget Shopper,Mobile App,57,6542.17,370500.0,0.0,370500.0,,0.0,2435.6,False,3,19626.51,57
T000087814,2026-03-03,P006,S06,Loyal Regular,Marketplace,106,645.46,68900.0,481.24,68418.76,,0.0,33510.4,False,4,2581.84,106
T000087815,2026-03-03,P001,S07,Premium Buyer,Online,83,12460.23,1037500.0,3300.91,1034199.09,,0.0,3338.1,False,1,12460.23,83
T000087816,2026-03-03,P002,S07,Budget Shopper,Online,99,178.61,17820.0,137.61,17682.39,,0.0,31083.4,False,1,178.61,99
T000087817,2026-03-03,P003,S07,Loyal Regular,Mobile App,38,1806.19,68400.0,0.0,68400.0,,0.0,8028.1,False,0,0.0,38
T000087818,2026-03-03,P004,S07,Value Seeker,Physical Store,8,37841.41,304000.0,1268.72,302731.28,,0.0,865.3,False,0,0.0,8
T000087819,2026-03-03,P005,S07,Loyal Regular,Physical Store,34,6448.73,221000.0,1743.18,219256.82,,0.0,4098.3,False,3,19346.19,34
T000087820,2026-03-03,P006,S07,Loyal Regular,Online,145,659.67,94250.0,0.0,94250.0,,0.0,18660.0,False,3,1979.01,145
T000087821,2026-03-03,P001,S08,Premium Buyer,Online,37,11659.93,462500.0,31082.59,431417.41,Flash Discount,7.15,3234.5,False,1,11659.93,37
T000087822,2026-03-03,P002,S08,Occasional Shopper,Physical Store,75,179.21,13500.0,59.25,13440.75,,0.0,26710.5,False,1,179.21,75
T000087823,2026-03-03,P003,S08,Occasional Shopper,Physical Store,38,1796.09,68400.0,148.58,68251.42,,0.0,3683.8,False,0,0.0,38
T000087824,2026-03-03,P004,S08,Budget Shopper,Physical Store,19,37617.95,722000.0,7258.95,714741.05,,0.0,1113.3,False,2,75235.9,19
T000087825,2026-03-03,P005,S08,Budget Shopper,Mobile App,53,6486.26,344500.0,728.22,343771.78,,0.0,3980.9,False,2,12972.52,53
T000087826,2026-03-03,P006,S08,Value Seeker,Physical Store,87,644.59,56550.0,470.67,56079.33,,0.0,16989.2,False,2,1289.18,87
T000087827,2026-03-04,P001,S01,Budget Shopper,Physical Store,57,12523.39,712500.0,0.0,712500.0,,0.0,58.0,True,5,62616.95,128
T000087828,2026-03-04,P002,S01,Value Seeker,Physical Store,199,179.24,35820.0,151.24,35668.76,,0.0,29874.8,False,2,358.48,199
T000087829,2026-03-04,P003,S01,Loyal Regular,Marketplace,65,1804.37,117000.0,0.0,117000.0,,0.0,1463.9,False,6,10826.22,65
T000087830,2026-03-04,P004,S01,Value Seeker,Online,7,37810.01,266000.0,1329.93,264670.07,,0.0,787.2,False,0,0.0,7
T000087831,2026-03-04,P005,S01,Value Seeker,Online,52,6534.83,338000.0,0.0,338000.0,,0.0,316.6,False,0,0.0,52
T000087832,2026-03-04,P006,S01,Occasional Shopper,Physical Store,79,651.37,51350.0,0.0,51350.0,,0.0,19174.7,False,3,1954.11,79
T000087833,2026-03-04,P001,S02,Value Seeker,Online,89,12536.53,1112500.0,0.0,1112500.0,,0.0,465.1,False,3,37609.59,89
T000087834,2026-03-04,P002,S02,Premium Buyer,Online,172,182.26,30960.0,0.0,30960.0,,0.0,15949.1,False,2,364.52,172
T000087835,2026-03-04,P003,S02,Loyal Regular,Physical Store,62,1813.39,111600.0,0.0,111600.0,,0.0,2190.6,False,2,3626.78,62
T000087836,2026-03-04,P004,S02,Value Seeker,Physical Store,27,38174.42,1026000.0,0.0,1026000.0,,0.0,212.8,False,0,0.0,27
T000087837,2026-03-04,P005,S02,Occasional Shopper,Physical Store,108,6600.82,702000.0,0.0,702000.0,,0.0,1300.4,False,6,39604.92,108
T000087838,2026-03-04,P006,S02,Premium Buyer,Physical Store,145,649.59,94250.0,59.45,94190.55,,0.0,23497.6,False,5,3247.95,145
T000087839,2026-03-04,P001,S03,Premium Buyer,Physical Store,72,12716.02,900000.0,0.0,900000.0,,0.0,1279.0,False,2,25432.04,72
T000087840,2026-03-04,P002,S03,Loyal Regular,Mobile App,73,180.73,13140.0,0.0,13140.0,,0.0,21145.9,False,0,0.0,73
T000087841,2026-03-04,P003,S03,Loyal Regular,Marketplace,64,1827.09,115200.0,0.0,115200.0,,0.0,2625.1,False,7,12789.63,64
T000087842,2026-03-04,P004,S03,Budget Shopper,Online,15,37871.57,570000.0,1926.45,568073.55,,0.0,846.2,False,1,37871.57,15
T000087843,2026-03-04,P005,S03,Value Seeker,Physical Store,115,6607.87,747500.0,0.0,747500.0,,0.0,1960.7,False,5,33039.35,115
T000087844,2026-03-04,P006,S03,Budget Shopper,Online,48,650.51,31200.0,0.0,31200.0,,0.0,13644.4,False,1,650.51,48
T000087845,2026-03-04,P001,S04,Loyal Regular,Mobile App,17,12654.61,212500.0,0.0,212500.0,,0.0,1134.5,False,1,12654.61,17
T000087846,2026-03-04,P002,S04,Value Seeker,Mobile App,128,182.37,23040.0,0.0,23040.0,,0.0,25632.3,False,1,182.37,128
T000087847,2026-03-04,P003,S04,Value Seeker,Online,17,1798.8,30600.0,20.4,30579.6,,0.0,4534.1,False,0,0.0,17
T000087848,2026-03-04,P004,S04,Value Seeker,Physical Store,23,37540.26,874000.0,10574.02,863425.98,,0.0,121.0,False,0,0.0,23
T000087849,2026-03-04,P005,S04,Occasional Shopper,Physical Store,50,6624.33,325000.0,0.0,325000.0,,0.0,3317.6,False,5,33121.65,50
T000087850,2026-03-04,P006,S04,Premium Buyer,Physical Store,32,653.89,20800.0,0.0,20800.0,,0.0,14959.1,False,1,653.89,32
T000087851,2026-03-04,P001,S05,Occasional Shopper,Physical Store,55,12767.85,687500.0,0.0,687500.0,,0.0,486.6,False,1,12767.85,55
T000087852,2026-03-04,P002,S05,Budget Shopper,Physical Store,132,181.38,23760.0,0.0,23760.0,,0.0,22999.3,False,0,0.0,132
T000087853,2026-03-04,P003,S05,Value Seeker,Mobile App,14,1751.79,25200.0,674.94,24525.06,,0.0,1821.8,False,4,7007.16,14
T000087854,2026-03-04,P004,S05,Premium Buyer,Mobile App,5,37151.15,190000.0,4244.25,185755.75,,0.0,173.6,False,0,0.0,5
T000087855,2026-03-04,P005,S05,Loyal Regular,Mobile App,20,6490.14,130000.0,197.2,129802.8,,0.0,60.3,False,0,0.0,20
T000087856,2026-03-04,P006,S05,Premium Buyer,Physical Store,45,653.94,29250.0,0.0,29250.0,,0.0,15105.5,False,2,1307.88,45
T000087857,2026-03-04,P001,S06,Occasional Shopper,Physical Store,29,12293.97,362500.0,5974.87,356525.13,,0.0,315.1,False,1,12293.97,29
T000087858,2026-03-04,P002,S06,Premium Buyer,Online,111,178.82,19980.0,130.98,19849.02,,0.0,26247.7,False,2,357.64,111
T000087859,2026-03-04,P003,S06,Value Seeker,Online,19,1782.25,34200.0,337.25,33862.75,,0.0,5390.7,False,1,1782.25,19
T000087860,2026-03-04,P004,S06,Value Seeker,Online,13,37708.47,494000.0,3789.89,490210.11,,0.0,732.4,False,1,37708.47,13
T000087861,2026-03-04,P005,S06,Value Seeker,Mobile App,41,6484.95,266500.0,617.05,265882.95,,0.0,2378.6,False,1,6484.95,41
T000087862,2026-03-04,P006,S06,Loyal Regular,Online,76,650.32,49400.0,0.0,49400.0,,0.0,34635.2,False,0,0.0,76
T000087863,2026-03-04,P001,S07,Premium Buyer,Physical Store,59,12517.43,737500.0,0.0,737500.0,,0.0,3255.1,False,4,50069.72,59
T000087864,2026-03-04,P002,S07,Occasional Shopper,Physical Store,161,181.86,28980.0,0.0,28980.0,,0.0,30984.4,False,3,545.58,161
T000087865,2026-03-04,P003,S07,Occasional Shopper,Physical Store,16,1768.57,28800.0,502.88,28297.12,,0.0,7990.1,False,1,1768.57,16
T000087866,2026-03-04,P004,S07,Value Seeker,Marketplace,7,37616.5,266000.0,2684.5,263315.5,,0.0,857.3,False,0,0.0,7
T000087867,2026-03-04,P005,S07,Value Seeker,Physical Store,24,6485.25,156000.0,354.0,155646.0,,0.0,4064.3,False,0,0.0,24
T000087868,2026-03-04,P006,S07,Value Seeker,Physical Store,146,659.56,94900.0,0.0,94900.0,,0.0,19113.9,False,1,659.56,146
T000087869,2026-03-04,P001,S08,Value Seeker,Mobile App,37,12367.44,462500.0,4904.72,457595.28,,0.0,3410.7,False,1,12367.44,37
T000087870,2026-03-04,P002,S08,Occasional Shopper,Online,43,180.01,7740.0,0.0,7740.0,,0.0,26635.5,False,0,0.0,43
T000087871,2026-03-04,P003,S08,Value Seeker,Physical Store,29,1773.6,52200.0,765.6,51434.4,,0.0,3645.8,False,8,14188.8,29
T000087872,2026-03-04,P004,S08,Premium Buyer,Mobile App,8,37583.05,304000.0,3335.6,300664.4,,0.0,1094.3,False,0,0.0,8
T000087873,2026-03-04,P005,S08,Budget Shopper,Mobile App,34,6454.47,221000.0,1548.02,219451.98,,0.0,4362.2,False,0,0.0,34
T000087874,2026-03-04,P006,S08,Occasional Shopper,Online,31,661.35,20150.0,0.0,20150.0,,0.0,17916.7,False,3,1984.05,31
T000087875,2026-03-05,P001,S01,Loyal Regular,Online,0,12461.54,0.0,0.0,0.0,,0.0,1.0,True,0,0.0,23
T000087876,2026-03-05,P002,S01,Occasional Shopper,Mobile App,43,177.11,7740.0,124.27,7615.73,,0.0,30387.4,False,0,0.0,43
T000087877,2026-03-05,P003,S01,Loyal Regular,Physical Store,44,1821.53,79200.0,0.0,79200.0,,0.0,1398.9,False,1,1821.53,44
T000087878,2026-03-05,P005,S01,Loyal Regular,Online,63,6602.27,409500.0,0.0,409500.0,,0.0,264.6,False,1,6602.27,63
T000087879,2026-03-05,P006,S01,Value Seeker,Physical Store,172,655.46,111800.0,0.0,111800.0,,0.0,19095.7,False,5,3277.3,172
T000087880,2026-03-05,P001,S02,Premium Buyer,Physical Store,76,12391.28,950000.0,8262.72,941737.28,,0.0,376.1,False,3,37173.84,76
T000087881,2026-03-05,P002,S02,Budget Shopper,Online,119,181.22,21420.0,0.0,21420.0,,0.0,16513.8,False,2,362.44,119
T000087882,2026-03-05,P003,S02,Premium Buyer,Physical Store,79,1803.27,142200.0,0.0,142200.0,,0.0,2128.6,False,12,21639.24,79
T000087883,2026-03-05,P004,S02,Premium Buyer,Physical Store,16,38372.1,608000.0,0.0,608000.0,,0.0,185.8,False,0,0.0,16
T000087884,2026-03-05,P005,S02,Value Seeker,Online,38,6515.21,247000.0,0.0,247000.0,,0.0,1666.4,False,3,19545.63,38
T000087885,2026-03-05,P006,S02,Loyal Regular,Physical Store,155,644.25,100750.0,891.25,99858.75,,0.0,23352.6,False,4,2577.0,155
T000087886,2026-03-05,P001,S03,Occasional Shopper,Physical Store,50,12495.94,625000.0,203.0,624797.0,,0.0,1433.2,False,1,12495.94,50
T000087887,2026-03-05,P002,S03,Value Seeker,Physical Store,88,178.16,15840.0,161.92,15678.08,,0.0,21981.5,False,1,178.16,88
T000087888,2026-03-05,P003,S03,Budget Shopper,Physical Store,41,1812.01,73800.0,0.0,73800.0,,0.0,2561.1,False,2,3624.02,41
T000087889,2026-03-05,P004,S03,Budget Shopper,Online,19,38153.32,722000.0,0.0,722000.0,,0.0,831.2,False,0,0.0,19
T000087890,2026-03-05,P005,S03,Value Seeker,Physical Store,68,6461.42,442000.0,2623.44,439376.56,,0.0,1845.7,False,6,38768.52,68
T000087891,2026-03-05,P006,S03,Value Seeker,Physical Store,66,653.1,42900.0,0.0,42900.0,,0.0,13596.4,False,6,3918.6,66
T000087892,2026-03-05,P001,S04,Occasional Shopper,Physical Store,43,12337.68,537500.0,6979.76,530520.24,,0.0,1294.0,False,1,12337.68,43
T000087893,2026-03-05,P002,S04,Occasional Shopper,Physical Store,91,179.22,16380.0,70.98,16309.02,,0.0,26748.5,False,0,0.0,91
T000087894,2026-03-05,P003,S04,Loyal Regular,Physical Store,53,1797.64,95400.0,125.08,95274.92,,0.0,4779.9,False,10,17976.4,53
T000087895,2026-03-05,P004,S04,Budget Shopper,Online,14,37721.99,532000.0,3892.14,528107.86,,0.0,98.0,False,0,0.0,14
T000087896,2026-03-05,P005,S04,Budget Shopper,Physical Store,28,6414.98,182000.0,2380.56,179619.44,,0.0,3267.6,False,1,6414.98,28
T000087897,2026-03-05,P006,S04,Value Seeker,Online,49,655.93,31850.0,0.0,31850.0,,0.0,15750.2,False,3,1967.79,49
T000087898,2026-03-05,P001,S05,Occasional Shopper,Online,87,12782.36,1087500.0,0.0,1087500.0,,0.0,791.1,False,7,89476.52,87
T000087899,2026-03-05,P002,S05,Value Seeker,Physical Store,159,179.62,28620.0,60.42,28559.58,,0.0,23873.8,False,1,179.62,159
T000087900,2026-03-05,P003,S05,Value Seeker,Physical Store,29,1797.95,52200.0,59.45,52140.55,,0.0,2047.9,False,3,5393.85,29
T000087901,2026-03-05,P004,S05,Value Seeker,Online,13,38113.47,494000.0,0.0,494000.0,,0.0,168.6,False,0,0.0,13
T000087902,2026-03-05,P005,S05,Loyal Regular,Online,37,6551.63,240500.0,0.0,240500.0,,0.0,40.3,False,2,13103.26,37
T000087903,2026-03-05,P006,S05,Loyal Regular,Online,76,651.36,49400.0,0.0,49400.0,,0.0,15060.5,False,3,1954.08,76
T000087904,2026-03-05,P001,S06,Premium Buyer,Physical Store,42,12444.62,525000.0,2325.96,522674.04,,0.0,286.1,False,0,0.0,42
T000087905,2026-03-05,P002,S06,Occasional Shopper,Online,156,181.48,28080.0,0.0,28080.0,,0.0,26136.7,False,1,181.48,156
T000087906,2026-03-05,P003,S06,Occasional Shopper,Physical Store,17,1788.2,30600.0,200.6,30399.4,,0.0,5371.7,False,0,0.0,17
T000087907,2026-03-05,P004,S06,Value Seeker,Online,12,37938.28,456000.0,740.64,455259.36,,0.0,825.7,False,0,0.0,12
T000087908,2026-03-05,P005,S06,Premium Buyer,Physical Store,19,6475.92,123500.0,457.52,123042.48,,0.0,2337.6,False,2,12951.84,19
T000087909,2026-03-05,P006,S06,Budget Shopper,Physical Store,81,646.8,52650.0,259.2,52390.8,,0.0,36004.1,False,3,1940.4,81
T000087910,2026-03-05,P001,S07,Value Seeker,Physical Store,34,11692.88,425000.0,27442.08,397557.92,Flash Discount,5.18,3196.1,False,3,35078.64,34
T000087911,2026-03-05,P002,S07,Loyal Regular,Marketplace,66,181.22,11880.0,0.0,11880.0,,0.0,32068.5,False,1,181.22,66
T000087912,2026-03-05,P003,S07,Premium Buyer,Physical Store,28,1825.43,50400.0,0.0,50400.0,,0.0,8178.7,False,4,7301.72,28
T000087913,2026-03-05,P005,S07,Premium Buyer,Online,17,6649.62,110500.0,0.0,110500.0,,0.0,4040.3,False,0,0.0,17
T000087914,2026-03-05,P006,S07,Loyal Regular,Online,79,641.8,51350.0,647.8,50702.2,,0.0,19928.5,False,3,1925.4,79
T000087915,2026-03-05,P001,S08,Loyal Regular,Online,39,12612.3,487500.0,0.0,487500.0,,0.0,3373.7,False,1,12612.3,39
T000087916,2026-03-05,P002,S08,Loyal Regular,Online,54,180.23,9720.0,0.0,9720.0,,0.0,26592.5,False,0,0.0,54
T000087917,2026-03-05,P003,S08,Occasional Shopper,Online,19,1809.13,34200.0,0.0,34200.0,,0.0,3616.8,False,2,3618.26,19
T000087918,2026-03-05,P004,S08,Value Seeker,Online,1,37923.83,38000.0,76.17,37923.83,,0.0,1150.9,False,0,0.0,1
T000087919,2026-03-05,P005,S08,Premium Buyer,Online,35,6468.61,227500.0,1098.65,226401.35,,0.0,4791.7,False,1,6468.61,35
T000087920,2026-03-05,P006,S08,Loyal Regular,Physical Store,15,639.3,9750.0,160.5,9589.5,,0.0,18988.5,False,0,0.0,15
T000087921,2026-03-06,P001,S01,Value Seeker,Physical Store,0,12427.14,0.0,0.0,0.0,,0.0,1.0,True,0,0.0,147
T000087922,2026-03-06,P002,S01,Value Seeker,Online,159,181.45,28620.0,0.0,28620.0,,0.0,31196.5,False,1,181.45,159
T000087923,2026-03-06,P003,S01,Value Seeker,Physical Store,85,1817.13,153000.0,0.0,153000.0,,0.0,1742.1,False,7,12719.91,85
T000087924,2026-03-06,P004,S01,Value Seeker,Mobile App,29,38168.71,1102000.0,0.0,1102000.0,,0.0,900.0,False,0,0.0,29
T000087925,2026-03-06,P005,S01,Value Seeker,Online,305,6453.41,1982500.0,14209.95,1968290.05,,0.0,410.9,False,12,77440.92,305
T000087926,2026-03-06,P006,S01,Value Seeker,Physical Store,125,646.0,81250.0,500.0,80750.0,,0.0,19830.6,False,4,2584.0,125
T000087927,2026-03-06,P001,S02,Loyal Regular,Marketplace,94,12624.6,1175000.0,0.0,1175000.0,,0.0,300.1,False,3,37873.8,94
T000087928,2026-03-06,P002,S02,Premium Buyer,Online,80,181.42,14400.0,0.0,14400.0,,0.0,16394.8,False,0,0.0,80
T000087929,2026-03-06,P003,S02,Value Seeker,Online,72,1771.67,129600.0,2039.76,127560.24,,0.0,2049.6,False,2,3543.34,72
T000087930,2026-03-06,P004,S02,Budget Shopper,Physical Store,10,37987.34,380000.0,126.6,379873.4,,0.0,169.8,False,1,37987.34,10
T000087931,2026-03-06,P005,S02,Occasional Shopper,Marketplace,88,6517.24,572000.0,0.0,572000.0,,0.0,1991.8,False,3,19551.72,88
T000087932,2026-03-06,P006,S02,Value Seeker,Online,123,647.01,79950.0,367.77,79582.23,,0.0,23873.3,False,3,1941.03,123
T000087933,2026-03-06,P001,S03,Occasional Shopper,Marketplace,84,12287.59,1050000.0,17842.44,1032157.56,,0.0,1383.2,False,6,73725.54,84
T000087934,2026-03-06,P002,S03,Occasional Shopper,Mobile App,79,178.76,14220.0,97.96,14122.04,,0.0,21893.5,False,0,0.0,79
T000087935,2026-03-06,P003,S03,Budget Shopper,Online,28,1820.42,50400.0,0.0,50400.0,,0.0,2520.1,False,1,1820.42,28
T000087936,2026-03-06,P004,S03,Budget Shopper,Marketplace,17,38972.54,646000.0,0.0,646000.0,,0.0,812.2,False,1,38972.54,17
T000087937,2026-03-06,P005,S03,Value Seeker,Online,125,6468.5,812500.0,3937.5,808562.5,,0.0,1777.7,False,5,32342.5,125
T000087938,2026-03-06,P006,S03,Premium Buyer,Online,131,652.37,85150.0,0.0,85150.0,,0.0,14102.9,False,5,3261.85,131
T000087939,2026-03-06,P001,S04,Loyal Regular,Physical Store,132,12465.62,1650000.0,4538.16,1645461.84,,0.0,1251.0,False,5,62328.1,132
T000087940,2026-03-06,P002,S04,Loyal Regular,Physical Store,132,155.17,23760.0,3277.56,20482.44,Flash Discount,13.9,27598.7,False,0,0.0,132
T000087941,2026-03-06,P003,S04,Premium Buyer,Online,54,1822.01,97200.0,0.0,97200.0,,0.0,4970.1,False,13,23686.13,54
T000087942,2026-03-06,P004,S04,Occasional Shopper,Physical Store,23,38565.61,874000.0,0.0,874000.0,,0.0,84.0,False,1,38565.61,23
T000087943,2026-03-06,P005,S04,Premium Buyer,Physical Store,54,6497.59,351000.0,130.14,350869.86,,0.0,3239.6,False,3,19492.77,54
T000087944,2026-03-06,P006,S04,Occasional Shopper,Online,105,643.98,68250.0,632.1,67617.9,,0.0,15701.2,False,1,643.98,105
T000087945,2026-03-06,P001,S05,Budget Shopper,Physical Store,25,12489.27,312500.0,268.25,312231.75,,0.0,704.1,False,0,0.0,25
T000087946,2026-03-06,P002,S05,Occasional Shopper,Physical Store,88,177.41,15840.0,227.92,15612.08,,0.0,24720.0,False,1,177.41,88
T000087947,2026-03-06,P003,S05,Budget Shopper,Online,14,1834.66,25200.0,0.0,25200.0,,0.0,2018.9,False,4,7338.64,14
T000087948,2026-03-06,P004,S05,Budget Shopper,Online,14,37895.3,532000.0,1465.8,530534.2,,0.0,155.6,False,0,0.0,14
T000087949,2026-03-06,P005,S05,Value Seeker,Online,3,6390.84,19500.0,327.48,19172.52,,0.0,3.3,True,0,0.0,37
T000087950,2026-03-06,P006,S05,Loyal Regular,Physical Store,67,635.85,43550.0,948.05,42601.95,,0.0,15713.2,False,3,1907.55,67
T000087951,2026-03-06,P001,S06,Occasional Shopper,Marketplace,135,12536.95,1687500.0,0.0,1687500.0,,0.0,244.1,False,10,125369.5,135
T000087952,2026-03-06,P002,S06,Occasional Shopper,Physical Store,44,182.3,7920.0,0.0,7920.0,,0.0,25980.7,False,0,0.0,44
T000087953,2026-03-06,P003,S06,Value Seeker,Mobile App,42,1751.68,75600.0,2029.44,73570.56,,0.0,5807.9,False,8,14013.44,42
T000087954,2026-03-06,P004,S06,Budget Shopper,Mobile App,6,38845.69,228000.0,0.0,228000.0,,0.0,813.7,False,0,0.0,6
T000087955,2026-03-06,P005,S06,Loyal Regular,Mobile App,49,6515.49,318500.0,0.0,318500.0,,0.0,2535.3,False,2,13030.98,49
T000087956,2026-03-06,P006,S06,Value Seeker,Physical Store,89,656.46,57850.0,0.0,57850.0,,0.0,35923.1,False,5,3282.3,89
T000087957,2026-03-06,P001,S07,Premium Buyer,Physical Store,37,12595.06,462500.0,0.0,462500.0,,0.0,3162.1,False,2,25190.12,37
T000087958,2026-03-06,P003,S07,Budget Shopper,Mobile App,14,1808.93,25200.0,0.0,25200.0,,0.0,8150.7,False,1,1808.93,14
T000087959,2026-03-06,P004,S07,Budget Shopper,Physical Store,6,33243.83,228000.0,28537.02,199462.98,Flash Discount,12.79,850.3,False,0,0.0,6
T000087960,2026-03-06,P005,S07,Premium Buyer,Online,26,6496.95,169000.0,79.3,168920.7,,0.0,4195.4,False,0,0.0,26
T000087961,2026-03-06,P006,S07,Value Seeker,Online,53,650.0,34450.0,0.0,34450.0,,0.0,19849.5,False,0,0.0,53
T000087962,2026-03-06,P001,S08,Budget Shopper,Physical Store,36,12383.81,450000.0,4182.84,445817.16,,0.0,3334.7,False,0,0.0,36
T000087963,2026-03-06,P002,S08,Loyal Regular,Mobile App,67,176.09,12060.0,261.97,11798.03,,0.0,26538.5,False,0,0.0,67
T000087964,2026-03-06,P003,S08,Occasional Shopper,Online,14,1804.98,25200.0,0.0,25200.0,,0.0,3597.8,False,4,7219.92,14
T000087965,2026-03-06,P004,S08,Budget Shopper,Physical Store,4,37865.73,152000.0,537.08,151462.92,,0.0,1272.3,False,0,0.0,4
T000087966,2026-03-06,P005,S08,Budget Shopper,Mobile App,42,6464.24,273000.0,1501.92,271498.08,,0.0,4756.7,False,0,0.0,42
T000087967,2026-03-06,P006,S08,Loyal Regular,Online,106,653.1,68900.0,0.0,68900.0,,0.0,19808.8,False,3,1959.3,106
T000087968,2026-03-07,P001,S01,Occasional Shopper,Physical Store,256,12654.99,3200000.0,0.0,3200000.0,,0.0,256.9,True,16,202479.84,274
T000087969,2026-03-07,P002,S01,Occasional Shopper,Online,71,180.82,12780.0,0.0,12780.0,,0.0,32057.4,False,0,0.0,71
T000087970,2026-03-07,P003,S01,Premium Buyer,Mobile App,111,1834.11,199800.0,0.0,199800.0,,0.0,1973.1,False,15,27511.65,111
T000087971,2026-03-07,P004,S01,Occasional Shopper,Physical Store,18,38221.86,684000.0,0.0,684000.0,,0.0,1034.8,False,0,0.0,18
T000087972,2026-03-07,P005,S01,Value Seeker,Online,101,6506.15,656500.0,0.0,656500.0,,0.0,105.9,False,3,19518.45,101
T000087973,2026-03-07,P006,S01,Loyal Regular,Physical Store,167,644.21,108550.0,966.93,107583.07,,0.0,19705.6,False,9,5797.89,167
T000087974,2026-03-07,P001,S02,Occasional Shopper,Physical Store,130,12380.41,1625000.0,15546.7,1609453.3,,0.0,206.1,False,8,99043.28,130
T000087975,2026-03-07,P002,S02,Loyal Regular,Physical Store,136,178.49,24480.0,205.36,24274.64,,0.0,16314.8,False,0,0.0,136
T000087976,2026-03-07,P003,S02,Loyal Regular,Physical Store,100,1784.35,180000.0,1565.0,178435.0,,0.0,2416.0,False,8,14274.8,100
T000087977,2026-03-07,P004,S02,Premium Buyer,Physical Store,18,37501.05,684000.0,8981.1,675018.9,,0.0,159.8,False,1,37501.05,18
T000087978,2026-03-07,P005,S02,Value Seeker,Marketplace,141,6535.7,916500.0,0.0,916500.0,,0.0,1903.8,False,1,6535.7,141
T000087979,2026-03-07,P006,S02,Occasional Shopper,Physical Store,162,658.65,105300.0,0.0,105300.0,,0.0,23750.3,False,6,3951.9,162
T000087980,2026-03-07,P001,S03,Value Seeker,Physical Store,177,11577.39,2212500.0,163301.97,2049198.03,Flash Discount,8.07,1299.2,False,5,57886.95,177
T000087981,2026-03-07,P002,S03,Loyal Regular,Mobile App,96,179.26,17280.0,71.04,17208.96,,0.0,22767.5,False,0,0.0,96
T000087982,2026-03-07,P003,S03,Premium Buyer,Physical Store,52,1768.54,93600.0,1635.92,91964.08,,0.0,2492.1,False,5,8842.7,52
T000087983,2026-03-07,P004,S03,Value Seeker,Online,27,37203.75,1026000.0,21498.75,1004501.25,,0.0,795.2,False,1,37203.75,27
T000087984,2026-03-07,P005,S03,Occasional Shopper,Online,102,6509.3,663000.0,0.0,663000.0,,0.0,1652.7,False,2,13018.6,102
T000087985,2026-03-07,P006,S03,Budget Shopper,Physical Store,58,652.51,37700.0,0.0,37700.0,,0.0,13971.9,False,1,652.51,58
T000087986,2026-03-07,P001,S04,Budget Shopper,Online,73,12523.37,912500.0,0.0,912500.0,,0.0,1119.0,False,9,112710.33,73
T000087987,2026-03-07,P002,S04,Budget Shopper,Marketplace,93,178.73,16740.0,118.11,16621.89,,0.0,28362.7,False,1,178.73,93
T000087988,2026-03-07,P003,S04,Budget Shopper,Physical Store,54,1783.06,97200.0,914.76,96285.24,,0.0,4916.1,False,4,7132.24,54
T000087989,2026-03-07,P004,S04,Occasional Shopper,Physical Store,19,37463.12,722000.0,10200.72,711799.28,,0.0,119.1,False,3,112389.36,19
T000087990,2026-03-07,P005,S04,Occasional Shopper,Physical Store,64,6460.64,416000.0,2519.04,413480.96,,0.0,3429.5,False,1,6460.64,64
T000087991,2026-03-07,P001,S05,Premium Buyer,Marketplace,91,12496.85,1137500.0,286.65,1137213.35,,0.0,679.1,False,6,74981.1,91
T000087992,2026-03-07,P002,S05,Budget Shopper,Physical Store,163,180.65,29340.0,0.0,29340.0,,0.0,25475.2,False,2,361.3,163
T000087993,2026-03-07,P003,S05,Loyal Regular,Marketplace,22,1787.43,39600.0,276.54,39323.46,,0.0,2004.9,False,1,1787.43,22
T000087994,2026-03-07,P004,S05,Budget Shopper,Physical Store,8,38493.24,304000.0,0.0,304000.0,,0.0,141.6,False,0,0.0,8
T000087995,2026-03-07,P005,S05,Loyal Regular,Physical Store,39,6440.73,253500.0,2311.53,251188.47,,0.0,251.2,False,1,6440.73,39
T000087996,2026-03-07,P006,S05,Value Seeker,Online,122,655.11,79300.0,0.0,79300.0,,0.0,15646.2,False,4,2620.44,122
T000087997,2026-03-07,P001,S06,Value Seeker,Physical Store,67,12607.15,837500.0,0.0,837500.0,,0.0,109.1,False,4,50428.6,67
T000087998,2026-03-07,P002,S06,Premium Buyer,Mobile App,102,179.16,18360.0,85.68,18274.32,,0.0,26566.1,False,0,0.0,102
T000087999,2026-03-07,P003,S06,Premium Buyer,Physical Store,54,1785.16,97200.0,801.36,96398.64,,0.0,6190.4,False,13,23207.08,54
T000088000,2026-03-07,P004,S06,Budget Shopper,Online,7,38385.0,266000.0,0.0,266000.0,,0.0,807.7,False,0,0.0,7
T000088001,2026-03-07,P006,S06,Loyal Regular,Physical Store,87,645.77,56550.0,368.01,56181.99,,0.0,36799.0,False,2,1291.54,87
T000088002,2026-03-07,P001,S07,Budget Shopper,Physical Store,38,12492.21,475000.0,296.02,474703.98,,0.0,3125.1,False,1,12492.21,38
T000088003,2026-03-07,P002,S07,Premium Buyer,Physical Store,68,180.41,12240.0,0.0,12240.0,,0.0,32002.5,False,0,0.0,68
T000088004,2026-03-07,P003,S07,Budget Shopper,Marketplace,23,1821.23,41400.0,0.0,41400.0,,0.0,8136.7,False,3,5463.69,23
T000088005,2026-03-07,P004,S07,Occasional Shopper,Physical Store,7,38062.71,266000.0,0.0,266000.0,,0.0,844.3,False,0,0.0,7
T000088006,2026-03-07,P005,S07,Value Seeker,Online,23,6495.03,149500.0,114.31,149385.69,,0.0,4169.4,False,0,0.0,23
T000088007,2026-03-07,P006,S07,Budget Shopper,Physical Store,66,637.71,42900.0,811.14,42088.86,,0.0,19796.5,False,2,1275.42,66
T000088008,2026-03-07,P001,S08,Value Seeker,Physical Store,65,12466.75,812500.0,2161.25,810338.75,,0.0,3298.7,False,8,99734.0,65
T000088009,2026-03-07,P002,S08,Premium Buyer,Mobile App,35,179.8,6300.0,7.0,6293.0,,0.0,26471.5,False,3,539.4,35
T000088010,2026-03-07,P003,S08,Occasional Shopper,Mobile App,39,1768.78,70200.0,1217.58,68982.42,,0.0,3874.2,False,5,8843.9,39
T000088011,2026-03-07,P004,S08,Premium Buyer,Physical Store,10,37954.65,380000.0,453.5,379546.5,,0.0,1268.3,False,1,37954.65,10
T000088012,2026-03-07,P005,S08,Premium Buyer,Online,73,6512.42,474500.0,0.0,474500.0,,0.0,5097.0,False,8,52099.36,73
T000088013,2026-03-07,P006,S08,Budget Shopper,Physical Store,167,648.66,108550.0,223.78,108326.22,,0.0,20592.4,False,5,3243.3,167
T000088014,2026-03-08,P001,S01,Budget Shopper,Mobile App,0,12207.68,0.0,0.0,0.0,,0.0,0.9,True,0,0.0,214
T000088015,2026-03-08,P002,S01,Premium Buyer,Physical Store,192,180.48,34560.0,0.0,34560.0,,0.0,33014.8,False,0,0.0,192
T000088016,2026-03-08,P003,S01,Budget Shopper,Mobile App,110,1809.78,198000.0,0.0,198000.0,,0.0,2101.2,False,11,19907.58,110
T000088017,2026-03-08,P004,S01,Occasional Shopper,Physical Store,34,37713.24,1292000.0,9749.84,1282250.16,,0.0,1016.8,False,1,37713.24,34
T000088018,2026-03-08,P006,S01,Budget Shopper,Physical Store,320,660.43,208000.0,0.0,208000.0,,0.0,19538.6,False,5,3302.15,320
T000088019,2026-03-08,P001,S02,Occasional Shopper,Physical Store,76,12578.87,950000.0,0.0,950000.0,,0.0,76.1,True,4,50315.48,86
T000088020,2026-03-08,P002,S02,Value Seeker,Physical Store,157,181.92,28260.0,0.0,28260.0,,0.0,16178.8,False,1,181.92,157
T000088021,2026-03-08,P003,S02,Loyal Regular,Marketplace,106,1799.3,190800.0,74.2,190725.8,,0.0,2316.0,False,24,43183.2,106
T000088022,2026-03-08,P004,S02,Value Seeker,Marketplace,19,38186.37,722000.0,0.0,722000.0,,0.0,234.9,False,1,38186.37,19
T000088023,2026-03-08,P006,S02,Occasional Shopper,Physical Store,58,648.9,37700.0,63.8,37636.2,,0.0,23588.3,False,2,1297.8,58
T000088024,2026-03-08,P001,S03,Budget Shopper,Mobile App,94,12572.36,1175000.0,0.0,1175000.0,,0.0,1122.2,False,4,50289.44,94
T000088025,2026-03-08,P002,S03,Occasional Shopper,Online,133,182.46,23940.0,0.0,23940.0,,0.0,23585.0,False,0,0.0,133
T000088026,2026-03-08,P003,S03,Loyal Regular,Online,68,1771.56,122400.0,1933.92,120466.08,,0.0,2440.1,False,6,10629.36,68
T000088027,2026-03-08,P004,S03,Value Seeker,Physical Store,17,38014.13,646000.0,0.0,646000.0,,0.0,843.5,False,0,0.0,17
T000088028,2026-03-08,P005,S03,Budget Shopper,Marketplace,195,6492.95,1267500.0,1374.75,1266125.25,,0.0,1837.5,False,8,51943.6,195
T000088029,2026-03-08,P006,S03,Budget Shopper,Physical Store,172,640.69,111800.0,1601.32,110198.68,,0.0,14705.1,False,2,1281.38,172
T000088030,2026-03-08,P001,S04,Budget Shopper,Online,105,12568.87,1312500.0,0.0,1312500.0,,0.0,1301.9,False,8,100550.96,105
T000088031,2026-03-08,P002,S04,Occasional Shopper,Marketplace,178,182.08,32040.0,0.0,32040.0,,0.0,28269.7,False,2,364.16,178
T000088032,2026-03-08,P003,S04,Value Seeker,Physical Store,29,1843.65,52200.0,0.0,52200.0,,0.0,4862.1,False,6,11061.9,29
T000088033,2026-03-08,P004,S04,Loyal Regular,Physical Store,11,37569.87,418000.0,4731.43,413268.57,,0.0,100.1,False,1,37569.87,11
T000088034,2026-03-08,P005,S04,Budget Shopper,Physical Store,54,6423.73,351000.0,4118.58,346881.42,,0.0,3365.5,False,1,6423.73,54
T000088035,2026-03-08,P006,S04,Budget Shopper,Physical Store,159,647.52,103350.0,394.32,102955.68,,0.0,15596.2,False,9,5827.68,159
T000088036,2026-03-08,P001,S05,Value Seeker,Physical Store,130,12473.44,1625000.0,3452.8,1621547.2,,0.0,588.1,False,9,112260.96,130
T000088037,2026-03-08,P002,S05,Premium Buyer,Online,52,178.31,9360.0,87.88,9272.12,,0.0,26084.5,False,0,0.0,52
T000088038,2026-03-08,P003,S05,Premium Buyer,Online,32,1811.11,57600.0,0.0,57600.0,,0.0,1982.9,False,5,9055.55,32
T000088039,2026-03-08,P004,S05,Budget Shopper,Online,17,38196.04,646000.0,0.0,646000.0,,0.0,133.6,False,0,0.0,17
T000088040,2026-03-08,P005,S05,Budget Shopper,Marketplace,52,6561.93,338000.0,0.0,338000.0,,0.0,212.2,False,2,13123.86,52
T000088041,2026-03-08,P006,S05,Budget Shopper,Mobile App,56,648.14,36400.0,104.16,36295.84,,0.0,16063.8,False,0,0.0,56
T000088042,2026-03-08,P001,S06,Budget Shopper,Physical Store,42,12709.3,525000.0,0.0,525000.0,,0.0,42.1,True,5,63546.5,70
T000088043,2026-03-08,P002,S06,Value Seeker,Online,171,178.97,30780.0,176.13,30603.87,,0.0,26464.1,False,0,0.0,171
T000088044,2026-03-08,P003,S06,Value Seeker,Mobile App,17,1840.32,30600.0,0.0,30600.0,,0.0,6136.4,False,2,3680.64,17
T000088045,2026-03-08,P004,S06,Loyal Regular,Online,8,38181.17,304000.0,0.0,304000.0,,0.0,800.7,False,1,38181.17,8
T000088046,2026-03-08,P005,S06,Occasional Shopper,Physical Store,24,6423.44,156000.0,1837.44,154162.56,,0.0,2486.3,False,1,6423.44,24
T000088047,2026-03-08,P006,S06,Value Seeker,Mobile App,82,643.17,53300.0,560.06,52739.94,,0.0,37539.7,False,4,2572.68,82
T000088048,2026-03-08,P001,S07,Budget Shopper,Online,58,12642.67,725000.0,0.0,725000.0,,0.0,3309.4,False,3,37928.01,58
T000088049,2026-03-08,P002,S07,Loyal Regular,Online,25,179.33,4500.0,16.75,4483.25,,0.0,32806.3,False,0,0.0,25
T000088050,2026-03-08,P003,S07,Budget Shopper,Physical Store,33,1807.62,59400.0,0.0,59400.0,,0.0,8446.0,False,3,5422.86,33
T000088051,2026-03-08,P004,S07,Loyal Regular,Online,15,33544.49,570000.0,66832.65,503167.35,Flash Discount,11.46,837.3,False,1,33544.49,15
T000088052,2026-03-08,P005,S07,Loyal Regular,Mobile App,38,6543.07,247000.0,0.0,247000.0,,0.0,4146.4,False,0,0.0,38
T000088053,2026-03-08,P006,S07,Loyal Regular,Mobile App,38,654.25,24700.0,0.0,24700.0,,0.0,20288.2,False,0,0.0,38
T000088054,2026-03-08,P001,S08,Occasional Shopper,Online,47,12576.72,587500.0,0.0,587500.0,,0.0,3233.7,False,3,37730.16,47
T000088055,2026-03-08,P002,S08,Value Seeker,Marketplace,46,182.53,8280.0,0.0,8280.0,,0.0,27335.7,False,0,0.0,46
T000088056,2026-03-08,P003,S08,Loyal Regular,Marketplace,42,1811.39,75600.0,0.0,75600.0,,0.0,3835.2,False,7,12679.73,42
T000088057,2026-03-08,P004,S08,Value Seeker,Physical Store,23,36966.7,874000.0,23765.9,850234.1,,0.0,1258.3,False,1,36966.7,23
T000088058,2026-03-08,P005,S08,Value Seeker,Physical Store,98,6394.32,637000.0,10356.64,626643.36,,0.0,5024.0,False,3,19182.96,98
T000088059,2026-03-08,P006,S08,Budget Shopper,Physical Store,134,652.89,87100.0,0.0,87100.0,,0.0,21580.2,False,10,6528.9,134
T000088060,2026-03-09,P001,S01,Loyal Regular,Online,0,12513.53,0.0,0.0,0.0,,0.0,0.9,True,0,0.0,57
T000088061,2026-03-09,P002,S01,Budget Shopper,Physical Store,185,178.36,33300.0,303.4,32996.6,,0.0,32822.8,False,1,178.36,185
T000088062,2026-03-09,P003,S01,Value Seeker,Physical Store,66,1808.63,118800.0,0.0,118800.0,,0.0,1991.2,False,7,12660.41,66
T000088063,2026-03-09,P004,S01,Premium Buyer,Physical Store,13,37836.14,494000.0,2130.18,491869.82,,0.0,982.8,False,0,0.0,13
T000088064,2026-03-09,P005,S01,Premium Buyer,Marketplace,4,6518.81,26000.0,0.0,26000.0,,0.0,4.9,True,0,0.0,70
T000088065,2026-03-09,P006,S01,Budget Shopper,Physical Store,128,656.1,83200.0,0.0,83200.0,,0.0,20299.0,False,4,2624.4,128
T000088066,2026-03-09,P001,S02,Premium Buyer,Physical Store,116,12382.95,1450000.0,13577.8,1436422.2,,0.0,411.8,False,3,37148.85,116
T000088067,2026-03-09,P002,S02,Budget Shopper,Physical Store,124,181.22,22320.0,0.0,22320.0,,0.0,16944.5,False,0,0.0,124
T000088068,2026-03-09,P003,S02,Loyal Regular,Mobile App,123,1801.33,221400.0,0.0,221400.0,,0.0,2210.0,False,11,19814.63,123
T000088069,2026-03-09,P004,S02,Premium Buyer,Physical Store,11,33821.45,418000.0,45964.05,372035.95,Flash Discount,11.24,215.9,False,0,0.0,11
T000088070,2026-03-09,P005,S02,Occasional Shopper,Marketplace,78,6505.88,507000.0,0.0,507000.0,,0.0,2075.8,False,2,13011.76,78
T000088071,2026-03-09,P006,S02,Value Seeker,Physical Store,107,656.66,69550.0,0.0,69550.0,,0.0,24231.4,False,4,2626.64,107
T000088072,2026-03-09,P001,S03,Occasional Shopper,Physical Store,159,12403.05,1987500.0,15415.05,1972084.95,,0.0,1028.2,False,6,74418.3,159
T000088073,2026-03-09,P002,S03,Value Seeker,Physical Store,95,181.72,17100.0,0.0,17100.0,,0.0,24518.8,False,2,363.44,95
T000088074,2026-03-09,P003,S03,Loyal Regular,Marketplace,40,1797.01,72000.0,119.6,71880.4,,0.0,2372.1,False,8,14376.08,40
T000088075,2026-03-09,P004,S03,Value Seeker,Online,8,37550.05,304000.0,3599.6,300400.4,,0.0,826.5,False,0,0.0,8
T000088076,2026-03-09,P005,S03,Budget Shopper,Marketplace,131,6571.53,851500.0,0.0,851500.0,,0.0,1642.5,False,4,26286.12,131
T000088077,2026-03-09,P006,S03,Occasional Shopper,Physical Store,100,646.92,65000.0,308.0,64692.0,,0.0,14533.1,False,4,2587.68,100
T000088078,2026-03-09,P001,S04,Budget Shopper,Physical Store,50,12476.13,625000.0,1193.5,623806.5,,0.0,1196.9,False,1,12476.13,50
T000088079,2026-03-09,P002,S04,Premium Buyer,Physical Store,88,177.86,15840.0,188.32,15651.68,,0.0,29083.2,False,0,0.0,88
T000088080,2026-03-09,P004,S04,Occasional Shopper,Mobile App,14,38122.28,532000.0,0.0,532000.0,,0.0,150.8,False,1,38122.28,14
T000088081,2026-03-09,P005,S04,Budget Shopper,Physical Store,61,6527.81,396500.0,0.0,396500.0,,0.0,3554.8,False,4,26111.24,61
T000088082,2026-03-09,P006,S04,Loyal Regular,Online,49,661.01,31850.0,0.0,31850.0,,0.0,16403.1,False,2,1322.02,49
T000088083,2026-03-09,P001,S05,Premium Buyer,Online,10,12506.1,125000.0,0.0,125000.0,,0.0,458.1,False,0,0.0,10
T000088084,2026-03-09,P002,S05,Value Seeker,Physical Store,168,181.91,30240.0,0.0,30240.0,,0.0,27161.1,False,2,363.82,168
T000088085,2026-03-09,P003,S05,Value Seeker,Marketplace,39,1772.41,70200.0,1076.01,69123.99,,0.0,1950.9,False,7,12406.87,39
T000088086,2026-03-09,P004,S05,Value Seeker,Online,15,38088.85,570000.0,0.0,570000.0,,0.0,116.6,False,0,0.0,15
T000088087,2026-03-09,P005,S05,Value Seeker,Physical Store,84,6499.79,546000.0,17.64,545982.36,,0.0,160.2,False,3,19499.37,84
T000088088,2026-03-09,P006,S05,Loyal Regular,Online,121,658.96,78650.0,0.0,78650.0,,0.0,16007.8,False,7,4612.72,121
T000088089,2026-03-09,P001,S06,Budget Shopper,Physical Store,0,12293.69,0.0,0.0,0.0,,0.0,0.1,True,0,0.0,46
T000088090,2026-03-09,P002,S06,Premium Buyer,Online,70,182.17,12600.0,0.0,12600.0,,0.0,27231.7,False,0,0.0,70
T000088091,2026-03-09,P004,S06,Loyal Regular,Online,5,38326.92,190000.0,0.0,190000.0,,0.0,792.7,False,1,38326.92,5
T000088092,2026-03-09,P005,S06,Value Seeker,Online,21,6544.84,136500.0,0.0,136500.0,,0.0,2462.3,False,2,13089.68,21
T000088093,2026-03-09,P006,S06,Occasional Shopper,Physical Store,122,648.92,79300.0,131.76,79168.24,,0.0,37457.7,False,4,2595.68,122
T000088094,2026-03-09,P001,S07,Occasional Shopper,Online,39,12292.78,487500.0,8081.58,479418.42,,0.0,3251.4,False,1,12292.78,39
T000088095,2026-03-09,P002,S07,Occasional Shopper,Physical Store,73,178.81,13140.0,86.87,13053.13,,0.0,33984.3,False,0,0.0,73
T000088096,2026-03-09,P003,S07,Value Seeker,Online,31,1814.81,55800.0,0.0,55800.0,,0.0,8413.0,False,7,12703.67,31
T000088097,2026-03-09,P004,S07,Loyal Regular,Physical Store,19,37996.71,722000.0,62.51,721937.49,,0.0,822.3,False,1,37996.71,19
T000088098,2026-03-09,P005,S07,Premium Buyer,Online,32,6600.38,208000.0,0.0,208000.0,,0.0,4108.4,False,4,26401.52,32
T000088099,2026-03-09,P006,S07,Loyal Regular,Online,69,655.38,44850.0,0.0,44850.0,,0.0,20841.5,False,2,1310.76,69
T000088100,2026-03-09,P001,S08,Loyal Regular,Mobile App,21,12595.17,262500.0,0.0,262500.0,,0.0,3586.3,False,0,0.0,21
T000088101,2026-03-09,P002,S08,Value Seeker,Mobile App,53,182.63,9540.0,0.0,9540.0,,0.0,27289.7,False,1,182.63,53
T000088102,2026-03-09,P003,S08,Loyal Regular,Mobile App,29,1785.08,52200.0,432.68,51767.32,,0.0,4017.3,False,4,7140.32,29
T000088103,2026-03-09,P004,S08,Premium Buyer,Physical Store,24,38269.39,912000.0,0.0,912000.0,,0.0,1235.3,False,3,114808.17,24
T000088104,2026-03-09,P005,S08,Loyal Regular,Online,38,6482.54,247000.0,663.48,246336.52,,0.0,4926.0,False,0,0.0,38
T000088105,2026-03-09,P006,S08,Premium Buyer,Physical Store,140,647.9,91000.0,294.0,90706.0,,0.0,21446.2,False,1,647.9,140
T000088106,2026-03-10,P001,S01,Value Seeker,Online,0,12477.2,0.0,0.0,0.0,,0.0,0.9,True,0,0.0,173
T000088107,2026-03-10,P002,S01,Loyal Regular,Physical Store,84,179.09,15120.0,76.44,15043.56,,0.0,33815.7,False,0,0.0,84
T000088108,2026-03-10,P003,S01,Loyal Regular,Physical Store,116,1805.9,208800.0,0.0,208800.0,,0.0,2384.5,False,7,12641.3,116
T000088109,2026-03-10,P004,S01,Premium Buyer,Online,14,37861.61,532000.0,1937.46,530062.54,,0.0,969.8,False,0,0.0,14
T000088110,2026-03-10,P005,S01,Loyal Regular,Physical Store,114,6493.86,741000.0,699.96,740300.04,,0.0,246.8,False,3,19481.58,114
T000088111,2026-03-10,P006,S01,Loyal Regular,Physical Store,118,652.1,76700.0,0.0,76700.0,,0.0,20171.0,False,2,1304.2,118
T000088112,2026-03-10,P001,S02,Loyal Regular,Online,62,12421.7,775000.0,4854.6,770145.4,,0.0,295.8,False,2,24843.4,62
T000088113,2026-03-10,P002,S02,Occasional Shopper,Physical Store,122,180.4,21960.0,0.0,21960.0,,0.0,17697.3,False,1,180.4,122
T000088114,2026-03-10,P003,S02,Budget Shopper,Physical Store,70,1831.92,126000.0,0.0,126000.0,,0.0,2087.0,False,7,12823.44,70
T000088115,2026-03-10,P005,S02,Occasional Shopper,Physical Store,64,6571.31,416000.0,0.0,416000.0,,0.0,1997.8,False,1,6571.31,64
T000088116,2026-03-10,P006,S02,Occasional Shopper,Physical Store,160,640.6,104000.0,1504.0,102496.0,,0.0,24124.4,False,7,4484.2,160
T000088117,2026-03-10,P001,S03,Value Seeker,Mobile App,79,12492.42,987500.0,598.82,986901.18,,0.0,869.2,False,6,74954.52,79
T000088118,2026-03-10,P002,S03,Occasional Shopper,Physical Store,112,177.3,20160.0,302.4,19857.6,,0.0,24423.8,False,1,177.3,112
T000088119,2026-03-10,P003,S03,Budget Shopper,Physical Store,35,1797.85,63000.0,75.25,62924.75,,0.0,2332.1,False,4,7191.4,35
T000088120,2026-03-10,P005,S03,Premium Buyer,Mobile App,86,6547.2,559000.0,0.0,559000.0,,0.0,1848.2,False,4,26188.8,86
T000088121,2026-03-10,P006,S03,Budget Shopper,Physical Store,62,649.82,40300.0,11.16,40288.84,,0.0,15240.3,False,4,2599.28,62
T000088122,2026-03-10,P001,S04,Value Seeker,Online,99,12468.2,1237500.0,3148.2,1234351.8,,0.0,1146.9,False,10,124682.0,99
T000088123,2026-03-10,P002,S04,Budget Shopper,Physical Store,145,181.12,26100.0,0.0,26100.0,,0.0,29919.0,False,1,181.12,145
T000088124,2026-03-10,P003,S04,Occasional Shopper,Physical Store,21,1815.56,37800.0,0.0,37800.0,,0.0,4833.1,False,1,1815.56,21
T000088125,2026-03-10,P004,S04,Budget Shopper,Online,19,38273.71,722000.0,0.0,722000.0,,0.0,136.8,False,0,0.0,19
T000088126,2026-03-10,P005,S04,Value Seeker,Physical Store,80,6436.01,520000.0,5119.2,514880.8,,0.0,3493.8,False,2,12872.02,80
T000088127,2026-03-10,P006,S04,Premium Buyer,Online,121,652.16,78650.0,0.0,78650.0,,0.0,17536.5,False,2,1304.32,121
T000088128,2026-03-10,P001,S05,Value Seeker,Physical Store,97,12647.27,1212500.0,0.0,1212500.0,,0.0,448.1,False,4,50589.08,97
T000088129,2026-03-10,P002,S05,Value Seeker,Mobile App,89,179.63,16020.0,32.93,15987.07,,0.0,27812.9,False,0,0.0,89
T000088130,2026-03-10,P003,S05,Value Seeker,Online,18,1797.23,32400.0,49.86,32350.14,,0.0,2241.0,False,1,1797.23,18
T000088131,2026-03-10,P004,S05,Value Seeker,Physical Store,14,37861.91,532000.0,1933.26,530066.74,,0.0,101.6,False,0,0.0,14
T000088132,2026-03-10,P005,S05,Loyal Regular,Mobile App,76,6603.3,494000.0,0.0,494000.0,,0.0,76.2,True,6,39619.8,99
T000088133,2026-03-10,P006,S05,Loyal Regular,Marketplace,52,648.48,33800.0,79.04,33720.96,,0.0,15886.8,False,3,1945.44,52
T000088134,2026-03-10,P001,S06,Value Seeker,Mobile App,0,12248.99,0.0,0.0,0.0,,0.0,0.1,True,0,0.0,70
T000088135,2026-03-10,P002,S06,Loyal Regular,Physical Store,67,177.92,12060.0,139.36,11920.64,,0.0,27161.7,False,0,0.0,67
T000088136,2026-03-10,P003,S06,Premium Buyer,Physical Store,25,1790.87,45000.0,228.25,44771.75,,0.0,6119.4,False,3,5372.61,25
T000088137,2026-03-10,P004,S06,Value Seeker,Physical Store,5,37676.63,190000.0,1616.85,188383.15,,0.0,787.7,False,0,0.0,5
T000088138,2026-03-10,P005,S06,Budget Shopper,Online,35,6557.87,227500.0,0.0,227500.0,,0.0,2441.3,False,2,13115.74,35
T000088139,2026-03-10,P006,S06,Occasional Shopper,Mobile App,70,640.49,45500.0,665.7,44834.3,,0.0,38528.0,False,0,0.0,70
T000088140,2026-03-10,P001,S07,Budget Shopper,Online,59,12489.93,737500.0,594.13,736905.87,,0.0,3212.4,False,4,49959.72,59
T000088141,2026-03-10,P002,S07,Occasional Shopper,Mobile App,32,179.2,5760.0,25.6,5734.4,,0.0,34863.3,False,0,0.0,32
T000088142,2026-03-10,P003,S07,Budget Shopper,Physical Store,15,1800.89,27000.0,0.0,27000.0,,0.0,8382.0,False,1,1800.89,15
T000088143,2026-03-10,P004,S07,Budget Shopper,Physical Store,10,37430.4,380000.0,5696.0,374304.0,,0.0,803.3,False,0,0.0,10
T000088144,2026-03-10,P005,S07,Loyal Regular,Mobile App,17,6520.96,110500.0,0.0,110500.0,,0.0,4076.4,False,1,6520.96,17
T000088145,2026-03-10,P006,S07,Value Seeker,Mobile App,82,631.46,53300.0,1520.28,51779.72,,0.0,21381.4,False,4,2525.84,82
T000088146,2026-03-10,P001,S08,Loyal Regular,Physical Store,23,12551.6,287500.0,0.0,287500.0,,0.0,3565.3,False,1,12551.6,23
T000088147,2026-03-10,P002,S08,Budget Shopper,Physical Store,13,177.71,2340.0,29.77,2310.23,,0.0,27236.7,False,0,0.0,13
T000088148,2026-03-10,P003,S08,Value Seeker,Physical Store,26,1794.02,46800.0,155.48,46644.52,,0.0,3988.3,False,9,16146.18,26
T000088149,2026-03-10,P004,S08,Occasional Shopper,Mobile App,10,37666.69,380000.0,3333.1,376666.9,,0.0,1211.3,False,0,0.0,10
T000088150,2026-03-10,P005,S08,Occasional Shopper,Physical Store,46,6502.33,299000.0,0.0,299000.0,,0.0,5350.2,False,1,6502.33,46
T000088151,2026-03-10,P006,S08,Budget Shopper,Physical Store,64,649.95,41600.0,3.2,41596.8,,0.0,22554.2,False,2,1299.9,64
T000088152,2026-03-11,P001,S01,Budget Shopper,Online,121,12435.85,1512500.0,7762.15,1504737.85,,0.0,170.9,False,5,62179.25,121
T000088153,2026-03-11,P002,S01,Loyal Regular,Physical Store,253,179.09,45540.0,230.23,45309.77,,0.0,33731.7,False,3,537.27,253
T000088154,2026-03-11,P003,S01,Premium Buyer,Online,44,1791.97,79200.0,353.32,78846.68,,0.0,2268.5,False,4,7167.88,44
T000088155,2026-03-11,P004,S01,Budget Shopper,Mobile App,19,37859.27,722000.0,2673.87,719326.13,,0.0,955.8,False,0,0.0,19
T000088156,2026-03-11,P005,S01,Value Seeker,Online,37,6495.69,240500.0,159.47,240340.53,,0.0,132.8,False,1,6495.69,37
T000088157,2026-03-11,P006,S01,Budget Shopper,Online,78,643.54,50700.0,503.88,50196.12,,0.0,21072.3,False,0,0.0,78
T000088158,2026-03-11,P001,S02,Budget Shopper,Online,118,12575.74,1475000.0,0.0,1475000.0,,0.0,233.8,False,2,25151.48,118
T000088159,2026-03-11,P002,S02,Budget Shopper,Physical Store,170,178.29,30600.0,290.7,30309.3,,0.0,18492.9,False,1,178.29,170
T000088160,2026-03-11,P003,S02,Occasional Shopper,Online,95,1813.71,171000.0,0.0,171000.0,,0.0,2017.0,False,5,9068.55,95
T000088161,2026-03-11,P004,S02,Occasional Shopper,Physical Store,7,38123.78,266000.0,0.0,266000.0,,0.0,303.2,False,0,0.0,7
T000088162,2026-03-11,P005,S02,Loyal Regular,Online,48,6538.24,312000.0,0.0,312000.0,,0.0,2370.7,False,1,6538.24,48
T000088163,2026-03-11,P006,S02,Loyal Regular,Physical Store,123,655.5,79950.0,0.0,79950.0,,0.0,25165.3,False,2,1311.0,123
T000088164,2026-03-11,P001,S03,Value Seeker,Online,118,12564.56,1475000.0,0.0,1475000.0,,0.0,1077.3,False,8,100516.48,118
T000088165,2026-03-11,P002,S03,Value Seeker,Mobile App,47,181.77,8460.0,0.0,8460.0,,0.0,25167.7,False,0,0.0,47
T000088166,2026-03-11,P003,S03,Occasional Shopper,Mobile App,37,1773.41,66600.0,983.83,65616.17,,0.0,2297.1,False,5,8867.05,37
T000088167,2026-03-11,P004,S03,Budget Shopper,Physical Store,26,37374.86,988000.0,16253.64,971746.36,,0.0,818.5,False,0,0.0,26
T000088168,2026-03-11,P005,S03,Budget Shopper,Physical Store,85,6521.96,552500.0,0.0,552500.0,,0.0,1762.2,False,6,39131.76,85
T000088169,2026-03-11,P006,S03,Loyal Regular,Online,147,653.87,95550.0,0.0,95550.0,,0.0,15855.3,False,5,3269.35,147
T000088170,2026-03-11,P001,S04,Value Seeker,Marketplace,27,12471.81,337500.0,761.13,336738.87,,0.0,1047.9,False,1,12471.81,27
T000088171,2026-03-11,P002,S04,Budget Shopper,Marketplace,91,177.94,16380.0,187.46,16192.54,,0.0,30905.9,False,0,0.0,91
T000088172,2026-03-11,P003,S04,Value Seeker,Online,22,1820.44,39600.0,0.0,39600.0,,0.0,4812.1,False,5,9102.2,22
T000088173,2026-03-11,P004,S04,Loyal Regular,Online,10,38526.68,380000.0,0.0,380000.0,,0.0,117.8,False,1,38526.68,10
T000088174,2026-03-11,P005,S04,Loyal Regular,Online,43,6472.87,279500.0,1166.59,278333.41,,0.0,3413.8,False,4,25891.48,43
T000088175,2026-03-11,P006,S04,Value Seeker,Mobile App,100,640.59,65000.0,941.0,64059.0,,0.0,17415.5,False,9,5765.31,100
T000088176,2026-03-11,P001,S05,Value Seeker,Physical Store,92,12561.3,1150000.0,0.0,1150000.0,,0.0,649.9,False,8,100490.4,92
T000088177,2026-03-11,P002,S05,Value Seeker,Physical Store,80,179.89,14400.0,8.8,14391.2,,0.0,27723.9,False,1,179.89,80
T000088178,2026-03-11,P003,S05,Value Seeker,Online,21,1818.85,37800.0,0.0,37800.0,,0.0,2223.0,False,3,5456.55,21
T000088179,2026-03-11,P004,S05,Value Seeker,Physical Store,20,38203.01,760000.0,0.0,760000.0,,0.0,211.7,False,0,0.0,20
T000088180,2026-03-11,P005,S05,Value Seeker,Online,0,6452.57,0.0,0.0,0.0,,0.0,0.2,True,0,0.0,52
T000088181,2026-03-11,P006,S05,Budget Shopper,Marketplace,28,656.54,18200.0,0.0,18200.0,,0.0,16582.0,False,0,0.0,28
T000088182,2026-03-11,P001,S06,Value Seeker,Physical Store,0,12677.56,0.0,0.0,0.0,,0.0,0.1,True,0,0.0,57
T000088183,2026-03-11,P002,S06,Loyal Regular,Online,95,179.07,17100.0,88.35,17011.65,,0.0,27094.7,False,1,179.07,95
T000088184,2026-03-11,P003,S06,Value Seeker,Online,13,1798.49,23400.0,19.63,23380.37,,0.0,6419.1,False,2,3596.98,13
T000088185,2026-03-11,P004,S06,Value Seeker,Physical Store,8,38408.63,304000.0,0.0,304000.0,,0.0,782.7,False,0,0.0,8
T000088186,2026-03-11,P005,S06,Value Seeker,Physical Store,33,6552.19,214500.0,0.0,214500.0,,0.0,2406.3,False,0,0.0,33
T000088187,2026-03-11,P006,S06,Loyal Regular,Marketplace,59,649.0,38350.0,59.0,38291.0,,0.0,39748.2,False,1,649.0,59
T000088188,2026-03-11,P001,S07,Value Seeker,Online,36,12624.81,450000.0,0.0,450000.0,,0.0,3396.0,False,1,12624.81,36
T000088189,2026-03-11,P002,S07,Loyal Regular,Physical Store,65,179.42,11700.0,37.7,11662.3,,0.0,35685.8,False,0,0.0,65
T000088190,2026-03-11,P003,S07,Premium Buyer,Physical Store,15,1782.16,27000.0,267.6,26732.4,,0.0,8681.2,False,5,8910.8,15
T000088191,2026-03-11,P004,S07,Budget Shopper,Marketplace,5,38036.55,190000.0,0.0,190000.0,,0.0,793.3,False,0,0.0,5
T000088192,2026-03-11,P005,S07,Value Seeker,Physical Store,10,6496.19,65000.0,38.1,64961.9,,0.0,4059.4,False,0,0.0,10
T000088193,2026-03-11,P006,S07,Loyal Regular,Physical Store,26,656.67,16900.0,0.0,16900.0,,0.0,21299.4,False,0,0.0,26
T000088194,2026-03-11,P001,S08,Occasional Shopper,Physical Store,22,12687.86,275000.0,0.0,275000.0,,0.0,3542.3,False,0,0.0,22
T000088195,2026-03-11,P002,S08,Budget Shopper,Online,44,178.8,7920.0,52.8,7867.2,,0.0,28207.0,False,0,0.0,44
T000088196,2026-03-11,P003,S08,Loyal Regular,Physical Store,39,1787.77,70200.0,476.97,69723.03,,0.0,4388.6,False,7,12514.39,39
T000088197,2026-03-11,P004,S08,Value Seeker,Physical Store,5,38034.34,190000.0,0.0,190000.0,,0.0,1201.3,False,0,0.0,5
T000088198,2026-03-11,P005,S08,Value Seeker,Mobile App,31,6488.73,201500.0,349.37,201150.63,,0.0,5304.2,False,1,6488.73,31
T000088199,2026-03-11,P006,S08,Budget Shopper,Physical Store,57,652.88,37050.0,0.0,37050.0,,0.0,22490.2,False,2,1305.76,57
T000088200,2026-03-12,P001,S01,Budget Shopper,Marketplace,49,12449.87,612500.0,2456.37,610043.63,,0.0,49.9,True,5,62249.35,83
T000088201,2026-03-12,P002,S01,Value Seeker,Mobile App,207,181.87,37260.0,0.0,37260.0,,0.0,34344.8,False,1,181.87,207
T000088202,2026-03-12,P003,S01,Budget Shopper,Physical Store,74,1813.12,133200.0,0.0,133200.0,,0.0,2224.5,False,12,21757.44,74
T000088203,2026-03-12,P004,S01,Budget Shopper,Online,7,37475.75,266000.0,3669.75,262330.25,,0.0,936.8,False,0,0.0,7
T000088204,2026-03-12,P005,S01,Premium Buyer,Physical Store,82,6612.02,533000.0,0.0,533000.0,,0.0,95.8,False,5,33060.1,82
T000088205,2026-03-12,P006,S01,Value Seeker,Physical Store,264,659.39,171600.0,0.0,171600.0,,0.0,20994.3,False,4,2637.56,264
T000088206,2026-03-12,P001,S02,Premium Buyer,Marketplace,87,12672.67,1087500.0,0.0,1087500.0,,0.0,115.8,False,1,12672.67,87
T000088207,2026-03-12,P002,S02,Value Seeker,Mobile App,60,177.55,10800.0,147.0,10653.0,,0.0,19072.7,False,1,177.55,60
T000088208,2026-03-12,P003,S02,Loyal Regular,Physical Store,30,1808.1,54000.0,0.0,54000.0,,0.0,1922.0,False,1,1808.1,30
T000088209,2026-03-12,P004,S02,Loyal Regular,Physical Store,4,38120.0,152000.0,0.0,152000.0,,0.0,296.2,False,0,0.0,4
T000088210,2026-03-12,P005,S02,Loyal Regular,Online,56,6506.49,364000.0,0.0,364000.0,,0.0,2794.9,False,3,19519.47,56
T000088211,2026-03-12,P006,S02,Value Seeker,Online,169,651.11,109850.0,0.0,109850.0,,0.0,26073.2,False,9,5859.99,169
T000088212,2026-03-12,P001,S03,Occasional Shopper,Mobile App,94,12477.19,1175000.0,2144.14,1172855.86,,0.0,959.3,False,4,49908.76,94
T000088213,2026-03-12,P002,S03,Loyal Regular,Online,64,179.43,11520.0,36.48,11483.52,,0.0,25855.7,False,0,0.0,64
T000088214,2026-03-12,P003,S03,Value Seeker,Physical Store,28,1802.13,50400.0,0.0,50400.0,,0.0,2260.1,False,6,10812.78,28
T000088215,2026-03-12,P004,S03,Loyal Regular,Online,5,37841.31,190000.0,793.45,189206.55,,0.0,792.5,False,0,0.0,5
T000088216,2026-03-12,P005,S03,Value Seeker,Online,120,6493.21,780000.0,814.8,779185.2,,0.0,1677.2,False,2,12986.42,120
T000088217,2026-03-12,P006,S03,Budget Shopper,Mobile App,81,646.72,52650.0,265.68,52384.32,,0.0,15708.3,False,2,1293.44,81
T000088218,2026-03-12,P001,S04,Value Seeker,Online,97,12639.58,1212500.0,0.0,1212500.0,,0.0,1020.9,False,5,63197.9,97
T000088219,2026-03-12,P002,S04,Loyal Regular,Marketplace,105,181.74,18900.0,0.0,18900.0,,0.0,30814.9,False,0,0.0,105
T000088220,2026-03-12,P003,S04,Value Seeker,Online,28,1815.67,50400.0,0.0,50400.0,,0.0,4790.1,False,3,5447.01,28
T000088221,2026-03-12,P004,S04,Value Seeker,Online,17,37536.13,646000.0,7885.79,638114.21,,0.0,201.2,False,0,0.0,17
T000088222,2026-03-12,P005,S04,Premium Buyer,Mobile App,71,6464.37,461500.0,2529.73,458970.27,,0.0,3370.8,False,5,32321.85,71
T000088223,2026-03-12,P006,S04,Occasional Shopper,Mobile App,100,647.41,65000.0,259.0,64741.0,,0.0,18002.6,False,1,647.41,100
T000088224,2026-03-12,P001,S05,Premium Buyer,Online,89,12371.95,1112500.0,11396.45,1101103.55,,0.0,1031.5,False,7,86603.65,89
T000088225,2026-03-12,P002,S05,Occasional Shopper,Physical Store,138,176.87,24840.0,431.94,24408.06,,0.0,28545.2,False,0,0.0,138
T000088226,2026-03-12,P003,S05,Loyal Regular,Online,31,1788.3,55800.0,362.7,55437.3,,0.0,2546.6,False,2,3576.6,31
T000088227,2026-03-12,P004,S05,Loyal Regular,Physical Store,11,38675.49,418000.0,0.0,418000.0,,0.0,191.7,False,0,0.0,11
T000088228,2026-03-12,P005,S05,Loyal Regular,Physical Store,0,6511.75,0.0,0.0,0.0,,0.0,0.2,True,0,0.0,45
T000088229,2026-03-12,P006,S05,Value Seeker,Mobile App,77,643.44,50050.0,505.12,49544.88,,0.0,16554.0,False,2,1286.88,77
T000088230,2026-03-12,P001,S06,Value Seeker,Physical Store,0,12785.62,0.0,0.0,0.0,,0.0,0.1,True,0,0.0,32
T000088231,2026-03-12,P002,S06,Budget Shopper,Physical Store,57,180.44,10260.0,0.0,10260.0,,0.0,26999.7,False,0,0.0,57
T000088232,2026-03-12,P003,S06,Budget Shopper,Physical Store,19,1801.24,34200.0,0.0,34200.0,,0.0,6788.4,False,3,5403.72,19
T000088233,2026-03-12,P004,S06,Loyal Regular,Online,2,37408.17,76000.0,1183.66,74816.34,,0.0,774.7,False,0,0.0,2
T000088234,2026-03-12,P005,S06,Loyal Regular,Physical Store,20,6558.5,130000.0,0.0,130000.0,,0.0,2373.3,False,0,0.0,20
T000088235,2026-03-12,P006,S06,Budget Shopper,Marketplace,94,662.77,61100.0,0.0,61100.0,,0.0,40792.5,False,5,3313.85,94
T000088236,2026-03-12,P001,S07,Budget Shopper,Physical Store,52,12197.43,650000.0,15733.64,634266.36,,0.0,3670.4,False,3,36592.29,52
T000088237,2026-03-12,P002,S07,Budget Shopper,Physical Store,47,178.38,8460.0,76.14,8383.86,,0.0,35620.8,False,1,178.38,47
T000088238,2026-03-12,P003,S07,Value Seeker,Physical Store,7,1791.17,12600.0,61.81,12538.19,,0.0,8864.7,False,1,1791.17,7
T000088239,2026-03-12,P004,S07,Occasional Shopper,Online,15,38009.69,570000.0,0.0,570000.0,,0.0,877.0,False,1,38009.69,15
T000088240,2026-03-12,P005,S07,Loyal Regular,Mobile App,15,6415.27,97500.0,1270.95,96229.05,,0.0,4327.3,False,2,12830.54,15
T000088241,2026-03-12,P006,S07,Occasional Shopper,Physical Store,44,648.36,28600.0,72.16,28527.84,,0.0,21273.4,False,1,648.36,44
T000088242,2026-03-12,P001,S08,Premium Buyer,Online,65,12443.85,812500.0,3649.75,808850.25,,0.0,3520.3,False,2,24887.7,65
T000088243,2026-03-12,P002,S08,Occasional Shopper,Mobile App,37,180.61,6660.0,0.0,6660.0,,0.0,28163.0,False,0,0.0,37
T000088244,2026-03-12,P003,S08,Loyal Regular,Online,28,1779.54,50400.0,572.88,49827.12,,0.0,4349.6,False,3,5338.62,28
T000088245,2026-03-12,P004,S08,Loyal Regular,Online,22,37717.06,836000.0,6224.68,829775.32,,0.0,1196.3,False,0,0.0,22
T000088246,2026-03-12,P005,S08,Loyal Regular,Physical Store,79,6482.07,513500.0,1416.47,512083.53,,0.0,5273.2,False,4,25928.28,79
T000088247,2026-03-12,P006,S08,Value Seeker,Online,31,648.81,20150.0,36.89,20113.11,,0.0,22433.2,False,1,648.81,31
T000088248,2026-03-13,P001,S01,Value Seeker,Physical Store,0,12348.89,0.0,0.0,0.0,,0.0,0.9,True,0,0.0,123
T000088249,2026-03-13,P002,S01,Premium Buyer,Physical Store,86,181.77,15480.0,0.0,15480.0,,0.0,34137.8,False,0,0.0,86
T000088250,2026-03-13,P003,S01,Value Seeker,Mobile App,67,1832.39,120600.0,0.0,120600.0,,0.0,2541.2,False,7,12826.73,67
T000088251,2026-03-13,P004,S01,Budget Shopper,Physical Store,29,37998.17,1102000.0,53.07,1101946.93,,0.0,929.8,False,0,0.0,29
T000088252,2026-03-13,P005,S01,Loyal Regular,Online,13,6597.58,84500.0,0.0,84500.0,,0.0,13.8,True,0,0.0,89
T000088253,2026-03-13,P006,S01,Value Seeker,Physical Store,83,650.41,53950.0,0.0,53950.0,,0.0,20730.3,False,0,0.0,83
T000088254,2026-03-13,P001,S02,Value Seeker,Online,28,12789.12,350000.0,0.0,350000.0,,0.0,28.8,True,2,25578.24,107
T000088255,2026-03-13,P002,S02,Value Seeker,Online,81,180.26,14580.0,0.0,14580.0,,0.0,19012.7,False,0,0.0,81
T000088256,2026-03-13,P003,S02,Loyal Regular,Marketplace,52,1812.06,93600.0,0.0,93600.0,,0.0,1892.0,False,6,10872.36,52
T000088257,2026-03-13,P004,S02,Occasional Shopper,Online,11,38599.05,418000.0,0.0,418000.0,,0.0,292.2,False,1,38599.05,11
T000088258,2026-03-13,P005,S02,Value Seeker,Online,46,6567.99,299000.0,0.0,299000.0,,0.0,3183.3,False,0,0.0,46
T000088259,2026-03-13,P006,S02,Occasional Shopper,Physical Store,130,648.77,84500.0,159.9,84340.1,,0.0,25904.2,False,1,648.77,130
T000088260,2026-03-13,P001,S03,Occasional Shopper,Physical Store,133,12660.45,1662500.0,0.0,1662500.0,,0.0,865.3,False,8,101283.6,133
T000088261,2026-03-13,P002,S03,Value Seeker,Mobile App,40,181.98,7200.0,0.0,7200.0,,0.0,26728.2,False,0,0.0,40
T000088262,2026-03-13,P003,S03,Premium Buyer,Marketplace,24,1806.01,43200.0,0.0,43200.0,,0.0,2232.1,False,6,10836.06,24
T000088263,2026-03-13,P004,S03,Loyal Regular,Online,20,38194.12,760000.0,0.0,760000.0,,0.0,787.5,False,0,0.0,20
T000088264,2026-03-13,P005,S03,Value Seeker,Marketplace,101,6543.1,656500.0,0.0,656500.0,,0.0,1557.2,False,6,39258.6,101
T000088265,2026-03-13,P006,S03,Occasional Shopper,Marketplace,63,662.27,40950.0,0.0,40950.0,,0.0,16271.9,False,2,1324.54,63
T000088266,2026-03-13,P001,S04,Occasional Shopper,Mobile App,48,12150.12,600000.0,16794.24,583205.76,,0.0,923.9,False,1,12150.12,48
T000088267,2026-03-13,P002,S04,Budget Shopper,Physical Store,118,181.21,21240.0,0.0,21240.0,,0.0,30709.9,False,0,0.0,118
T000088268,2026-03-13,P003,S04,Premium Buyer,Marketplace,52,1804.59,93600.0,0.0,93600.0,,0.0,4762.1,False,11,19850.49,52
T000088269,2026-03-13,P004,S04,Premium Buyer,Physical Store,13,38507.43,494000.0,0.0,494000.0,,0.0,184.2,False,1,38507.43,13
T000088270,2026-03-13,P005,S04,Premium Buyer,Mobile App,55,6495.46,357500.0,249.7,357250.3,,0.0,3299.8,False,4,25981.84,55
T000088271,2026-03-13,P006,S04,Budget Shopper,Online,91,657.25,59150.0,0.0,59150.0,,0.0,19140.1,False,5,3286.25,91
T000088272,2026-03-13,P001,S05,Value Seeker,Marketplace,43,12574.65,537500.0,0.0,537500.0,,0.0,942.5,False,4,50298.6,43
T000088273,2026-03-13,P002,S05,Budget Shopper,Marketplace,111,178.28,19980.0,190.92,19789.08,,0.0,29586.7,False,0,0.0,111
T000088274,2026-03-13,P003,S05,Value Seeker,Physical Store,29,1814.22,52200.0,0.0,52200.0,,0.0,2515.6,False,5,9071.1,29
T000088275,2026-03-13,P004,S05,Premium Buyer,Physical Store,7,37838.84,266000.0,1128.12,264871.88,,0.0,275.5,False,0,0.0,7
T000088276,2026-03-13,P005,S05,Budget Shopper,Mobile App,0,6607.81,0.0,0.0,0.0,,0.0,0.2,True,0,0.0,66
T000088277,2026-03-13,P006,S05,Occasional Shopper,Physical Store,50,650.12,32500.0,0.0,32500.0,,0.0,17065.7,False,3,1950.36,50
T000088278,2026-03-13,P001,S06,Value Seeker,Marketplace,33,12521.19,412500.0,0.0,412500.0,,0.0,199.4,False,0,0.0,33
T000088279,2026-03-13,P002,S06,Value Seeker,Physical Store,118,183.0,21240.0,0.0,21240.0,,0.0,27817.1,False,1,183.0,118
T000088280,2026-03-13,P003,S06,Budget Shopper,Mobile App,55,1827.56,99000.0,0.0,99000.0,,0.0,6769.4,False,12,21930.72,55
T000088281,2026-03-13,P004,S06,Value Seeker,Mobile App,5,38305.37,190000.0,0.0,190000.0,,0.0,772.7,False,0,0.0,5
T000088282,2026-03-13,P006,S06,Value Seeker,Marketplace,74,655.56,48100.0,0.0,48100.0,,0.0,40698.5,False,1,655.56,74
T000088283,2026-03-13,P001,S07,Loyal Regular,Mobile App,27,12542.8,337500.0,0.0,337500.0,,0.0,3618.4,False,2,25085.6,27
T000088284,2026-03-13,P002,S07,Budget Shopper,Mobile App,36,177.85,6480.0,77.4,6402.6,,0.0,35573.8,False,0,0.0,36
T000088285,2026-03-13,P003,S07,Budget Shopper,Physical Store,17,1806.9,30600.0,0.0,30600.0,,0.0,8857.7,False,3,5420.7,17
T000088286,2026-03-13,P004,S07,Value Seeker,Mobile App,7,38256.43,266000.0,0.0,266000.0,,0.0,993.5,False,0,0.0,7
T000088287,2026-03-13,P005,S07,Loyal Regular,Marketplace,24,6607.46,156000.0,0.0,156000.0,,0.0,4312.3,False,0,0.0,24
T000088288,2026-03-13,P006,S07,Occasional Shopper,Marketplace,65,651.05,42250.0,0.0,42250.0,,0.0,22112.7,False,2,1302.1,65
T000088289,2026-03-13,P001,S08,Occasional Shopper,Mobile App,20,12604.01,250000.0,0.0,250000.0,,0.0,3822.4,False,0,0.0,20
T000088290,2026-03-13,P002,S08,Loyal Regular,Online,53,156.35,9540.0,1253.45,8286.55,Flash Discount,12.5,28780.3,False,1,156.35,53
T000088291,2026-03-13,P003,S08,Budget Shopper,Mobile App,18,1809.56,32400.0,0.0,32400.0,,0.0,4321.6,False,2,3619.12,18
T000088292,2026-03-13,P004,S08,Occasional Shopper,Physical Store,24,38068.6,912000.0,0.0,912000.0,,0.0,1174.3,False,2,76137.2,24
T000088293,2026-03-13,P005,S08,Loyal Regular,Physical Store,67,6480.5,435500.0,1306.5,434193.5,,0.0,5194.2,False,4,25922.0,67
T000088294,2026-03-14,P001,S01,Occasional Shopper,Physical Store,148,12535.0,1850000.0,0.0,1850000.0,,0.0,305.6,False,14,175490.0,148
T000088295,2026-03-14,P002,S01,Occasional Shopper,Physical Store,116,178.65,20880.0,156.6,20723.4,,0.0,34759.6,False,0,0.0,116
T000088296,2026-03-14,P004,S01,Premium Buyer,Physical Store,20,38331.25,760000.0,0.0,760000.0,,0.0,900.8,False,0,0.0,20
T000088297,2026-03-14,P005,S01,Budget Shopper,Marketplace,0,6501.7,0.0,0.0,0.0,,0.0,0.8,True,0,0.0,126
T000088298,2026-03-14,P006,S01,Value Seeker,Online,223,648.76,144950.0,276.52,144673.48,,0.0,20647.3,False,10,6487.6,223
T000088299,2026-03-14,P001,S02,Budget Shopper,Physical Store,0,12603.63,0.0,0.0,0.0,,0.0,0.8,True,0,0.0,146
T000088300,2026-03-14,P002,S02,Occasional Shopper,Physical Store,154,177.44,27720.0,394.24,27325.76,,0.0,18931.7,False,3,532.32,154
T000088301,2026-03-14,P003,S02,Value Seeker,Physical Store,153,1805.42,275400.0,0.0,275400.0,,0.0,1840.0,False,26,46940.92,153
T000088302,2026-03-14,P004,S02,Budget Shopper,Online,13,38244.61,494000.0,0.0,494000.0,,0.0,281.2,False,1,38244.61,13
T000088303,2026-03-14,P005,S02,Budget Shopper,Physical Store,131,6375.92,851500.0,16254.48,835245.52,,0.0,3634.5,False,9,57383.28,131
T000088304,2026-03-14,P006,S02,Budget Shopper,Physical Store,195,658.39,126750.0,0.0,126750.0,,0.0,25774.2,False,11,7242.29,195
T000088305,2026-03-14,P001,S03,Loyal Regular,Marketplace,158,12625.02,1975000.0,0.0,1975000.0,,0.0,732.3,False,10,126250.2,158
T000088306,2026-03-14,P002,S03,Budget Shopper,Physical Store,58,181.5,10440.0,0.0,10440.0,,0.0,27669.1,False,0,0.0,58
T000088307,2026-03-14,P003,S03,Premium Buyer,Physical Store,63,1825.2,113400.0,0.0,113400.0,,0.0,2208.1,False,4,7300.8,63
T000088308,2026-03-14,P004,S03,Occasional Shopper,Online,31,38902.89,1178000.0,0.0,1178000.0,,0.0,767.5,False,0,0.0,31
T000088309,2026-03-14,P005,S03,Budget Shopper,Marketplace,133,6612.45,864500.0,0.0,864500.0,,0.0,1456.2,False,4,26449.8,133
T000088310,2026-03-14,P006,S03,Budget Shopper,Physical Store,79,638.8,51350.0,884.8,50465.2,,0.0,16208.9,False,2,1277.6,79
T000088311,2026-03-14,P001,S04,Value Seeker,Physical Store,54,12693.15,675000.0,0.0,675000.0,,0.0,875.9,False,4,50772.6,54
T000088312,2026-03-14,P002,S04,Premium Buyer,Online,120,176.44,21600.0,427.2,21172.8,,0.0,30591.9,False,2,352.88,120
T000088313,2026-03-14,P003,S04,Value Seeker,Mobile App,31,1810.5,55800.0,0.0,55800.0,,0.0,4954.6,False,6,10863.0,31
T000088314,2026-03-14,P004,S04,Occasional Shopper,Physical Store,17,38193.53,646000.0,0.0,646000.0,,0.0,171.2,False,0,0.0,17
T000088315,2026-03-14,P005,S04,Budget Shopper,Online,31,6484.74,201500.0,473.06,201026.94,,0.0,3244.8,False,2,12969.48,31
T000088316,2026-03-14,P006,S04,Occasional Shopper,Physical Store,103,648.82,66950.0,121.54,66828.46,,0.0,19821.6,False,2,1297.64,103
T000088317,2026-03-14,P001,S05,Premium Buyer,Physical Store,89,12521.43,1112500.0,0.0,1112500.0,,0.0,1293.7,False,9,112692.87,89
T000088318,2026-03-14,P002,S05,Loyal Regular,Physical Store,79,180.44,14220.0,0.0,14220.0,,0.0,30621.5,False,1,180.44,79
T000088319,2026-03-14,P003,S05,Value Seeker,Mobile App,12,1808.22,21600.0,0.0,21600.0,,0.0,2486.6,False,1,1808.22,12
T000088320,2026-03-14,P004,S05,Premium Buyer,Physical Store,9,37948.93,342000.0,459.63,341540.37,,0.0,268.5,False,0,0.0,9
T000088321,2026-03-14,P005,S05,Budget Shopper,Physical Store,148,6416.95,962000.0,12291.4,949708.6,,0.0,278.3,False,7,44918.65,148
T000088322,2026-03-14,P006,S05,Budget Shopper,Physical Store,71,650.65,46150.0,0.0,46150.0,,0.0,17015.7,False,3,1951.95,71
T000088323,2026-03-14,P001,S06,Budget Shopper,Online,58,12631.77,725000.0,0.0,725000.0,,0.0,166.4,False,4,50527.08,58
T000088324,2026-03-14,P002,S06,Loyal Regular,Physical Store,161,178.56,28980.0,231.84,28748.16,,0.0,27699.1,False,1,178.56,161
T000088325,2026-03-14,P003,S06,Occasional Shopper,Physical Store,51,1596.82,91800.0,10362.18,81437.82,Flash Discount,10.53,7152.6,False,7,11177.74,51
T000088326,2026-03-14,P004,S06,Value Seeker,Mobile App,18,37689.45,684000.0,5589.9,678410.1,,0.0,767.7,False,0,0.0,18
T000088327,2026-03-14,P005,S06,Budget Shopper,Physical Store,70,6443.67,455000.0,3943.1,451056.9,,0.0,2620.3,False,1,6443.67,70
T000088328,2026-03-14,P006,S06,Loyal Regular,Physical Store,125,659.97,81250.0,0.0,81250.0,,0.0,40624.5,False,4,2639.88,125
T000088329,2026-03-14,P001,S07,Loyal Regular,Physical Store,53,12624.31,662500.0,0.0,662500.0,,0.0,3591.4,False,2,25248.62,53
T000088330,2026-03-14,P002,S07,Premium Buyer,Physical Store,108,183.56,19440.0,0.0,19440.0,,0.0,36848.6,False,1,183.56,108
T000088331,2026-03-14,P003,S07,Premium Buyer,Physical Store,28,1825.55,50400.0,0.0,50400.0,,0.0,8840.7,False,2,3651.1,28
T000088332,2026-03-14,P004,S07,Budget Shopper,Physical Store,5,38534.12,190000.0,0.0,190000.0,,0.0,1084.9,False,0,0.0,5
T000088333,2026-03-14,P005,S07,Value Seeker,Physical Store,39,6451.92,253500.0,1875.12,251624.88,,0.0,4584.6,False,4,25807.68,39
T000088334,2026-03-14,P006,S07,Occasional Shopper,Mobile App,118,639.55,76700.0,1233.1,75466.9,,0.0,22047.7,False,5,3197.75,118
T000088335,2026-03-14,P001,S08,Value Seeker,Online,80,12354.96,1000000.0,11603.2,988396.8,,0.0,3802.4,False,2,24709.92,80
T000088336,2026-03-14,P002,S08,Budget Shopper,Physical Store,56,179.44,10080.0,31.36,10048.64,,0.0,29356.2,False,0,0.0,56
T000088337,2026-03-14,P003,S08,Premium Buyer,Online,65,1802.53,117000.0,0.0,117000.0,,0.0,4647.1,False,4,7210.12,65
T000088338,2026-03-14,P004,S08,Value Seeker,Online,20,37958.55,760000.0,829.0,759171.0,,0.0,1150.3,False,1,37958.55,20
T000088339,2026-03-14,P006,S08,Loyal Regular,Physical Store,56,651.62,36400.0,0.0,36400.0,,0.0,22402.2,False,4,2606.48,56
T000088340,2026-03-15,P002,S01,Premium Buyer,Physical Store,187,165.54,33660.0,2704.02,30955.98,Flash Discount,7.99,34643.6,False,0,0.0,187
T000088341,2026-03-15,P003,S01,Value Seeker,Marketplace,63,1840.2,113400.0,0.0,113400.0,,0.0,2474.2,False,14,25762.8,63
T000088342,2026-03-15,P004,S01,Premium Buyer,Physical Store,24,38070.42,912000.0,0.0,912000.0,,0.0,880.8,False,0,0.0,24
T000088343,2026-03-15,P005,S01,Budget Shopper,Physical Store,0,5877.98,0.0,0.0,0.0,Flash Discount,8.99,0.8,True,0,0.0,169
T000088344,2026-03-15,P006,S01,Value Seeker,Online,289,646.32,187850.0,1063.52,186786.48,,0.0,20424.3,False,2,1292.64,289
T000088345,2026-03-15,P001,S02,Premium Buyer,Online,100,12390.69,1250000.0,10931.0,1239069.0,,0.0,236.5,False,2,24781.38,100
T000088346,2026-03-15,P002,S02,Loyal Regular,Online,66,182.96,11880.0,0.0,11880.0,,0.0,18777.7,False,0,0.0,66
T000088347,2026-03-15,P003,S02,Value Seeker,Physical Store,300,1794.57,540000.0,1629.0,538371.0,,0.0,1938.6,False,41,73577.37,300
T000088348,2026-03-15,P004,S02,Budget Shopper,Physical Store,8,37411.24,304000.0,4710.08,299289.92,,0.0,268.2,False,0,0.0,8
T000088349,2026-03-15,P005,S02,Premium Buyer,Marketplace,108,6537.84,702000.0,0.0,702000.0,,0.0,3503.5,False,7,45764.88,108
T000088350,2026-03-15,P006,S02,Value Seeker,Physical Store,192,652.54,124800.0,0.0,124800.0,,0.0,25579.2,False,4,2610.16,192
T000088351,2026-03-15,P001,S03,Budget Shopper,Online,126,12558.14,1575000.0,0.0,1575000.0,,0.0,925.3,False,7,87906.98,126
T000088352,2026-03-15,P002,S03,Premium Buyer,Physical Store,176,180.66,31680.0,0.0,31680.0,,0.0,27611.1,False,1,180.66,176
T000088353,2026-03-15,P003,S03,Occasional Shopper,Online,74,1830.75,133200.0,0.0,133200.0,,0.0,2388.0,False,11,20138.25,74
T000088354,2026-03-15,P004,S03,Loyal Regular,Physical Store,22,37619.53,836000.0,8370.34,827629.66,,0.0,736.5,False,0,0.0,22
T000088355,2026-03-15,P005,S03,Occasional Shopper,Physical Store,134,6480.88,871000.0,2562.08,868437.92,,0.0,1323.2,False,4,25923.52,134
T000088356,2026-03-15,P006,S03,Value Seeker,Physical Store,77,667.25,50050.0,0.0,50050.0,,0.0,16944.2,False,1,667.25,77
T000088357,2026-03-15,P001,S04,Occasional Shopper,Mobile App,137,12350.95,1712500.0,20419.85,1692080.15,,0.0,821.9,False,7,86456.65,137
T000088358,2026-03-15,P002,S04,Occasional Shopper,Physical Store,207,183.09,37260.0,0.0,37260.0,,0.0,30471.9,False,0,0.0,207
T000088359,2026-03-15,P003,S04,Value Seeker,Online,56,1833.8,100800.0,0.0,100800.0,,0.0,4923.6,False,6,11002.8,56
T000088360,2026-03-15,P004,S04,Loyal Regular,Online,35,38443.18,1330000.0,0.0,1330000.0,,0.0,234.6,False,0,0.0,35
T000088361,2026-03-15,P005,S04,Occasional Shopper,Marketplace,48,6529.75,312000.0,0.0,312000.0,,0.0,3213.8,False,2,13059.5,48
T000088362,2026-03-15,P006,S04,Value Seeker,Physical Store,107,649.64,69550.0,38.52,69511.48,,0.0,20588.2,False,5,3248.2,107
T000088363,2026-03-15,P001,S05,Budget Shopper,Mobile App,81,12408.58,1012500.0,7405.02,1005094.98,,0.0,1204.7,False,6,74451.48,81
T000088364,2026-03-15,P002,S05,Value Seeker,Online,135,179.1,24300.0,121.5,24178.5,,0.0,31540.8,False,0,0.0,135
T000088365,2026-03-15,P003,S05,Loyal Regular,Online,60,1807.66,108000.0,0.0,108000.0,,0.0,2698.9,False,7,12653.62,60
T000088366,2026-03-15,P004,S05,Budget Shopper,Mobile App,13,38825.94,494000.0,0.0,494000.0,,0.0,259.5,False,0,0.0,13
T000088367,2026-03-15,P005,S05,Budget Shopper,Physical Store,96,6441.21,624000.0,5643.84,618356.16,,0.0,130.3,False,4,25764.84,96
T000088368,2026-03-15,P006,S05,Value Seeker,Mobile App,114,649.55,74100.0,51.3,74048.7,,0.0,16944.7,False,2,1299.1,114
T000088369,2026-03-15,P001,S06,Premium Buyer,Physical Store,88,12556.38,1100000.0,0.0,1100000.0,,0.0,108.4,False,2,25112.76,88
T000088370,2026-03-15,P002,S06,Occasional Shopper,Physical Store,146,181.86,26280.0,0.0,26280.0,,0.0,28328.4,False,1,181.86,146
T000088371,2026-03-15,P003,S06,Occasional Shopper,Physical Store,36,1778.5,64800.0,774.0,64026.0,,0.0,7101.6,False,3,5335.5,36
T000088372,2026-03-15,P004,S06,Loyal Regular,Online,6,37080.63,228000.0,5516.22,222483.78,,0.0,812.1,False,0,0.0,6
T000088373,2026-03-15,P005,S06,Loyal Regular,Mobile App,64,6435.09,416000.0,4154.24,411845.76,,0.0,2807.7,False,2,12870.18,64
T000088374,2026-03-15,P006,S06,Loyal Regular,Physical Store,139,644.33,90350.0,788.13,89561.87,,0.0,41683.2,False,1,644.33,139
T000088375,2026-03-15,P001,S07,Premium Buyer,Physical Store,26,12268.36,325000.0,6022.64,318977.36,,0.0,3538.4,False,0,0.0,26
T000088376,2026-03-15,P002,S07,Occasional Shopper,Online,86,156.99,15480.0,1978.86,13501.14,Flash Discount,12.7,36740.6,False,0,0.0,86
T000088377,2026-03-15,P003,S07,Value Seeker,Physical Store,23,1804.89,41400.0,0.0,41400.0,,0.0,8812.7,False,6,10829.34,23
T000088378,2026-03-15,P004,S07,Premium Buyer,Online,21,38419.56,798000.0,0.0,798000.0,,0.0,1079.9,False,2,76839.12,21
T000088379,2026-03-15,P005,S07,Loyal Regular,Mobile App,39,6452.79,253500.0,1841.19,251658.81,,0.0,4722.7,False,4,25811.16,39
T000088380,2026-03-15,P006,S07,Budget Shopper,Physical Store,30,649.19,19500.0,24.3,19475.7,,0.0,22897.5,False,1,649.19,30
T000088381,2026-03-15,P001,S08,Value Seeker,Marketplace,38,12641.38,475000.0,0.0,475000.0,,0.0,3722.4,False,2,25282.76,38
T000088382,2026-03-15,P002,S08,Value Seeker,Physical Store,95,183.25,17100.0,0.0,17100.0,,0.0,29300.2,False,0,0.0,95
T000088383,2026-03-15,P003,S08,Budget Shopper,Marketplace,28,1793.15,50400.0,191.8,50208.2,,0.0,4858.9,False,5,8965.75,28
T000088384,2026-03-15,P004,S08,Loyal Regular,Online,10,37861.26,380000.0,1387.4,378612.6,,0.0,1130.3,False,0,0.0,10
T000088385,2026-03-15,P005,S08,Premium Buyer,Physical Store,53,6577.08,344500.0,0.0,344500.0,,0.0,5382.1,False,4,26308.32,53
T000088386,2026-03-15,P006,S08,Premium Buyer,Mobile App,51,645.91,33150.0,208.59,32941.41,,0.0,23616.5,False,5,3229.55,51
T000088387,2026-03-16,P001,S01,Value Seeker,Mobile App,59,12672.73,737500.0,0.0,737500.0,,0.0,157.6,False,1,12672.73,59
T000088388,2026-03-16,P002,S01,Value Seeker,Online,165,182.15,29700.0,0.0,29700.0,,0.0,35609.0,False,0,0.0,165
T000088389,2026-03-16,P003,S01,Occasional Shopper,Mobile App,35,1830.76,63000.0,0.0,63000.0,,0.0,2661.1,False,2,3661.52,35
T000088390,2026-03-16,P004,S01,Budget Shopper,Marketplace,17,38290.24,646000.0,0.0,646000.0,,0.0,951.7,False,0,0.0,17
T000088391,2026-03-16,P005,S01,Loyal Regular,Physical Store,37,6522.29,240500.0,0.0,240500.0,,0.0,230.9,False,0,0.0,37
T000088392,2026-03-16,P006,S01,Value Seeker,Physical Store,130,656.88,84500.0,0.0,84500.0,,0.0,20891.1,False,3,1970.64,130
T000088393,2026-03-16,P001,S02,Value Seeker,Online,37,12327.09,462500.0,6397.67,456102.33,,0.0,476.1,False,2,24654.18,37
T000088394,2026-03-16,P002,S02,Value Seeker,Online,75,181.67,13500.0,0.0,13500.0,,0.0,18711.7,False,0,0.0,75
T000088395,2026-03-16,P003,S02,Value Seeker,Online,44,1788.92,79200.0,487.52,78712.48,,0.0,1638.6,False,5,8944.6,44
T000088396,2026-03-16,P004,S02,Premium Buyer,Mobile App,5,38633.93,190000.0,0.0,190000.0,,0.0,260.2,False,0,0.0,5
T000088397,2026-03-16,P005,S02,Value Seeker,Physical Store,47,6501.11,305500.0,0.0,305500.0,,0.0,3395.5,False,2,13002.22,47
T000088398,2026-03-16,P006,S02,Budget Shopper,Physical Store,235,649.79,152750.0,49.35,152700.65,,0.0,26200.5,False,0,0.0,235
T000088399,2026-03-16,P001,S03,Occasional Shopper,Mobile App,38,12384.11,475000.0,4403.82,470596.18,,0.0,799.3,False,1,12384.11,38
T000088400,2026-03-16,P002,S03,Occasional Shopper,Physical Store,154,178.2,27720.0,277.2,27442.8,,0.0,27435.1,False,2,356.4,154
T000088401,2026-03-16,P003,S03,Occasional Shopper,Mobile App,32,1770.14,57600.0,955.52,56644.48,,0.0,2314.0,False,6,10620.84,32
T000088402,2026-03-16,P004,S03,Premium Buyer,Online,33,37782.9,1254000.0,7164.3,1246835.7,,0.0,714.5,False,1,37782.9,33
T000088403,2026-03-16,P005,S03,Occasional Shopper,Online,100,6568.21,650000.0,0.0,650000.0,,0.0,1599.8,False,2,13136.42,100
T000088404,2026-03-16,P006,S03,Loyal Regular,Online,129,650.14,83850.0,0.0,83850.0,,0.0,16867.2,False,1,650.14,129
T000088405,2026-03-16,P001,S04,Budget Shopper,Physical Store,51,12471.1,637500.0,1473.9,636026.1,,0.0,872.2,False,1,12471.1,51
T000088406,2026-03-16,P002,S04,Budget Shopper,Physical Store,93,179.14,16740.0,79.98,16660.02,,0.0,30264.9,False,1,179.14,93
T000088407,2026-03-16,P003,S04,Value Seeker,Mobile App,30,1802.43,54000.0,0.0,54000.0,,0.0,5122.7,False,3,5407.29,30
T000088408,2026-03-16,P004,S04,Loyal Regular,Physical Store,15,38182.14,570000.0,0.0,570000.0,,0.0,199.6,False,0,0.0,15
T000088409,2026-03-16,P005,S04,Value Seeker,Mobile App,44,6546.04,286000.0,0.0,286000.0,,0.0,3165.8,False,1,6546.04,44
T000088410,2026-03-16,P006,S04,Value Seeker,Online,167,648.7,108550.0,217.1,108332.9,,0.0,20481.2,False,4,2594.8,167
T000088411,2026-03-16,P001,S05,Budget Shopper,Online,45,12266.17,562500.0,10522.35,551977.65,,0.0,1123.7,False,2,24532.34,45
T000088412,2026-03-16,P002,S05,Budget Shopper,Physical Store,71,180.89,12780.0,0.0,12780.0,,0.0,32167.2,False,1,180.89,71
T000088413,2026-03-16,P003,S05,Premium Buyer,Mobile App,13,1783.42,23400.0,215.54,23184.46,,0.0,2638.9,False,6,10700.52,13
T000088414,2026-03-16,P004,S05,Loyal Regular,Online,6,38106.61,228000.0,0.0,228000.0,,0.0,246.5,False,0,0.0,6
T000088415,2026-03-16,P005,S05,Value Seeker,Physical Store,34,6507.74,221000.0,0.0,221000.0,,0.0,34.3,True,1,6507.74,72
T000088416,2026-03-16,P006,S05,Budget Shopper,Physical Store,23,639.48,14950.0,241.96,14708.04,,0.0,17433.7,False,0,0.0,23
T000088417,2026-03-16,P001,S06,Loyal Regular,Physical Store,20,12492.87,250000.0,142.6,249857.4,,0.0,20.4,True,0,0.0,33
T000088418,2026-03-16,P002,S06,Premium Buyer,Mobile App,83,180.27,14940.0,0.0,14940.0,,0.0,29223.8,False,1,180.27,83
T000088419,2026-03-16,P003,S06,Budget Shopper,Physical Store,16,1770.1,28800.0,478.4,28321.6,,0.0,7065.6,False,2,3540.2,16
T000088420,2026-03-16,P004,S06,Loyal Regular,Physical Store,6,37984.73,228000.0,91.62,227908.38,,0.0,806.1,False,0,0.0,6
T000088421,2026-03-16,P005,S06,Budget Shopper,Physical Store,37,6486.39,240500.0,503.57,239996.43,,0.0,2743.7,False,0,0.0,37
T000088422,2026-03-16,P006,S06,Budget Shopper,Physical Store,38,643.43,24700.0,249.66,24450.34,,0.0,41544.2,False,0,0.0,38
T000088423,2026-03-16,P001,S07,Loyal Regular,Online,39,12602.0,487500.0,0.0,487500.0,,0.0,3756.7,False,1,12602.0,39
T000088424,2026-03-16,P002,S07,Budget Shopper,Physical Store,61,179.66,10980.0,20.74,10959.26,,0.0,37823.5,False,1,179.66,61
T000088425,2026-03-16,P003,S07,Occasional Shopper,Physical Store,9,1791.87,16200.0,73.17,16126.83,,0.0,8789.7,False,1,1791.87,9
T000088426,2026-03-16,P004,S07,Occasional Shopper,Online,17,37622.12,646000.0,6423.96,639576.04,,0.0,1058.9,False,1,37622.12,17
T000088427,2026-03-16,P005,S07,Budget Shopper,Marketplace,20,6526.49,130000.0,0.0,130000.0,,0.0,4683.7,False,0,0.0,20
T000088428,2026-03-16,P006,S07,Budget Shopper,Online,64,645.5,41600.0,288.0,41312.0,,0.0,22867.5,False,2,1291.0,64
T000088429,2026-03-16,P001,S08,Loyal Regular,Online,28,12483.25,350000.0,469.0,349531.0,,0.0,3684.4,False,1,12483.25,28
T000088430,2026-03-16,P002,S08,Budget Shopper,Physical Store,22,180.0,3960.0,0.0,3960.0,,0.0,29205.2,False,0,0.0,22
T000088431,2026-03-16,P003,S08,Value Seeker,Physical Store,14,1807.64,25200.0,0.0,25200.0,,0.0,5214.4,False,1,1807.64,14
T000088432,2026-03-16,P004,S08,Budget Shopper,Mobile App,10,38590.43,380000.0,0.0,380000.0,,0.0,1120.3,False,1,38590.43,10
T000088433,2026-03-16,P005,S08,Budget Shopper,Physical Store,74,6431.47,481000.0,5071.22,475928.78,,0.0,5329.1,False,2,12862.94,74
T000088434,2026-03-17,P001,S01,Occasional Shopper,Physical Store,98,12550.88,1225000.0,0.0,1225000.0,,0.0,98.6,True,6,75305.28,104
T000088435,2026-03-17,P002,S01,Occasional Shopper,Online,149,177.34,26820.0,396.34,26423.66,,0.0,35444.0,False,2,354.68,149
T000088436,2026-03-17,P003,S01,Budget Shopper,Physical Store,60,1815.15,108000.0,0.0,108000.0,,0.0,3005.7,False,9,16336.35,60
T000088437,2026-03-17,P004,S01,Premium Buyer,Physical Store,32,38666.12,1216000.0,0.0,1216000.0,,0.0,934.7,False,2,77332.24,32
T000088438,2026-03-17,P005,S01,Occasional Shopper,Physical Store,65,6523.18,422500.0,0.0,422500.0,,0.0,193.9,False,3,19569.54,65
T000088439,2026-03-17,P006,S01,Occasional Shopper,Physical Store,80,653.2,52000.0,0.0,52000.0,,0.0,21623.2,False,2,1306.4,80
T000088440,2026-03-17,P001,S02,Premium Buyer,Online,50,12451.87,625000.0,2406.5,622593.5,,0.0,439.1,False,1,12451.87,50
T000088441,2026-03-17,P002,S02,Occasional Shopper,Online,83,179.57,14940.0,35.69,14904.31,,0.0,18636.7,False,0,0.0,83
T000088442,2026-03-17,P003,S02,Occasional Shopper,Physical Store,42,1810.34,75600.0,0.0,75600.0,,0.0,1594.6,False,9,16293.06,42
T000088443,2026-03-17,P004,S02,Premium Buyer,Physical Store,17,37975.32,646000.0,419.56,645580.44,,0.0,336.0,False,1,37975.32,17
T000088444,2026-03-17,P005,S02,Budget Shopper,Online,60,6606.89,390000.0,0.0,390000.0,,0.0,3756.6,False,1,6606.89,60
T000088445,2026-03-17,P006,S02,Budget Shopper,Online,131,652.6,85150.0,0.0,85150.0,,0.0,25965.5,False,1,652.6,131
T000088446,2026-03-17,P001,S03,Loyal Regular,Online,97,12367.25,1212500.0,12876.75,1199623.25,,0.0,761.3,False,0,0.0,97
T000088447,2026-03-17,P002,S03,Premium Buyer,Physical Store,64,180.44,11520.0,0.0,11520.0,,0.0,28101.1,False,0,0.0,64
T000088448,2026-03-17,P003,S03,Occasional Shopper,Physical Store,13,1774.24,23400.0,334.88,23065.12,,0.0,2282.0,False,2,3548.48,13
T000088449,2026-03-17,P004,S03,Budget Shopper,Online,30,38223.21,1140000.0,0.0,1140000.0,,0.0,681.5,False,1,38223.21,30
T000088450,2026-03-17,P005,S03,Budget Shopper,Physical Store,63,6371.38,409500.0,8103.06,401396.94,,0.0,1807.1,False,0,0.0,63
T000088451,2026-03-17,P006,S03,Occasional Shopper,Physical Store,77,645.95,50050.0,311.85,49738.15,,0.0,16738.2,False,4,2583.8,77
T000088452,2026-03-17,P001,S04,Loyal Regular,Physical Store,25,12551.4,312500.0,0.0,312500.0,,0.0,821.2,False,1,12551.4,25
T000088453,2026-03-17,P002,S04,Value Seeker,Marketplace,130,178.77,23400.0,159.9,23240.1,,0.0,30171.9,False,2,357.54,130
T000088454,2026-03-17,P003,S04,Premium Buyer,Marketplace,38,1701.69,68400.0,3735.78,64664.22,Flash Discount,5.34,5440.2,False,3,5105.07,38
T000088455,2026-03-17,P004,S04,Value Seeker,Physical Store,8,38270.47,304000.0,0.0,304000.0,,0.0,184.6,False,0,0.0,8
T000088456,2026-03-17,P005,S04,Value Seeker,Marketplace,44,6551.42,286000.0,0.0,286000.0,,0.0,3121.8,False,1,6551.42,44
T000088457,2026-03-17,P006,S04,Loyal Regular,Physical Store,93,659.05,60450.0,0.0,60450.0,,0.0,21108.6,False,3,1977.15,93
T000088458,2026-03-17,P001,S05,Loyal Regular,Physical Store,56,12562.74,700000.0,0.0,700000.0,,0.0,1348.1,False,5,62813.7,56
T000088459,2026-03-17,P002,S05,Budget Shopper,Physical Store,115,180.84,20700.0,0.0,20700.0,,0.0,32096.2,False,1,180.84,115
T000088460,2026-03-17,P003,S05,Budget Shopper,Marketplace,65,1816.73,117000.0,0.0,117000.0,,0.0,2625.9,False,13,23617.49,65
T000088461,2026-03-17,P004,S05,Premium Buyer,Physical Store,13,37678.54,494000.0,4178.98,489821.02,,0.0,240.5,False,0,0.0,13
T000088462,2026-03-17,P005,S05,Budget Shopper,Physical Store,0,6575.52,0.0,0.0,0.0,,0.0,0.3,True,0,0.0,65
T000088463,2026-03-17,P001,S06,Value Seeker,Physical Store,0,12581.65,0.0,0.0,0.0,,0.0,0.4,True,0,0.0,47
T000088464,2026-03-17,P003,S06,Loyal Regular,Online,38,1794.94,68400.0,192.28,68207.72,,0.0,7351.2,False,5,8974.7,38
T000088465,2026-03-17,P004,S06,Value Seeker,Physical Store,7,37768.95,266000.0,1617.35,264382.65,,0.0,800.1,False,0,0.0,7
T000088466,2026-03-17,P005,S06,Premium Buyer,Physical Store,56,6545.69,364000.0,0.0,364000.0,,0.0,2706.7,False,1,6545.69,56
T000088467,2026-03-17,P006,S06,Value Seeker,Online,93,655.48,60450.0,0.0,60450.0,,0.0,41506.2,False,1,655.48,93
T000088468,2026-03-17,P001,S07,Premium Buyer,Online,40,12569.79,500000.0,0.0,500000.0,,0.0,3717.7,False,1,12569.79,40
T000088469,2026-03-17,P002,S07,Budget Shopper,Marketplace,123,179.48,22140.0,63.96,22076.04,,0.0,38987.2,False,1,179.48,123
T000088470,2026-03-17,P003,S07,Occasional Shopper,Physical Store,9,1792.19,16200.0,70.29,16129.71,,0.0,8780.7,False,1,1792.19,9
T000088471,2026-03-17,P004,S07,Value Seeker,Physical Store,8,37538.75,304000.0,3690.0,300310.0,,0.0,1041.9,False,0,0.0,8
T000088472,2026-03-17,P005,S07,Loyal Regular,Physical Store,22,6469.35,143000.0,674.3,142325.7,,0.0,4663.7,False,3,19408.05,22
T000088473,2026-03-17,P006,S07,Value Seeker,Online,85,658.06,55250.0,0.0,55250.0,,0.0,22803.5,False,5,3290.3,85
T000088474,2026-03-17,P001,S08,Value Seeker,Physical Store,41,12569.85,512500.0,0.0,512500.0,,0.0,3656.4,False,1,12569.85,41
T000088475,2026-03-17,P002,S08,Value Seeker,Online,69,177.72,12420.0,157.32,12262.68,,0.0,29183.2,False,0,0.0,69
T000088476,2026-03-17,P003,S08,Budget Shopper,Marketplace,16,1806.65,28800.0,0.0,28800.0,,0.0,5456.2,False,3,5419.95,16
T000088477,2026-03-17,P004,S08,Value Seeker,Online,15,37906.58,570000.0,1401.3,568598.7,,0.0,1110.3,False,0,0.0,15
T000088478,2026-03-17,P005,S08,Loyal Regular,Online,26,6420.69,169000.0,2062.06,166937.94,,0.0,5255.1,False,1,6420.69,26
T000088479,2026-03-17,P006,S08,Value Seeker,Online,34,658.04,22100.0,0.0,22100.0,,0.0,24676.6,False,0,0.0,34
T000088480,2026-03-18,P001,S01,Budget Shopper,Online,0,12326.83,0.0,0.0,0.0,,0.0,0.6,True,0,0.0,86
T000088481,2026-03-18,P002,S01,Value Seeker,Physical Store,306,179.96,55080.0,12.24,55067.76,,0.0,36083.9,False,0,0.0,306
T000088482,2026-03-18,P003,S01,Occasional Shopper,Physical Store,65,1796.19,117000.0,247.65,116752.35,,0.0,2945.7,False,9,16165.71,65
T000088483,2026-03-18,P004,S01,Value Seeker,Online,18,38491.72,684000.0,0.0,684000.0,,0.0,902.7,False,1,38491.72,18
T000088484,2026-03-18,P005,S01,Budget Shopper,Physical Store,52,6417.8,338000.0,4274.4,333725.6,,0.0,128.9,False,1,6417.8,52
T000088485,2026-03-18,P006,S01,Premium Buyer,Physical Store,94,644.79,61100.0,489.74,60610.26,,0.0,21543.2,False,3,1934.37,94
T000088486,2026-03-18,P001,S02,Budget Shopper,Physical Store,148,12501.51,1850000.0,0.0,1850000.0,,0.0,389.1,False,3,37504.53,148
T000088487,2026-03-18,P002,S02,Premium Buyer,Mobile App,142,181.39,25560.0,0.0,25560.0,,0.0,19281.7,False,0,0.0,142
T000088488,2026-03-18,P003,S02,Premium Buyer,Marketplace,28,1805.67,50400.0,0.0,50400.0,,0.0,2017.8,False,4,7222.68,28
T000088489,2026-03-18,P004,S02,Budget Shopper,Physical Store,8,37501.14,304000.0,3990.88,300009.12,,0.0,319.0,False,1,37501.14,8
T000088490,2026-03-18,P005,S02,Budget Shopper,Mobile App,33,6476.58,214500.0,772.86,213727.14,,0.0,3966.3,False,2,12953.16,33
T000088491,2026-03-18,P006,S02,Premium Buyer,Marketplace,159,642.12,103350.0,1252.92,102097.08,,0.0,26730.6,False,4,2568.48,159
T000088492,2026-03-18,P001,S03,Premium Buyer,Physical Store,58,12459.47,725000.0,2350.74,722649.26,,0.0,956.1,False,4,49837.88,58
T000088493,2026-03-18,P002,S03,Premium Buyer,Online,96,179.18,17280.0,78.72,17201.28,,0.0,28037.1,False,0,0.0,96
T000088494,2026-03-18,P003,S03,Budget Shopper,Physical Store,68,1813.39,122400.0,0.0,122400.0,,0.0,2269.0,False,5,9066.95,68
T000088495,2026-03-18,P004,S03,Value Seeker,Online,21,37199.62,798000.0,16807.98,781192.02,,0.0,651.5,False,0,0.0,21
T000088496,2026-03-18,P005,S03,Occasional Shopper,Physical Store,49,6514.26,318500.0,0.0,318500.0,,0.0,2117.0,False,0,0.0,49
T000088497,2026-03-18,P006,S03,Loyal Regular,Online,105,649.87,68250.0,13.65,68236.35,,0.0,16661.2,False,2,1299.74,105
T000088498,2026-03-18,P001,S04,Occasional Shopper,Online,50,12437.56,625000.0,3122.0,621878.0,,0.0,1051.4,False,6,74625.36,50
T000088499,2026-03-18,P002,S04,Value Seeker,Physical Store,71,178.55,12780.0,102.95,12677.05,,0.0,30041.9,False,0,0.0,71
T000088500,2026-03-18,P003,S04,Occasional Shopper,Physical Store,75,1789.61,135000.0,779.25,134220.75,,0.0,5402.2,False,9,16106.49,75
T000088501,2026-03-18,P004,S04,Budget Shopper,Physical Store,13,38486.92,494000.0,0.0,494000.0,,0.0,176.6,False,0,0.0,13
T000088502,2026-03-18,P005,S04,Budget Shopper,Mobile App,32,6443.06,208000.0,1822.08,206177.92,,0.0,3297.5,False,0,0.0,32
T000088503,2026-03-18,P006,S04,Value Seeker,Marketplace,128,640.14,83200.0,1262.08,81937.92,,0.0,21015.6,False,9,5761.26,128
T000088504,2026-03-18,P001,S05,Loyal Regular,Physical Store,48,12595.17,600000.0,0.0,600000.0,,0.0,1292.1,False,4,50380.68,48
T000088505,2026-03-18,P002,S05,Loyal Regular,Mobile App,170,182.3,30600.0,0.0,30600.0,,0.0,32771.7,False,0,0.0,170
T000088506,2026-03-18,P003,S05,Occasional Shopper,Physical Store,14,1802.19,25200.0,0.0,25200.0,,0.0,2560.9,False,1,1802.19,14
T000088507,2026-03-18,P004,S05,Budget Shopper,Physical Store,33,38093.93,1254000.0,0.0,1254000.0,,0.0,227.5,False,2,76187.86,33
T000088508,2026-03-18,P005,S05,Loyal Regular,Physical Store,0,6548.11,0.0,0.0,0.0,,0.0,0.3,True,0,0.0,50
T000088509,2026-03-18,P006,S05,Value Seeker,Physical Store,176,609.1,114400.0,7198.4,107201.6,Flash Discount,5.6,18078.8,False,5,3045.5,176
T000088510,2026-03-18,P001,S06,Value Seeker,Online,0,12395.08,0.0,0.0,0.0,,0.0,0.4,True,0,0.0,46
T000088511,2026-03-18,P002,S06,Premium Buyer,Physical Store,76,177.69,13680.0,175.56,13504.44,,0.0,29140.8,False,1,177.69,76
T000088512,2026-03-18,P003,S06,Value Seeker,Physical Store,35,1796.21,63000.0,132.65,62867.35,,0.0,7313.2,False,6,10777.26,35
T000088513,2026-03-18,P004,S06,Occasional Shopper,Physical Store,5,38084.42,190000.0,0.0,190000.0,,0.0,793.1,False,0,0.0,5
T000088514,2026-03-18,P005,S06,Premium Buyer,Online,38,6544.28,247000.0,0.0,247000.0,,0.0,2650.7,False,2,13088.56,38
T000088515,2026-03-18,P006,S06,Budget Shopper,Online,111,641.97,72150.0,891.33,71258.67,,0.0,42492.0,False,5,3209.85,111
T000088516,2026-03-18,P001,S07,Loyal Regular,Marketplace,30,12521.42,375000.0,0.0,375000.0,,0.0,3677.7,False,5,62607.1,30
T000088517,2026-03-18,P002,S07,Premium Buyer,Physical Store,134,179.59,24120.0,54.94,24065.06,,0.0,39849.0,False,0,0.0,134
T000088518,2026-03-18,P003,S07,Budget Shopper,Marketplace,8,1799.08,14400.0,7.36,14392.64,,0.0,8771.7,False,1,1799.08,8
T000088519,2026-03-18,P004,S07,Budget Shopper,Mobile App,14,38007.29,532000.0,0.0,532000.0,,0.0,1033.9,False,0,0.0,14
T000088520,2026-03-18,P005,S07,Value Seeker,Physical Store,13,6625.82,84500.0,0.0,84500.0,,0.0,4641.7,False,0,0.0,13
T000088521,2026-03-18,P006,S07,Value Seeker,Mobile App,25,650.87,16250.0,0.0,16250.0,,0.0,23315.4,False,1,650.87,25
T000088522,2026-03-18,P001,S08,Value Seeker,Mobile App,55,12515.86,687500.0,0.0,687500.0,,0.0,3883.6,False,3,37547.58,55
T000088523,2026-03-18,P002,S08,Premium Buyer,Online,50,177.59,9000.0,120.5,8879.5,,0.0,29799.2,False,0,0.0,50
T000088524,2026-03-18,P003,S08,Value Seeker,Physical Store,18,1797.85,32400.0,38.7,32361.3,,0.0,5855.8,False,0,0.0,18
T000088525,2026-03-18,P004,S08,Budget Shopper,Physical Store,7,38254.43,266000.0,0.0,266000.0,,0.0,1095.3,False,0,0.0,7
T000088526,2026-03-18,P005,S08,Value Seeker,Physical Store,29,6576.66,188500.0,0.0,188500.0,,0.0,5664.2,False,1,6576.66,29
T000088527,2026-03-18,P006,S08,Value Seeker,Online,70,639.47,45500.0,737.1,44762.9,,0.0,24642.6,False,0,0.0,70
T000088528,2026-03-19,P001,S01,Premium Buyer,Mobile App,0,12526.74,0.0,0.0,0.0,,0.0,0.6,True,0,0.0,118
T000088529,2026-03-19,P002,S01,Value Seeker,Online,120,179.06,21600.0,112.8,21487.2,,0.0,35777.9,False,2,358.12,120
T000088530,2026-03-19,P003,S01,Occasional Shopper,Physical Store,141,1780.99,253800.0,2680.41,251119.59,,0.0,2880.7,False,25,44524.75,141
T000088531,2026-03-19,P004,S01,Budget Shopper,Physical Store,16,38398.13,608000.0,0.0,608000.0,,0.0,884.7,False,0,0.0,16
T000088532,2026-03-19,P005,S01,Loyal Regular,Mobile App,72,6572.41,468000.0,0.0,468000.0,,0.0,76.9,False,4,26289.64,72
T000088533,2026-03-19,P006,S01,Occasional Shopper,Physical Store,238,608.62,154700.0,9848.44,144851.56,Flash Discount,6.11,22647.4,False,5,3043.1,238
T000088534,2026-03-19,P001,S02,Loyal Regular,Marketplace,52,12280.03,650000.0,11438.44,638561.56,,0.0,477.1,False,2,24560.06,52
T000088535,2026-03-19,P002,S02,Value Seeker,Physical Store,124,180.03,22320.0,0.0,22320.0,,0.0,20050.2,False,1,180.03,124
T000088536,2026-03-19,P003,S02,Budget Shopper,Mobile App,60,1781.19,108000.0,1128.6,106871.4,,0.0,2316.4,False,10,17811.9,60
T000088537,2026-03-19,P004,S02,Budget Shopper,Physical Store,5,38533.39,190000.0,0.0,190000.0,,0.0,311.0,False,0,0.0,5
T000088538,2026-03-19,P005,S02,Value Seeker,Physical Store,101,6422.19,656500.0,7858.81,648641.19,,0.0,3933.3,False,4,25688.76,101
T000088539,2026-03-19,P006,S02,Budget Shopper,Marketplace,128,644.21,83200.0,741.12,82458.88,,0.0,26571.6,False,3,1932.63,128
T000088540,2026-03-19,P001,S03,Budget Shopper,Physical Store,91,12417.22,1137500.0,7532.98,1129967.02,,0.0,898.1,False,3,37251.66,91
T000088541,2026-03-19,P002,S03,Loyal Regular,Marketplace,121,179.81,21780.0,22.99,21757.01,,0.0,27941.1,False,0,0.0,121
T000088542,2026-03-19,P003,S03,Loyal Regular,Physical Store,15,1821.24,27000.0,0.0,27000.0,,0.0,2201.0,False,1,1821.24,15
T000088543,2026-03-19,P004,S03,Loyal Regular,Online,15,37549.23,570000.0,6761.55,563238.45,,0.0,630.5,False,1,37549.23,15
T000088544,2026-03-19,P005,S03,Occasional Shopper,Mobile App,38,6479.92,247000.0,763.04,246236.96,,0.0,2068.0,False,0,0.0,38
T000088545,2026-03-19,P006,S03,Loyal Regular,Physical Store,100,658.03,65000.0,0.0,65000.0,,0.0,17470.3,False,4,2632.12,100
T000088546,2026-03-19,P001,S04,Occasional Shopper,Physical Store,25,12568.57,312500.0,0.0,312500.0,,0.0,1001.4,False,0,0.0,25
T000088547,2026-03-19,P002,S04,Budget Shopper,Physical Store,91,179.28,16380.0,65.52,16314.48,,0.0,31269.5,False,1,179.28,91
T000088548,2026-03-19,P003,S04,Budget Shopper,Physical Store,43,1773.13,77400.0,1155.41,76244.59,,0.0,5327.2,False,9,15958.17,43
T000088549,2026-03-19,P004,S04,Value Seeker,Online,16,38473.75,608000.0,0.0,608000.0,,0.0,163.6,False,1,38473.75,16
T000088550,2026-03-19,P005,S04,Value Seeker,Online,45,6436.32,292500.0,2865.6,289634.4,,0.0,3265.5,False,0,0.0,45
T000088551,2026-03-19,P006,S04,Occasional Shopper,Physical Store,124,649.39,80600.0,75.64,80524.36,,0.0,21537.5,False,1,649.39,124
T000088552,2026-03-19,P001,S05,Value Seeker,Physical Store,23,12536.78,287500.0,0.0,287500.0,,0.0,1244.1,False,0,0.0,23
T000088553,2026-03-19,P002,S05,Value Seeker,Physical Store,78,178.67,14040.0,103.74,13936.26,,0.0,32601.7,False,0,0.0,78
T000088554,2026-03-19,P003,S05,Value Seeker,Online,23,1777.01,41400.0,528.77,40871.23,,0.0,2546.9,False,1,1777.01,23
T000088555,2026-03-19,P004,S05,Premium Buyer,Mobile App,13,37448.79,494000.0,7165.73,486834.27,,0.0,194.5,False,0,0.0,13
T000088556,2026-03-19,P005,S05,Budget Shopper,Physical Store,0,6343.58,0.0,0.0,0.0,,0.0,0.3,True,0,0.0,52
T000088557,2026-03-19,P006,S05,Budget Shopper,Marketplace,49,652.26,31850.0,0.0,31850.0,,0.0,18665.5,False,1,652.26,49
T000088558,2026-03-19,P001,S06,Premium Buyer,Mobile App,59,12310.35,737500.0,11189.35,726310.65,,0.0,309.1,False,3,36931.05,59
T000088559,2026-03-19,P002,S06,Loyal Regular,Online,40,178.81,7200.0,47.6,7152.4,,0.0,29064.8,False,0,0.0,40
T000088560,2026-03-19,P003,S06,Budget Shopper,Online,29,1820.05,52200.0,0.0,52200.0,,0.0,7278.2,False,3,5460.15,29
T000088561,2026-03-19,P004,S06,Loyal Regular,Online,6,37985.23,228000.0,88.62,227911.38,,0.0,788.1,False,0,0.0,6
T000088562,2026-03-19,P005,S06,Premium Buyer,Physical Store,50,6508.8,325000.0,0.0,325000.0,,0.0,2612.7,False,3,19526.4,50
T000088563,2026-03-19,P006,S06,Occasional Shopper,Physical Store,79,650.11,51350.0,0.0,51350.0,,0.0,43483.7,False,4,2600.44,79
T000088564,2026-03-19,P001,S07,Budget Shopper,Physical Store,28,12591.34,350000.0,0.0,350000.0,,0.0,3647.7,False,0,0.0,28
T000088565,2026-03-19,P002,S07,Budget Shopper,Physical Store,73,178.58,13140.0,103.66,13036.34,,0.0,39715.0,False,0,0.0,73
T000088566,2026-03-19,P003,S07,Premium Buyer,Online,19,1804.64,34200.0,0.0,34200.0,,0.0,9039.9,False,2,3609.28,19
T000088567,2026-03-19,P004,S07,Budget Shopper,Physical Store,7,37723.43,266000.0,1935.99,264064.01,,0.0,1019.9,False,0,0.0,7
T000088568,2026-03-19,P005,S07,Occasional Shopper,Marketplace,15,6503.8,97500.0,0.0,97500.0,,0.0,4628.7,False,0,0.0,15
T000088569,2026-03-19,P006,S07,Value Seeker,Online,60,653.48,39000.0,0.0,39000.0,,0.0,23838.1,False,1,653.48,60
T000088570,2026-03-19,P001,S08,Value Seeker,Online,25,12597.73,312500.0,0.0,312500.0,,0.0,3828.6,False,0,0.0,25
T000088571,2026-03-19,P002,S08,Loyal Regular,Marketplace,56,179.13,10080.0,48.72,10031.28,,0.0,30420.6,False,0,0.0,56
T000088572,2026-03-19,P003,S08,Premium Buyer,Online,29,1805.76,52200.0,0.0,52200.0,,0.0,5837.8,False,3,5417.28,29
T000088573,2026-03-19,P004,S08,Budget Shopper,Mobile App,9,38053.79,342000.0,0.0,342000.0,,0.0,1163.1,False,0,0.0,9
T000088574,2026-03-19,P005,S08,Premium Buyer,Physical Store,47,6585.82,305500.0,0.0,305500.0,,0.0,6069.7,False,2,13171.64,47
T000088575,2026-03-20,P001,S01,Value Seeker,Physical Store,226,11122.27,2825000.0,311366.98,2513633.02,Flash Discount,9.72,226.6,True,4,44489.08,381
T000088576,2026-03-20,P002,S01,Loyal Regular,Online,174,180.59,31320.0,0.0,31320.0,,0.0,35657.9,False,1,180.59,174
T000088577,2026-03-20,P003,S01,Value Seeker,Physical Store,128,1806.94,230400.0,0.0,230400.0,,0.0,2739.7,False,29,52401.26,128
T000088578,2026-03-20,P004,S01,Budget Shopper,Physical Store,26,38217.71,988000.0,0.0,988000.0,,0.0,868.7,False,2,76435.42,26
T000088579,2026-03-20,P005,S01,Value Seeker,Physical Store,4,6485.56,26000.0,57.76,25942.24,,0.0,4.9,True,0,0.0,76
T000088580,2026-03-20,P006,S01,Budget Shopper,Physical Store,147,658.89,95550.0,0.0,95550.0,,0.0,22409.4,False,8,5271.12,147
T000088581,2026-03-20,P001,S02,Loyal Regular,Physical Store,197,12613.51,2462500.0,0.0,2462500.0,,0.0,425.1,False,8,100908.08,197
T000088582,2026-03-20,P002,S02,Occasional Shopper,Mobile App,71,179.53,12780.0,33.37,12746.63,,0.0,20856.9,False,0,0.0,71
T000088583,2026-03-20,P003,S02,Budget Shopper,Marketplace,41,1788.3,73800.0,479.7,73320.3,,0.0,2555.7,False,9,16094.7,41
T000088584,2026-03-20,P004,S02,Loyal Regular,Physical Store,7,38747.95,266000.0,0.0,266000.0,,0.0,306.0,False,0,0.0,7
T000088585,2026-03-20,P005,S02,Value Seeker,Physical Store,152,6555.8,988000.0,0.0,988000.0,,0.0,4321.7,False,6,39334.8,152
T000088586,2026-03-20,P006,S02,Budget Shopper,Physical Store,100,641.49,65000.0,851.0,64149.0,,0.0,27371.4,False,1,641.49,100
T000088587,2026-03-20,P001,S03,Budget Shopper,Physical Store,175,12588.24,2187500.0,0.0,2187500.0,,0.0,807.1,False,6,75529.44,175
T000088588,2026-03-20,P002,S03,Premium Buyer,Physical Store,140,179.77,25200.0,32.2,25167.8,,0.0,28566.3,False,0,0.0,140
T000088589,2026-03-20,P003,S03,Occasional Shopper,Mobile App,61,1813.08,109800.0,0.0,109800.0,,0.0,2402.9,False,9,16317.72,61
T000088590,2026-03-20,P004,S03,Value Seeker,Physical Store,22,35555.45,836000.0,53780.1,782219.9,Flash Discount,6.79,615.5,False,1,35555.45,22
T000088591,2026-03-20,P005,S03,Budget Shopper,Online,153,6373.46,994500.0,19360.62,975139.38,,0.0,2030.0,False,7,44614.22,153
T000088592,2026-03-20,P006,S03,Occasional Shopper,Mobile App,115,641.52,74750.0,975.2,73774.8,,0.0,17370.3,False,3,1924.56,115
T000088593,2026-03-20,P001,S04,Budget Shopper,Mobile App,70,12695.59,875000.0,0.0,875000.0,,0.0,976.4,False,0,0.0,70
T000088594,2026-03-20,P002,S04,Premium Buyer,Online,159,180.59,28620.0,0.0,28620.0,,0.0,32287.3,False,1,180.59,159
T000088595,2026-03-20,P003,S04,Loyal Regular,Physical Store,134,1795.63,241200.0,585.58,240614.42,,0.0,5284.2,False,9,16160.67,134
T000088596,2026-03-20,P004,S04,Premium Buyer,Physical Store,8,37722.06,304000.0,2223.52,301776.48,,0.0,147.6,False,0,0.0,8
T000088597,2026-03-20,P005,S04,Budget Shopper,Physical Store,21,6610.77,136500.0,0.0,136500.0,,0.0,3220.5,False,0,0.0,21
T000088598,2026-03-20,P006,S04,Loyal Regular,Physical Store,110,652.41,71500.0,0.0,71500.0,,0.0,22096.1,False,7,4566.87,110
T000088599,2026-03-20,P001,S05,Value Seeker,Mobile App,152,12625.34,1900000.0,0.0,1900000.0,,0.0,1221.1,False,5,63126.7,152
T000088600,2026-03-20,P002,S05,Value Seeker,Marketplace,86,180.3,15480.0,0.0,15480.0,,0.0,33330.1,False,0,0.0,86
T000088601,2026-03-20,P003,S05,Budget Shopper,Online,57,1825.71,102600.0,0.0,102600.0,,0.0,2523.9,False,17,31037.07,57
T000088602,2026-03-20,P004,S05,Value Seeker,Online,6,38472.93,228000.0,0.0,228000.0,,0.0,181.5,False,0,0.0,6
T000088603,2026-03-20,P005,S05,Budget Shopper,Marketplace,0,6537.29,0.0,0.0,0.0,,0.0,0.3,True,0,0.0,53
T000088604,2026-03-20,P006,S05,Loyal Regular,Physical Store,31,655.92,20150.0,0.0,20150.0,,0.0,18616.5,False,0,0.0,31
T000088605,2026-03-20,P001,S06,Budget Shopper,Online,101,12652.53,1262500.0,0.0,1262500.0,,0.0,250.1,False,4,50610.12,101
T000088606,2026-03-20,P002,S06,Loyal Regular,Mobile App,132,178.37,23760.0,215.16,23544.84,,0.0,29024.8,False,0,0.0,132
T000088607,2026-03-20,P003,S06,Value Seeker,Online,71,1795.13,127800.0,345.77,127454.23,,0.0,7523.5,False,4,7180.52,71
T000088608,2026-03-20,P004,S06,Budget Shopper,Physical Store,0,38079.0,0.0,0.0,0.0,,0.0,782.1,False,0,0.0,0
T000088609,2026-03-20,P005,S06,Budget Shopper,Physical Store,28,6414.63,182000.0,2390.36,179609.64,,0.0,2562.7,False,2,12829.26,28
T000088610,2026-03-20,P006,S06,Loyal Regular,Physical Store,69,656.63,44850.0,0.0,44850.0,,0.0,44824.9,False,3,1969.89,69
T000088611,2026-03-20,P001,S07,Loyal Regular,Online,68,12632.38,850000.0,0.0,850000.0,,0.0,3891.9,False,4,50529.52,68
T000088612,2026-03-20,P002,S07,Premium Buyer,Physical Store,111,179.6,19980.0,44.4,19935.6,,0.0,40677.4,False,0,0.0,111
T000088613,2026-03-20,P003,S07,Value Seeker,Mobile App,39,1802.18,70200.0,0.0,70200.0,,0.0,9020.9,False,8,14417.44,39
T000088614,2026-03-20,P004,S07,Premium Buyer,Online,8,38079.81,304000.0,0.0,304000.0,,0.0,1012.9,False,0,0.0,8
T000088615,2026-03-20,P005,S07,Premium Buyer,Physical Store,29,6541.63,188500.0,0.0,188500.0,,0.0,4613.7,False,0,0.0,29
T000088616,2026-03-20,P006,S07,Budget Shopper,Physical Store,71,658.85,46150.0,0.0,46150.0,,0.0,24707.6,False,1,658.85,71
T000088617,2026-03-20,P001,S08,Value Seeker,Online,108,12442.74,1350000.0,6184.08,1343815.92,,0.0,4038.1,False,10,124427.4,108
T000088618,2026-03-20,P002,S08,Budget Shopper,Physical Store,18,180.32,3240.0,0.0,3240.0,,0.0,30938.1,False,0,0.0,18
T000088619,2026-03-20,P003,S08,Loyal Regular,Online,39,1748.96,70200.0,1990.56,68209.44,,0.0,5808.8,False,4,6995.84,39
T000088620,2026-03-20,P004,S08,Loyal Regular,Physical Store,6,37583.82,228000.0,2497.08,225502.92,,0.0,1154.1,False,0,0.0,6
T000088621,2026-03-20,P005,S08,Value Seeker,Physical Store,45,6513.85,292500.0,0.0,292500.0,,0.0,6400.1,False,1,6513.85,45
T000088622,2026-03-20,P006,S08,Value Seeker,Online,147,660.53,95550.0,0.0,95550.0,,0.0,24572.6,False,2,1321.06,147
T000088623,2026-03-21,P001,S01,Premium Buyer,Physical Store,0,12532.74,0.0,0.0,0.0,,0.0,0.6,True,0,0.0,196
T000088624,2026-03-21,P002,S01,Budget Shopper,Physical Store,197,179.88,35460.0,23.64,35436.36,,0.0,36138.4,False,3,539.64,197
T000088625,2026-03-21,P003,S01,Premium Buyer,Mobile App,74,1798.32,133200.0,124.32,133075.68,,0.0,2611.7,False,10,17983.2,74
T000088626,2026-03-21,P004,S01,Premium Buyer,Physical Store,26,38039.97,988000.0,0.0,988000.0,,0.0,842.7,False,0,0.0,26
T000088627,2026-03-21,P006,S01,Premium Buyer,Mobile App,121,649.65,78650.0,42.35,78607.65,,0.0,22967.6,False,4,2598.6,121
T000088628,2026-03-21,P001,S02,Premium Buyer,Physical Store,156,12490.08,1950000.0,1547.52,1948452.48,,0.0,228.1,False,11,137390.88,156
T000088629,2026-03-21,P002,S02,Value Seeker,Physical Store,116,181.1,20880.0,0.0,20880.0,,0.0,21603.4,False,0,0.0,116
T000088630,2026-03-21,P003,S02,Premium Buyer,Online,135,1817.42,243000.0,0.0,243000.0,,0.0,2514.7,False,19,34530.98,135
T000088631,2026-03-21,P004,S02,Budget Shopper,Physical Store,21,37965.09,798000.0,733.11,797266.89,,0.0,299.0,False,2,75930.18,21
T000088632,2026-03-21,P005,S02,Value Seeker,Physical Store,335,6417.9,2177500.0,27503.5,2149996.5,,0.0,4544.7,False,14,89850.6,335
T000088633,2026-03-21,P001,S03,Value Seeker,Marketplace,128,12511.22,1600000.0,0.0,1600000.0,,0.0,978.1,False,8,100089.76,128
T000088634,2026-03-21,P002,S03,Occasional Shopper,Online,78,177.01,14040.0,233.22,13806.78,,0.0,29178.8,False,0,0.0,78
T000088635,2026-03-21,P003,S03,Occasional Shopper,Physical Store,52,1786.71,93600.0,691.08,92908.92,,0.0,2341.9,False,5,8933.55,52
T000088636,2026-03-21,P004,S03,Budget Shopper,Mobile App,15,37664.04,570000.0,5039.4,564960.6,,0.0,593.5,False,1,37664.04,15
T000088637,2026-03-21,P005,S03,Value Seeker,Physical Store,105,6446.75,682500.0,5591.25,676908.75,,0.0,1877.0,False,2,12893.5,105
T000088638,2026-03-21,P006,S03,Budget Shopper,Online,202,658.11,131300.0,0.0,131300.0,,0.0,17255.3,False,4,2632.44,202
T000088639,2026-03-21,P001,S04,Premium Buyer,Physical Store,38,12724.42,475000.0,0.0,475000.0,,0.0,1124.8,False,4,50897.68,38
T000088640,2026-03-21,P002,S04,Premium Buyer,Online,74,181.76,13320.0,0.0,13320.0,,0.0,32128.3,False,0,0.0,74
T000088641,2026-03-21,P003,S04,Occasional Shopper,Physical Store,29,1802.54,52200.0,0.0,52200.0,,0.0,5150.2,False,1,1802.54,29
T000088642,2026-03-21,P004,S04,Occasional Shopper,Online,26,37811.62,988000.0,4897.88,983102.12,,0.0,139.6,False,0,0.0,26
T000088643,2026-03-21,P005,S04,Value Seeker,Physical Store,143,6403.0,929500.0,13871.0,915629.0,,0.0,3199.5,False,4,25612.0,143
T000088644,2026-03-21,P006,S04,Value Seeker,Physical Store,121,649.01,78650.0,119.79,78530.21,,0.0,21986.1,False,1,649.01,121
T000088645,2026-03-21,P001,S05,Occasional Shopper,Marketplace,66,12351.74,825000.0,9785.16,815214.84,,0.0,1069.1,False,6,74110.44,66
T000088646,2026-03-21,P003,S05,Value Seeker,Marketplace,31,1810.59,55800.0,0.0,55800.0,,0.0,2466.9,False,2,3621.18,31
T000088647,2026-03-21,P004,S05,Budget Shopper,Online,8,37780.79,304000.0,1753.68,302246.32,,0.0,175.5,False,0,0.0,8
T000088648,2026-03-21,P005,S05,Occasional Shopper,Physical Store,0,6516.43,0.0,0.0,0.0,,0.0,0.3,True,0,0.0,50
T000088649,2026-03-21,P006,S05,Occasional Shopper,Physical Store,105,637.23,68250.0,1340.85,66909.15,,0.0,19314.6,False,2,1274.46,105
T000088650,2026-03-21,P001,S06,Loyal Regular,Physical Store,97,12168.62,1212500.0,32143.86,1180356.14,,0.0,149.1,False,1,12168.62,97
T000088651,2026-03-21,P002,S06,Budget Shopper,Online,68,178.65,12240.0,91.8,12148.2,,0.0,28892.8,False,0,0.0,68
T000088652,2026-03-21,P003,S06,Value Seeker,Physical Store,48,1800.06,86400.0,0.0,86400.0,,0.0,7452.5,False,5,9000.3,48
T000088653,2026-03-21,P004,S06,Budget Shopper,Physical Store,7,38316.45,266000.0,0.0,266000.0,,0.0,849.4,False,0,0.0,7
T000088654,2026-03-21,P005,S06,Budget Shopper,Physical Store,40,6556.47,260000.0,0.0,260000.0,,0.0,2534.7,False,1,6556.47,40
T000088655,2026-03-21,P006,S06,Occasional Shopper,Online,171,631.95,111150.0,3086.55,108063.45,,0.0,44755.9,False,2,1263.9,171
T000088656,2026-03-21,P001,S07,Occasional Shopper,Physical Store,67,12530.71,837500.0,0.0,837500.0,,0.0,4132.7,False,1,12530.71,67
T000088657,2026-03-21,P003,S07,Budget Shopper,Physical Store,39,1808.11,70200.0,0.0,70200.0,,0.0,8981.9,False,2,3616.22,39
T000088658,2026-03-21,P004,S07,Budget Shopper,Online,25,37702.96,950000.0,7426.0,942574.0,,0.0,1004.9,False,0,0.0,25
T000088659,2026-03-21,P005,S07,Budget Shopper,Online,34,6554.08,221000.0,0.0,221000.0,,0.0,4584.7,False,1,6554.08,34
T000088660,2026-03-21,P006,S07,Budget Shopper,Online,48,659.46,31200.0,0.0,31200.0,,0.0,24636.6,False,1,659.46,48
T000088661,2026-03-21,P001,S08,Budget Shopper,Physical Store,37,12482.49,462500.0,647.87,461852.13,,0.0,3930.1,False,1,12482.49,37
T000088662,2026-03-21,P002,S08,Budget Shopper,Physical Store,65,177.28,11700.0,176.8,11523.2,,0.0,31562.2,False,2,354.56,65
T000088663,2026-03-21,P003,S08,Value Seeker,Marketplace,22,1810.7,39600.0,0.0,39600.0,,0.0,6115.2,False,2,3621.4,22
T000088664,2026-03-21,P004,S08,Loyal Regular,Online,17,38244.14,646000.0,0.0,646000.0,,0.0,1148.1,False,2,76488.28,17
T000088665,2026-03-21,P005,S08,Loyal Regular,Mobile App,83,6514.5,539500.0,0.0,539500.0,,0.0,6355.1,False,3,19543.5,83
T000088666,2026-03-21,P006,S08,Budget Shopper,Physical Store,109,643.03,70850.0,759.73,70090.27,,0.0,25236.7,False,4,2572.12,109
T000088667,2026-03-22,P001,S01,Loyal Regular,Marketplace,133,12540.36,1662500.0,0.0,1662500.0,,0.0,251.3,False,11,137943.96,133
T000088668,2026-03-22,P002,S01,Budget Shopper,Physical Store,184,180.38,33120.0,0.0,33120.0,,0.0,35941.4,False,1,180.38,184
T000088669,2026-03-22,P003,S01,Premium Buyer,Physical Store,119,1812.36,214200.0,0.0,214200.0,,0.0,2880.4,False,20,36247.2,119
T000088670,2026-03-22,P004,S01,Occasional Shopper,Marketplace,28,38368.34,1064000.0,0.0,1064000.0,,0.0,816.7,False,0,0.0,28
T000088671,2026-03-22,P005,S01,Budget Shopper,Physical Store,0,6566.1,0.0,0.0,0.0,,0.0,0.9,True,0,0.0,68
T000088672,2026-03-22,P006,S01,Value Seeker,Physical Store,90,652.43,58500.0,0.0,58500.0,,0.0,22846.6,False,5,3262.15,90
T000088673,2026-03-22,P001,S02,Premium Buyer,Online,72,12474.85,900000.0,1810.8,898189.2,,0.0,72.1,True,6,74849.1,108
T000088674,2026-03-22,P002,S02,Budget Shopper,Physical Store,110,177.63,19800.0,260.7,19539.3,,0.0,22095.4,False,0,0.0,110
T000088675,2026-03-22,P003,S02,Premium Buyer,Physical Store,99,1818.9,178200.0,0.0,178200.0,,0.0,2760.3,False,9,16370.1,99
T000088676,2026-03-22,P004,S02,Value Seeker,Mobile App,11,38395.69,418000.0,0.0,418000.0,,0.0,278.0,False,0,0.0,11
T000088677,2026-03-22,P005,S02,Budget Shopper,Marketplace,71,6487.78,461500.0,867.62,460632.38,,0.0,4209.7,False,4,25951.12,71
T000088678,2026-03-22,P006,S02,Loyal Regular,Physical Store,244,651.91,158600.0,0.0,158600.0,,0.0,27271.4,False,5,3259.55,244
T000088679,2026-03-22,P001,S03,Budget Shopper,Physical Store,104,12563.0,1300000.0,0.0,1300000.0,,0.0,850.1,False,4,50252.0,104
T000088680,2026-03-22,P002,S03,Value Seeker,Online,81,179.97,14580.0,2.43,14577.57,,0.0,29100.8,False,0,0.0,81
T000088681,2026-03-22,P003,S03,Premium Buyer,Online,45,1744.21,81000.0,2510.55,78489.45,,0.0,2289.9,False,4,6976.84,45
T000088682,2026-03-22,P004,S03,Value Seeker,Physical Store,37,38298.36,1406000.0,0.0,1406000.0,,0.0,578.5,False,1,38298.36,37
T000088683,2026-03-22,P005,S03,Budget Shopper,Physical Store,46,6423.45,299000.0,3521.3,295478.7,,0.0,1772.0,False,1,6423.45,46
T000088684,2026-03-22,P006,S03,Loyal Regular,Online,180,644.44,117000.0,1000.8,115999.2,,0.0,17864.4,False,3,1933.32,180
T000088685,2026-03-22,P001,S04,Occasional Shopper,Online,48,12478.39,600000.0,1037.28,598962.72,,0.0,1086.8,False,0,0.0,48
T000088686,2026-03-22,P002,S04,Loyal Regular,Physical Store,106,180.46,19080.0,0.0,19080.0,,0.0,32054.3,False,0,0.0,106
T000088687,2026-03-22,P003,S04,Occasional Shopper,Mobile App,82,1810.06,147600.0,0.0,147600.0,,0.0,5121.2,False,12,21720.72,82
T000088688,2026-03-22,P004,S04,Occasional Shopper,Online,18,37879.02,684000.0,2177.64,681822.36,,0.0,189.3,False,0,0.0,18
T000088689,2026-03-22,P005,S04,Loyal Regular,Physical Store,161,6657.55,1046500.0,0.0,1046500.0,,0.0,3320.9,False,8,53260.4,161
T000088690,2026-03-22,P006,S04,Loyal Regular,Physical Store,65,644.43,42250.0,362.05,41887.95,,0.0,22556.0,False,0,0.0,65
T000088691,2026-03-22,P001,S05,Budget Shopper,Physical Store,59,12656.34,737500.0,0.0,737500.0,,0.0,1308.8,False,1,12656.34,59
T000088692,2026-03-22,P002,S05,Loyal Regular,Physical Store,141,181.74,25380.0,0.0,25380.0,,0.0,33244.1,False,1,181.74,141
T000088693,2026-03-22,P003,S05,Budget Shopper,Mobile App,34,1784.54,61200.0,525.64,60674.36,,0.0,2435.9,False,1,1784.54,34
T000088694,2026-03-22,P004,S05,Value Seeker,Mobile App,6,37259.98,228000.0,4440.12,223559.88,,0.0,167.5,False,0,0.0,6
T000088695,2026-03-22,P005,S05,Value Seeker,Online,0,6503.4,0.0,0.0,0.0,,0.0,0.3,True,0,0.0,35
T000088696,2026-03-22,P006,S05,Loyal Regular,Physical Store,60,646.37,39000.0,217.8,38782.2,,0.0,19209.6,False,3,1939.11,60
T000088697,2026-03-22,P001,S06,Budget Shopper,Online,114,12617.71,1425000.0,0.0,1425000.0,,0.0,221.5,False,6,75706.26,114
T000088698,2026-03-22,P002,S06,Value Seeker,Physical Store,98,180.14,17640.0,0.0,17640.0,,0.0,29675.3,False,1,180.14,98
T000088699,2026-03-22,P003,S06,Loyal Regular,Physical Store,28,1803.12,50400.0,0.0,50400.0,,0.0,7804.5,False,2,3606.24,28
T000088700,2026-03-22,P004,S06,Value Seeker,Physical Store,11,37835.43,418000.0,1810.27,416189.73,,0.0,842.4,False,0,0.0,11
T000088701,2026-03-22,P005,S06,Value Seeker,Online,61,6524.6,396500.0,0.0,396500.0,,0.0,2494.7,False,6,39147.6,61
T000088702,2026-03-22,P006,S06,Budget Shopper,Physical Store,256,650.8,166400.0,0.0,166400.0,,0.0,45911.5,False,13,8460.4,256
T000088703,2026-03-22,P001,S07,Value Seeker,Physical Store,68,12445.68,850000.0,3693.76,846306.24,,0.0,4065.7,False,4,49782.72,68
T000088704,2026-03-22,P002,S07,Loyal Regular,Physical Store,150,181.31,27000.0,0.0,27000.0,,0.0,41410.6,False,0,0.0,150
T000088705,2026-03-22,P003,S07,Value Seeker,Mobile App,14,1791.03,25200.0,125.58,25074.42,,0.0,8942.9,False,0,0.0,14
T000088706,2026-03-22,P004,S07,Budget Shopper,Physical Store,13,38221.9,494000.0,0.0,494000.0,,0.0,979.9,False,0,0.0,13
T000088707,2026-03-22,P005,S07,Value Seeker,Physical Store,32,6406.48,208000.0,2992.64,205007.36,,0.0,4550.7,False,1,6406.48,32
T000088708,2026-03-22,P006,S07,Value Seeker,Online,124,635.78,80600.0,1763.28,78836.72,,0.0,25564.4,False,2,1271.56,124
T000088709,2026-03-22,P001,S08,Budget Shopper,Mobile App,36,12517.31,450000.0,0.0,450000.0,,0.0,3893.1,False,5,62586.55,36
T000088710,2026-03-22,P002,S08,Premium Buyer,Mobile App,105,180.19,18900.0,0.0,18900.0,,0.0,31497.2,False,1,180.19,105
T000088711,2026-03-22,P003,S08,Loyal Regular,Marketplace,37,1548.99,66600.0,9287.37,57312.63,Flash Discount,14.38,6093.2,False,7,10842.93,37
T000088712,2026-03-22,P004,S08,Value Seeker,Online,23,33129.02,874000.0,112032.54,761967.46,Flash Discount,11.45,1131.1,False,1,33129.02,23
T000088713,2026-03-22,P005,S08,Value Seeker,Online,93,6448.57,604500.0,4782.99,599717.01,,0.0,6701.3,False,3,19345.71,93
T000088714,2026-03-22,P006,S08,Loyal Regular,Online,63,649.81,40950.0,11.97,40938.03,,0.0,25127.7,False,2,1299.62,63
T000088715,2026-03-23,P001,S01,Premium Buyer,Online,99,12413.39,1237500.0,8574.39,1228925.61,,0.0,118.3,False,5,62066.95,99
T000088716,2026-03-23,P002,S01,Value Seeker,Online,130,181.18,23400.0,0.0,23400.0,,0.0,36458.0,False,1,181.18,130
T000088717,2026-03-23,P003,S01,Premium Buyer,Mobile App,82,1653.92,147600.0,11978.56,135621.44,Flash Discount,7.21,2761.4,False,12,19847.04,82
T000088718,2026-03-23,P004,S01,Premium Buyer,Physical Store,9,38189.39,342000.0,0.0,342000.0,,0.0,788.7,False,0,0.0,9
T000088719,2026-03-23,P005,S01,Occasional Shopper,Physical Store,0,6573.51,0.0,0.0,0.0,,0.0,0.9,True,0,0.0,61
T000088720,2026-03-23,P006,S01,Budget Shopper,Physical Store,140,653.69,91000.0,0.0,91000.0,,0.0,23439.0,False,5,3268.45,140
T000088721,2026-03-23,P001,S02,Loyal Regular,Physical Store,103,12510.24,1287500.0,0.0,1287500.0,,0.0,394.4,False,9,112592.16,103
T000088722,2026-03-23,P002,S02,Loyal Regular,Physical Store,43,179.24,7740.0,32.68,7707.32,,0.0,22582.1,False,0,0.0,43
T000088723,2026-03-23,P003,S02,Premium Buyer,Online,41,1814.03,73800.0,0.0,73800.0,,0.0,2661.3,False,2,3628.06,41
T000088724,2026-03-23,P004,S02,Budget Shopper,Physical Store,11,37973.1,418000.0,295.9,417704.1,,0.0,333.9,False,0,0.0,11
T000088725,2026-03-23,P005,S02,Budget Shopper,Online,89,6488.43,578500.0,1029.73,577470.27,,0.0,4138.7,False,3,19465.29,89
T000088726,2026-03-23,P006,S02,Occasional Shopper,Online,42,643.44,27300.0,275.52,27024.48,,0.0,27027.4,False,0,0.0,42
T000088727,2026-03-23,P001,S03,Value Seeker,Online,78,12648.5,975000.0,0.0,975000.0,,0.0,1073.1,False,0,0.0,78
T000088728,2026-03-23,P002,S03,Value Seeker,Mobile App,210,178.76,37800.0,260.4,37539.6,,0.0,30118.9,False,1,178.76,210
T000088729,2026-03-23,P003,S03,Value Seeker,Physical Store,44,1783.42,79200.0,729.52,78470.48,,0.0,2244.9,False,6,10700.52,44
T000088730,2026-03-23,P004,S03,Premium Buyer,Online,17,37992.27,646000.0,131.41,645868.59,,0.0,541.5,False,0,0.0,17
T000088731,2026-03-23,P005,S03,Value Seeker,Mobile App,87,6512.67,565500.0,0.0,565500.0,,0.0,1726.0,False,3,19538.01,87
T000088732,2026-03-23,P006,S03,Budget Shopper,Physical Store,101,643.11,65650.0,695.89,64954.11,,0.0,17684.4,False,3,1929.33,101
T000088733,2026-03-23,P001,S04,Loyal Regular,Online,13,12479.77,162500.0,262.99,162237.01,,0.0,1038.8,False,2,24959.54,13
T000088734,2026-03-23,P002,S04,Value Seeker,Online,61,180.86,10980.0,0.0,10980.0,,0.0,32670.4,False,0,0.0,61
T000088735,2026-03-23,P003,S04,Occasional Shopper,Online,33,1798.05,59400.0,64.35,59335.65,,0.0,5039.2,False,5,8990.25,33
T000088736,2026-03-23,P004,S04,Budget Shopper,Mobile App,3,37915.79,114000.0,252.63,113747.37,,0.0,171.3,False,0,0.0,3
T000088737,2026-03-23,P005,S04,Value Seeker,Physical Store,41,6386.5,266500.0,4653.5,261846.5,,0.0,3159.9,False,1,6386.5,41
T000088738,2026-03-23,P006,S04,Occasional Shopper,Online,85,643.8,55250.0,527.0,54723.0,,0.0,22491.0,False,4,2575.2,85
T000088739,2026-03-23,P001,S05,Loyal Regular,Marketplace,31,12405.55,387500.0,2927.95,384572.05,,0.0,1249.8,False,4,49622.2,31
T000088740,2026-03-23,P002,S05,Budget Shopper,Marketplace,76,180.41,13680.0,0.0,13680.0,,0.0,34243.1,False,1,180.41,76
T000088741,2026-03-23,P003,S05,Premium Buyer,Physical Store,27,1799.49,48600.0,13.77,48586.23,,0.0,2401.9,False,3,5398.47,27
T000088742,2026-03-23,P005,S05,Premium Buyer,Mobile App,69,6441.32,448500.0,4048.92,444451.08,,0.0,274.1,False,4,25765.28,69
T000088743,2026-03-23,P006,S05,Premium Buyer,Mobile App,63,648.17,40950.0,115.29,40834.71,,0.0,19149.6,False,2,1296.34,63
T000088744,2026-03-23,P002,S06,Loyal Regular,Physical Store,59,180.8,10620.0,0.0,10620.0,,0.0,29577.3,False,0,0.0,59
T000088745,2026-03-23,P003,S06,Premium Buyer,Mobile App,61,1799.4,109800.0,36.6,109763.4,,0.0,8192.8,False,7,12595.8,61
T000088746,2026-03-23,P004,S06,Value Seeker,Physical Store,10,37589.35,380000.0,4106.5,375893.5,,0.0,900.9,False,0,0.0,10
T000088747,2026-03-23,P005,S06,Value Seeker,Physical Store,44,6527.31,286000.0,0.0,286000.0,,0.0,2746.6,False,1,6527.31,44
T000088748,2026-03-23,P006,S06,Budget Shopper,Mobile App,54,653.35,35100.0,0.0,35100.0,,0.0,46620.5,False,4,2613.4,54
T000088749,2026-03-23,P001,S07,Value Seeker,Mobile App,20,12410.35,250000.0,1793.0,248207.0,,0.0,3997.7,False,2,24820.7,20
T000088750,2026-03-23,P002,S07,Budget Shopper,Physical Store,131,179.1,23580.0,117.9,23462.1,,0.0,41260.6,False,1,179.1,131
T000088751,2026-03-23,P003,S07,Value Seeker,Physical Store,39,1795.04,70200.0,193.44,70006.56,,0.0,8928.9,False,2,3590.08,39
T000088752,2026-03-23,P004,S07,Premium Buyer,Physical Store,11,38648.35,418000.0,0.0,418000.0,,0.0,966.9,False,0,0.0,11
T000088753,2026-03-23,P005,S07,Premium Buyer,Physical Store,30,6433.39,195000.0,1998.3,193001.7,,0.0,4518.7,False,2,12866.78,30
T000088754,2026-03-23,P006,S07,Loyal Regular,Physical Store,57,653.79,37050.0,0.0,37050.0,,0.0,26227.4,False,2,1307.58,57
T000088755,2026-03-23,P001,S08,Budget Shopper,Physical Store,18,12663.69,225000.0,0.0,225000.0,,0.0,3857.1,False,0,0.0,18
T000088756,2026-03-23,P002,S08,Occasional Shopper,Physical Store,86,179.11,15480.0,76.54,15403.46,,0.0,31392.2,False,1,179.11,86
T000088757,2026-03-23,P003,S08,Budget Shopper,Mobile App,13,1821.85,23400.0,0.0,23400.0,,0.0,6491.8,False,0,0.0,13
T000088758,2026-03-23,P004,S08,Premium Buyer,Mobile App,17,37887.99,646000.0,1904.17,644095.83,,0.0,1108.1,False,0,0.0,17
T000088759,2026-03-23,P005,S08,Loyal Regular,Physical Store,36,6484.2,234000.0,568.8,233431.2,,0.0,6608.3,False,3,19452.6,36
T000088760,2026-03-23,P006,S08,Loyal Regular,Online,108,654.67,70200.0,0.0,70200.0,,0.0,26039.8,False,5,3273.35,108
T000088761,2026-03-24,P001,S01,Occasional Shopper,Online,19,12534.07,237500.0,0.0,237500.0,,0.0,19.3,True,0,0.0,115
T000088762,2026-03-24,P002,S01,Loyal Regular,Physical Store,125,183.17,22500.0,0.0,22500.0,,0.0,36971.4,False,0,0.0,125
T000088763,2026-03-24,P003,S01,Premium Buyer,Online,104,1788.7,187200.0,1175.2,186024.8,,0.0,2679.4,False,7,12520.9,104
T000088764,2026-03-24,P004,S01,Occasional Shopper,Physical Store,13,38502.11,494000.0,0.0,494000.0,,0.0,779.7,False,0,0.0,13
T000088765,2026-03-24,P005,S01,Loyal Regular,Online,0,6519.28,0.0,0.0,0.0,,0.0,0.9,True,0,0.0,109
T000088766,2026-03-24,P006,S01,Premium Buyer,Online,221,653.46,143650.0,0.0,143650.0,,0.0,24469.4,False,14,9148.44,221
T000088767,2026-03-24,P001,S02,Value Seeker,Physical Store,120,12459.55,1500000.0,4854.0,1495146.0,,0.0,291.4,False,0,0.0,120
T000088768,2026-03-24,P002,S02,Loyal Regular,Online,101,178.95,18180.0,106.05,18073.95,,0.0,22539.1,False,1,178.95,101
T000088769,2026-03-24,P003,S02,Budget Shopper,Physical Store,126,1764.16,226800.0,4515.84,222284.16,,0.0,2620.3,False,23,40575.68,126
T000088770,2026-03-24,P004,S02,Value Seeker,Online,12,38521.5,456000.0,0.0,456000.0,,0.0,322.9,False,2,77043.0,12
T000088771,2026-03-24,P005,S02,Value Seeker,Physical Store,65,6509.92,422500.0,0.0,422500.0,,0.0,4360.6,False,4,26039.68,65
T000088772,2026-03-24,P006,S02,Value Seeker,Marketplace,188,652.1,122200.0,0.0,122200.0,,0.0,26985.4,False,4,2608.4,188
T000088773,2026-03-24,P001,S03,Value Seeker,Online,44,12444.22,550000.0,2454.32,547545.68,,0.0,995.1,False,2,24888.44,44
T000088774,2026-03-24,P002,S03,Value Seeker,Physical Store,161,182.57,28980.0,0.0,28980.0,,0.0,30601.1,False,1,182.57,161
T000088775,2026-03-24,P003,S03,Loyal Regular,Online,13,1786.03,23400.0,181.61,23218.39,,0.0,2200.9,False,1,1786.03,13
T000088776,2026-03-24,P005,S03,Loyal Regular,Online,95,6477.59,617500.0,2128.95,615371.05,,0.0,1639.0,False,8,51820.72,95
T000088777,2026-03-24,P006,S03,Value Seeker,Physical Store,89,654.4,57850.0,0.0,57850.0,,0.0,18202.7,False,6,3926.4,89
T000088778,2026-03-24,P001,S04,Loyal Regular,Physical Store,44,12692.87,550000.0,0.0,550000.0,,0.0,1025.8,False,3,38078.61,44
T000088779,2026-03-24,P003,S04,Budget Shopper,Online,37,1791.54,66600.0,313.02,66286.98,,0.0,5271.3,False,6,10749.24,37
T000088780,2026-03-24,P004,S04,Premium Buyer,Online,14,38022.31,532000.0,0.0,532000.0,,0.0,168.3,False,0,0.0,14
T000088781,2026-03-24,P005,S04,Value Seeker,Physical Store,34,6452.82,221000.0,1604.12,219395.88,,0.0,3118.9,False,1,6452.82,34
T000088782,2026-03-24,P006,S04,Value Seeker,Physical Store,54,649.57,35100.0,23.22,35076.78,,0.0,23448.8,False,2,1299.14,54
T000088783,2026-03-24,P001,S05,Premium Buyer,Physical Store,79,12155.96,987500.0,27179.16,960320.84,,0.0,1218.8,False,6,72935.76,79
T000088784,2026-03-24,P002,S05,Occasional Shopper,Online,59,180.45,10620.0,0.0,10620.0,,0.0,34167.1,False,0,0.0,59
T000088785,2026-03-24,P003,S05,Occasional Shopper,Online,17,1801.17,30600.0,0.0,30600.0,,0.0,2374.9,False,4,7204.68,17
T000088786,2026-03-24,P004,S05,Loyal Regular,Physical Store,12,38617.58,456000.0,0.0,456000.0,,0.0,161.5,False,1,38617.58,12
T000088787,2026-03-24,P005,S05,Value Seeker,Physical Store,42,6449.39,273000.0,2125.62,270874.38,,0.0,205.1,False,2,12898.78,42
T000088788,2026-03-24,P006,S05,Loyal Regular,Physical Store,54,658.76,35100.0,0.0,35100.0,,0.0,19949.1,False,1,658.76,54
T000088789,2026-03-24,P001,S06,Budget Shopper,Physical Store,27,12414.82,337500.0,2299.86,335200.14,,0.0,399.6,False,1,12414.82,27
T000088790,2026-03-24,P002,S06,Budget Shopper,Online,62,179.87,11160.0,8.06,11151.94,,0.0,30166.5,False,0,0.0,62
T000088791,2026-03-24,P003,S06,Budget Shopper,Online,32,1795.67,57600.0,138.56,57461.44,,0.0,8131.8,False,3,5387.01,32
T000088792,2026-03-24,P004,S06,Occasional Shopper,Mobile App,11,37997.68,418000.0,25.52,417974.48,,0.0,890.9,False,0,0.0,11
T000088793,2026-03-24,P005,S06,Value Seeker,Physical Store,77,6537.64,500500.0,0.0,500500.0,,0.0,2702.6,False,3,19612.92,77
T000088794,2026-03-24,P006,S06,Value Seeker,Physical Store,53,644.81,34450.0,275.07,34174.93,,0.0,47395.9,False,0,0.0,53
T000088795,2026-03-24,P001,S07,Value Seeker,Online,56,12266.24,700000.0,13090.56,686909.44,,0.0,3977.7,False,6,73597.44,56
T000088796,2026-03-24,P002,S07,Budget Shopper,Online,67,177.64,12060.0,158.12,11901.88,,0.0,42189.9,False,0,0.0,67
T000088797,2026-03-24,P003,S07,Budget Shopper,Physical Store,15,1803.18,27000.0,0.0,27000.0,,0.0,9163.7,False,1,1803.18,15
T000088798,2026-03-24,P004,S07,Premium Buyer,Online,10,37961.6,380000.0,384.0,379616.0,,0.0,955.9,False,1,37961.6,10
T000088799,2026-03-24,P005,S07,Budget Shopper,Online,26,6419.52,169000.0,2092.48,166907.52,,0.0,4705.8,False,1,6419.52,26
T000088800,2026-03-24,P006,S07,Budget Shopper,Physical Store,41,656.91,26650.0,0.0,26650.0,,0.0,26170.4,False,2,1313.82,41
T000088801,2026-03-24,P001,S08,Loyal Regular,Physical Store,53,12705.29,662500.0,0.0,662500.0,,0.0,3839.1,False,3,38115.87,53
T000088802,2026-03-24,P002,S08,Loyal Regular,Mobile App,78,161.11,14040.0,1473.42,12566.58,Flash Discount,10.71,31306.2,False,0,0.0,78
T000088803,2026-03-24,P003,S08,Premium Buyer,Online,16,1795.17,28800.0,77.28,28722.72,,0.0,6478.8,False,1,1795.17,16
T000088804,2026-03-24,P004,S08,Value Seeker,Physical Store,12,37520.92,456000.0,5748.96,450251.04,,0.0,1091.1,False,0,0.0,12
T000088805,2026-03-24,P005,S08,Premium Buyer,Physical Store,26,6497.17,169000.0,73.58,168926.42,,0.0,6899.1,False,0,0.0,26
T000088806,2026-03-24,P006,S08,Budget Shopper,Marketplace,27,608.33,17550.0,1125.09,16424.91,Flash Discount,7.86,26651.0,False,0,0.0,27
T000088807,2026-03-25,P001,S01,Value Seeker,Mobile App,0,12355.76,0.0,0.0,0.0,,0.0,0.3,True,0,0.0,156
T000088808,2026-03-25,P003,S01,Budget Shopper,Mobile App,100,1786.67,180000.0,1333.0,178667.0,,0.0,2575.4,False,6,10720.02,100
T000088809,2026-03-25,P004,S01,Budget Shopper,Online,14,37783.28,532000.0,3034.08,528965.92,,0.0,766.7,False,2,75566.56,14
T000088810,2026-03-25,P005,S01,Value Seeker,Mobile App,0,6388.51,0.0,0.0,0.0,,0.0,0.9,True,0,0.0,115
T000088811,2026-03-25,P006,S01,Budget Shopper,Marketplace,91,653.22,59150.0,0.0,59150.0,,0.0,24248.4,False,2,1306.44,91
T000088812,2026-03-25,P001,S02,Value Seeker,Physical Store,41,12506.32,512500.0,0.0,512500.0,,0.0,171.4,False,2,25012.64,41
T000088813,2026-03-25,P002,S02,Value Seeker,Online,82,181.27,14760.0,0.0,14760.0,,0.0,23185.6,False,0,0.0,82
T000088814,2026-03-25,P003,S02,Loyal Regular,Online,64,1777.84,115200.0,1418.24,113781.76,,0.0,2494.3,False,6,10667.04,64
T000088815,2026-03-25,P004,S02,Occasional Shopper,Physical Store,8,38219.95,304000.0,0.0,304000.0,,0.0,310.9,False,0,0.0,8
T000088816,2026-03-25,P005,S02,Loyal Regular,Mobile App,147,6452.27,955500.0,7016.31,948483.69,,0.0,4295.6,False,7,45165.89,147
T000088817,2026-03-25,P006,S02,Budget Shopper,Physical Store,120,651.94,78000.0,0.0,78000.0,,0.0,26797.4,False,4,2607.76,120
T000088818,2026-03-25,P001,S03,Value Seeker,Mobile App,176,12538.23,2200000.0,0.0,2200000.0,,0.0,951.1,False,7,87767.61,176
T000088819,2026-03-25,P003,S03,Budget Shopper,Physical Store,27,1834.28,48600.0,0.0,48600.0,,0.0,2471.9,False,3,5502.84,27
T000088820,2026-03-25,P004,S03,Value Seeker,Physical Store,6,38107.87,228000.0,0.0,228000.0,,0.0,630.2,False,2,76215.74,6
T000088821,2026-03-25,P005,S03,Budget Shopper,Physical Store,116,6398.37,754000.0,11789.08,742210.92,,0.0,1544.0,False,6,38390.22,116
T000088822,2026-03-25,P006,S03,Budget Shopper,Physical Store,73,639.31,47450.0,780.37,46669.63,,0.0,18113.7,False,3,1917.93,73
T000088823,2026-03-25,P001,S04,Occasional Shopper,Online,56,12443.82,700000.0,3146.08,696853.92,,0.0,981.8,False,4,49775.28,56
T000088824,2026-03-25,P002,S04,Loyal Regular,Physical Store,91,179.28,16380.0,65.52,16314.48,,0.0,33482.5,False,0,0.0,91
T000088825,2026-03-25,P003,S04,Premium Buyer,Online,37,1792.27,66600.0,286.01,66313.99,,0.0,5234.3,False,0,0.0,37
T000088826,2026-03-25,P004,S04,Value Seeker,Online,12,37683.1,456000.0,3802.8,452197.2,,0.0,154.3,False,1,37683.1,12
T000088827,2026-03-25,P005,S04,Budget Shopper,Marketplace,119,6598.47,773500.0,0.0,773500.0,,0.0,3084.9,False,5,32992.35,119
T000088828,2026-03-25,P006,S04,Loyal Regular,Online,88,644.62,57200.0,473.44,56726.56,,0.0,23394.8,False,4,2578.48,88
T000088829,2026-03-25,P001,S05,Value Seeker,Online,83,12534.78,1037500.0,0.0,1037500.0,,0.0,1424.2,False,3,37604.34,83
T000088830,2026-03-25,P002,S05,Loyal Regular,Physical Store,57,178.92,10260.0,61.56,10198.44,,0.0,35324.0,False,0,0.0,57
T000088831,2026-03-25,P003,S05,Value Seeker,Physical Store,15,1805.46,27000.0,0.0,27000.0,,0.0,2357.9,False,1,1805.46,15
T000088832,2026-03-25,P004,S05,Budget Shopper,Mobile App,7,37627.03,266000.0,2610.79,263389.21,,0.0,149.5,False,1,37627.03,7
T000088833,2026-03-25,P005,S05,Budget Shopper,Physical Store,93,5913.93,604500.0,54504.51,549995.49,Flash Discount,10.03,163.1,False,6,35483.58,93
T000088834,2026-03-25,P006,S05,Budget Shopper,Online,51,639.57,33150.0,531.93,32618.07,,0.0,20742.1,False,3,1918.71,51
T000088835,2026-03-25,P001,S06,Budget Shopper,Online,45,12619.29,562500.0,0.0,562500.0,,0.0,372.6,False,2,25238.58,45
T000088836,2026-03-25,P002,S06,Loyal Regular,Mobile App,40,178.51,7200.0,59.6,7140.4,,0.0,30965.0,False,2,357.02,40
T000088837,2026-03-25,P003,S06,Occasional Shopper,Physical Store,25,1791.32,45000.0,217.0,44783.0,,0.0,8099.8,False,3,5373.96,25
T000088838,2026-03-25,P004,S06,Loyal Regular,Physical Store,7,37758.88,266000.0,1687.84,264312.16,,0.0,879.9,False,0,0.0,7
T000088839,2026-03-25,P005,S06,Budget Shopper,Mobile App,50,6411.07,325000.0,4446.5,320553.5,,0.0,2625.6,False,2,12822.14,50
T000088840,2026-03-25,P006,S06,Premium Buyer,Mobile App,80,645.29,52000.0,376.8,51623.2,,0.0,48752.8,False,6,3871.74,80
T000088841,2026-03-25,P001,S07,Budget Shopper,Physical Store,31,12540.7,387500.0,0.0,387500.0,,0.0,4149.9,False,1,12540.7,31
T000088842,2026-03-25,P002,S07,Loyal Regular,Online,76,178.49,13680.0,114.76,13565.24,,0.0,42122.9,False,0,0.0,76
T000088843,2026-03-25,P003,S07,Loyal Regular,Physical Store,8,1816.87,14400.0,0.0,14400.0,,0.0,9148.7,False,2,3633.74,8
T000088844,2026-03-25,P004,S07,Occasional Shopper,Mobile App,6,38117.18,228000.0,0.0,228000.0,,0.0,1091.1,False,0,0.0,6
T000088845,2026-03-25,P005,S07,Occasional Shopper,Physical Store,17,6566.02,110500.0,0.0,110500.0,,0.0,4679.8,False,0,0.0,17
T000088846,2026-03-25,P006,S07,Value Seeker,Online,73,636.45,47450.0,989.15,46460.85,,0.0,26794.5,False,2,1272.9,73
T000088847,2026-03-25,P001,S08,Budget Shopper,Physical Store,19,12510.06,237500.0,0.0,237500.0,,0.0,3786.1,False,2,25020.12,19
T000088848,2026-03-25,P002,S08,Value Seeker,Physical Store,65,178.02,11700.0,128.7,11571.3,,0.0,31947.0,False,0,0.0,65
T000088849,2026-03-25,P003,S08,Value Seeker,Physical Store,16,1817.08,28800.0,0.0,28800.0,,0.0,6696.2,False,1,1817.08,16
T000088850,2026-03-25,P004,S08,Value Seeker,Physical Store,30,38101.31,1140000.0,0.0,1140000.0,,0.0,1079.1,False,2,76202.62,30
T000088851,2026-03-25,P005,S08,Value Seeker,Online,31,6423.28,201500.0,2378.32,199121.68,,0.0,6873.1,False,2,12846.56,31
T000088852,2026-03-25,P006,S08,Loyal Regular,Physical Store,75,649.99,48750.0,0.75,48749.25,,0.0,27865.7,False,0,0.0,75
T000088853,2026-03-26,P001,S01,Occasional Shopper,Marketplace,0,12506.7,0.0,0.0,0.0,,0.0,0.3,True,0,0.0,200
T000088854,2026-03-26,P002,S01,Premium Buyer,Physical Store,150,180.44,27000.0,0.0,27000.0,,0.0,37835.4,False,0,0.0,150
T000088855,2026-03-26,P003,S01,Occasional Shopper,Physical Store,98,1786.72,176400.0,1301.44,175098.56,,0.0,2475.4,False,13,23227.36,98
T000088856,2026-03-26,P004,S01,Occasional Shopper,Physical Store,15,34129.24,570000.0,58061.4,511938.6,Flash Discount,11.84,752.7,False,0,0.0,15
T000088857,2026-03-26,P005,S01,Budget Shopper,Physical Store,0,6647.73,0.0,0.0,0.0,,0.0,0.9,True,0,0.0,189
T000088858,2026-03-26,P006,S01,Budget Shopper,Physical Store,125,653.01,81250.0,0.0,81250.0,,0.0,25325.1,False,1,653.01,125
T000088859,2026-03-26,P001,S02,Value Seeker,Mobile App,41,12654.74,512500.0,0.0,512500.0,,0.0,130.4,False,2,25309.48,41
T000088860,2026-03-26,P002,S02,Value Seeker,Physical Store,41,179.68,7380.0,13.12,7366.88,,0.0,23870.1,False,0,0.0,41
T000088861,2026-03-26,P003,S02,Value Seeker,Online,110,1799.21,198000.0,86.9,197913.1,,0.0,2430.3,False,17,30586.57,110
T000088862,2026-03-26,P004,S02,Occasional Shopper,Marketplace,11,37770.18,418000.0,2528.02,415471.98,,0.0,302.9,False,0,0.0,11
T000088863,2026-03-26,P005,S02,Loyal Regular,Physical Store,63,6575.9,409500.0,0.0,409500.0,,0.0,4148.6,False,2,13151.8,63
T000088864,2026-03-26,P006,S02,Loyal Regular,Online,244,663.48,158600.0,0.0,158600.0,,0.0,26677.4,False,11,7298.28,244
T000088865,2026-03-26,P001,S03,Premium Buyer,Mobile App,100,12561.69,1250000.0,0.0,1250000.0,,0.0,775.1,False,3,37685.07,100
T000088866,2026-03-26,P002,S03,Budget Shopper,Physical Store,141,178.75,25380.0,176.25,25203.75,,0.0,30440.1,False,0,0.0,141
T000088867,2026-03-26,P003,S03,Occasional Shopper,Mobile App,29,1795.88,52200.0,119.48,52080.52,,0.0,2444.9,False,6,10775.28,29
T000088868,2026-03-26,P004,S03,Occasional Shopper,Online,16,37301.26,608000.0,11179.84,596820.16,,0.0,624.2,False,0,0.0,16
T000088869,2026-03-26,P005,S03,Premium Buyer,Marketplace,48,6460.99,312000.0,1872.48,310127.52,,0.0,1428.0,False,0,0.0,48
T000088870,2026-03-26,P006,S03,Occasional Shopper,Physical Store,58,649.84,37700.0,9.28,37690.72,,0.0,18040.7,False,3,1949.52,58
T000088871,2026-03-26,P001,S04,Budget Shopper,Marketplace,48,12485.48,600000.0,696.96,599303.04,,0.0,1244.5,False,0,0.0,48
T000088872,2026-03-26,P002,S04,Value Seeker,Physical Store,136,181.67,24480.0,0.0,24480.0,,0.0,33391.5,False,1,181.67,136
T000088873,2026-03-26,P003,S04,Occasional Shopper,Marketplace,21,1774.77,37800.0,529.83,37270.17,,0.0,5197.3,False,0,0.0,21
T000088874,2026-03-26,P005,S04,Premium Buyer,Physical Store,56,6504.8,364000.0,0.0,364000.0,,0.0,3159.2,False,0,0.0,56
T000088875,2026-03-26,P006,S04,Value Seeker,Online,74,645.83,48100.0,308.58,47791.42,,0.0,23306.8,False,1,645.83,74
T000088876,2026-03-26,P001,S05,Value Seeker,Mobile App,52,12411.52,650000.0,4600.96,645399.04,,0.0,1341.2,False,2,24823.04,52
T000088877,2026-03-26,P002,S05,Loyal Regular,Online,60,180.5,10800.0,0.0,10800.0,,0.0,35267.0,False,0,0.0,60
T000088878,2026-03-26,P003,S05,Premium Buyer,Physical Store,38,1807.84,68400.0,0.0,68400.0,,0.0,2752.3,False,4,7231.36,38
T000088879,2026-03-26,P004,S05,Premium Buyer,Physical Store,14,37606.83,532000.0,5504.38,526495.62,,0.0,142.5,False,1,37606.83,14
T000088880,2026-03-26,P005,S05,Loyal Regular,Online,46,6476.38,299000.0,1086.52,297913.48,,0.0,70.1,False,0,0.0,46
T000088881,2026-03-26,P006,S05,Budget Shopper,Online,22,654.93,14300.0,0.0,14300.0,,0.0,20691.1,False,0,0.0,22
T000088882,2026-03-26,P001,S06,Premium Buyer,Physical Store,30,12384.08,375000.0,3477.6,371522.4,,0.0,503.0,False,1,12384.08,30
T000088883,2026-03-26,P002,S06,Occasional Shopper,Mobile App,100,178.84,18000.0,116.0,17884.0,,0.0,31588.6,False,0,0.0,100
T000088884,2026-03-26,P003,S06,Value Seeker,Online,40,1789.87,72000.0,405.2,71594.8,,0.0,8376.2,False,2,3579.74,40
T000088885,2026-03-26,P004,S06,Value Seeker,Online,4,37216.2,152000.0,3135.2,148864.8,,0.0,872.9,False,0,0.0,4
T000088886,2026-03-26,P005,S06,Budget Shopper,Physical Store,43,6534.13,279500.0,0.0,279500.0,,0.0,2575.6,False,2,13068.26,43
T000088887,2026-03-26,P006,S06,Loyal Regular,Physical Store,59,655.19,38350.0,0.0,38350.0,,0.0,48672.8,False,3,1965.57,59
T000088888,2026-03-26,P001,S07,Value Seeker,Online,41,12710.89,512500.0,0.0,512500.0,,0.0,4118.9,False,0,0.0,41
T000088889,2026-03-26,P002,S07,Premium Buyer,Online,39,179.84,7020.0,6.24,7013.76,,0.0,43216.8,False,0,0.0,39
T000088890,2026-03-26,P003,S07,Loyal Regular,Physical Store,20,1820.46,36000.0,0.0,36000.0,,0.0,9140.7,False,6,10922.76,20
T000088891,2026-03-26,P004,S07,Value Seeker,Mobile App,24,38484.82,912000.0,0.0,912000.0,,0.0,1085.1,False,0,0.0,24
T000088892,2026-03-26,P005,S07,Value Seeker,Physical Store,41,6530.8,266500.0,0.0,266500.0,,0.0,4916.3,False,1,6530.8,41
T000088893,2026-03-26,P006,S07,Loyal Regular,Physical Store,87,639.75,56550.0,891.75,55658.25,,0.0,26721.5,False,0,0.0,87
T000088894,2026-03-26,P001,S08,Budget Shopper,Online,20,12332.27,250000.0,3354.6,246645.4,,0.0,3980.9,False,2,24664.54,20
T000088895,2026-03-26,P002,S08,Budget Shopper,Physical Store,74,180.01,13320.0,0.0,13320.0,,0.0,32860.0,False,0,0.0,74
T000088896,2026-03-26,P003,S08,Loyal Regular,Online,29,1826.57,52200.0,0.0,52200.0,,0.0,6680.2,False,1,1826.57,29
T000088897,2026-03-26,P004,S08,Budget Shopper,Physical Store,6,37931.91,228000.0,408.54,227591.46,,0.0,1049.1,False,0,0.0,6
T000088898,2026-03-26,P005,S08,Value Seeker,Physical Store,65,6552.93,422500.0,0.0,422500.0,,0.0,6842.1,False,3,19658.79,65
T000088899,2026-03-26,P006,S08,Value Seeker,Mobile App,135,655.01,87750.0,0.0,87750.0,,0.0,27790.7,False,1,655.01,135
T000088900,2026-03-27,P001,S01,Loyal Regular,Physical Store,0,12558.81,0.0,0.0,0.0,,0.0,0.3,True,0,0.0,115
T000088901,2026-03-27,P002,S01,Value Seeker,Physical Store,117,181.87,21060.0,0.0,21060.0,,0.0,38703.1,False,1,181.87,117
T000088902,2026-03-27,P003,S01,Budget Shopper,Physical Store,71,1811.96,127800.0,0.0,127800.0,,0.0,2377.4,False,7,12683.72,71
T000088903,2026-03-27,P004,S01,Premium Buyer,Marketplace,9,37401.38,342000.0,5387.58,336612.42,,0.0,737.7,False,1,37401.38,9
T000088904,2026-03-27,P005,S01,Value Seeker,Online,0,6489.01,0.0,0.0,0.0,,0.0,0.9,True,0,0.0,93
T000088905,2026-03-27,P006,S01,Occasional Shopper,Online,146,642.16,94900.0,1144.64,93755.36,,0.0,25818.0,False,4,2568.64,146
T000088906,2026-03-27,P001,S02,Value Seeker,Physical Store,89,12691.87,1112500.0,0.0,1112500.0,,0.0,89.4,True,7,88843.09,139
T000088907,2026-03-27,P002,S02,Value Seeker,Online,262,167.45,47160.0,3288.1,43871.9,Flash Discount,6.69,24754.5,False,2,334.9,262
T000088908,2026-03-27,P003,S02,Premium Buyer,Online,84,1797.88,151200.0,178.08,151021.92,,0.0,2320.3,False,4,7191.52,84
T000088909,2026-03-27,P004,S02,Occasional Shopper,Physical Store,10,38101.31,380000.0,0.0,380000.0,,0.0,291.9,False,0,0.0,10
T000088910,2026-03-27,P005,S02,Occasional Shopper,Physical Store,64,6509.93,416000.0,0.0,416000.0,,0.0,4085.6,False,4,26039.72,64
T000088911,2026-03-27,P006,S02,Occasional Shopper,Physical Store,152,647.87,98800.0,323.76,98476.24,,0.0,27553.1,False,5,3239.35,152
T000088912,2026-03-27,P001,S03,Value Seeker,Physical Store,52,12261.87,650000.0,12382.76,637617.24,,0.0,995.0,False,5,61309.35,52
T000088913,2026-03-27,P002,S03,Occasional Shopper,Physical Store,59,180.49,10620.0,0.0,10620.0,,0.0,30947.6,False,1,180.49,59
T000088914,2026-03-27,P003,S03,Value Seeker,Mobile App,40,1794.65,72000.0,214.0,71786.0,,0.0,2415.9,False,4,7178.6,40
T000088915,2026-03-27,P004,S03,Premium Buyer,Online,11,38172.98,418000.0,0.0,418000.0,,0.0,608.2,False,1,38172.98,11
T000088916,2026-03-27,P005,S03,Value Seeker,Online,204,6460.06,1326000.0,8147.76,1317852.24,,0.0,1724.1,False,14,90440.84,204
T000088917,2026-03-27,P006,S03,Value Seeker,Marketplace,43,650.03,27950.0,0.0,27950.0,,0.0,17982.7,False,1,650.03,43
T000088918,2026-03-27,P001,S04,Loyal Regular,Marketplace,18,12584.76,225000.0,0.0,225000.0,,0.0,1196.5,False,1,12584.76,18
T000088919,2026-03-27,P002,S04,Value Seeker,Marketplace,105,180.9,18900.0,0.0,18900.0,,0.0,33255.5,False,0,0.0,105
T000088920,2026-03-27,P003,S04,Budget Shopper,Online,67,1789.49,120600.0,704.17,119895.83,,0.0,5176.3,False,4,7157.96,67
T000088921,2026-03-27,P004,S04,Loyal Regular,Physical Store,11,38152.58,418000.0,0.0,418000.0,,0.0,142.3,False,2,76305.16,11
T000088922,2026-03-27,P005,S04,Premium Buyer,Physical Store,44,6416.22,286000.0,3686.32,282313.68,,0.0,3103.2,False,2,12832.44,44
T000088923,2026-03-27,P006,S04,Occasional Shopper,Online,143,648.77,92950.0,175.89,92774.11,,0.0,23232.8,False,7,4541.39,143
T000088924,2026-03-27,P001,S05,Occasional Shopper,Physical Store,37,12403.64,462500.0,3565.32,458934.68,,0.0,1289.2,False,3,37210.92,37
T000088925,2026-03-27,P002,S05,Budget Shopper,Physical Store,92,181.53,16560.0,0.0,16560.0,,0.0,35207.0,False,1,181.53,92
T000088926,2026-03-27,P004,S05,Value Seeker,Physical Store,17,37557.77,646000.0,7517.91,638482.09,,0.0,128.5,False,2,75115.54,17
T000088927,2026-03-27,P005,S05,Premium Buyer,Physical Store,15,6528.62,97500.0,0.0,97500.0,,0.0,224.5,False,1,6528.62,15
T000088928,2026-03-27,P006,S05,Loyal Regular,Physical Store,100,639.73,65000.0,1027.0,63973.0,,0.0,20669.1,False,0,0.0,100
T000088929,2026-03-27,P001,S06,Budget Shopper,Marketplace,34,12562.05,425000.0,0.0,425000.0,,0.0,775.0,False,0,0.0,34
T000088930,2026-03-27,P002,S06,Budget Shopper,Online,94,179.87,16920.0,12.22,16907.78,,0.0,32543.4,False,0,0.0,94
T000088931,2026-03-27,P003,S06,Budget Shopper,Mobile App,15,1813.28,27000.0,0.0,27000.0,,0.0,8336.2,False,4,7253.12,15
T000088932,2026-03-27,P004,S06,Occasional Shopper,Physical Store,16,38012.22,608000.0,0.0,608000.0,,0.0,932.0,False,0,0.0,16
T000088933,2026-03-27,P005,S06,Loyal Regular,Online,29,6438.09,188500.0,1795.39,186704.61,,0.0,2532.6,False,0,0.0,29
T000088934,2026-03-27,P006,S06,Budget Shopper,Mobile App,74,652.41,48100.0,0.0,48100.0,,0.0,48613.8,False,3,1957.23,74
T000088935,2026-03-27,P001,S07,Value Seeker,Physical Store,15,12505.94,187500.0,0.0,187500.0,,0.0,4077.9,False,0,0.0,15
T000088936,2026-03-27,P002,S07,Loyal Regular,Physical Store,113,178.67,20340.0,150.29,20189.71,,0.0,43177.8,False,0,0.0,113
T000088937,2026-03-27,P003,S07,Budget Shopper,Online,33,1802.68,59400.0,0.0,59400.0,,0.0,9120.7,False,3,5408.04,33
T000088938,2026-03-27,P004,S07,Occasional Shopper,Physical Store,7,38041.69,266000.0,0.0,266000.0,,0.0,1061.1,False,0,0.0,7
T000088939,2026-03-27,P005,S07,Budget Shopper,Physical Store,20,6405.71,130000.0,1885.8,128114.2,,0.0,4875.3,False,0,0.0,20
T000088940,2026-03-27,P006,S07,Premium Buyer,Online,61,646.28,39650.0,226.92,39423.08,,0.0,27230.9,False,2,1292.56,61
T000088941,2026-03-27,P001,S08,Budget Shopper,Physical Store,40,12493.47,500000.0,261.2,499738.8,,0.0,4313.1,False,0,0.0,40
T000088942,2026-03-27,P002,S08,Occasional Shopper,Online,38,180.28,6840.0,0.0,6840.0,,0.0,32786.0,False,1,180.28,38
T000088943,2026-03-27,P003,S08,Occasional Shopper,Physical Store,9,1809.98,16200.0,0.0,16200.0,,0.0,6651.2,False,2,3619.96,9
T000088944,2026-03-27,P004,S08,Budget Shopper,Physical Store,17,37661.18,646000.0,5759.94,640240.06,,0.0,1163.9,False,2,75322.36,17
T000088945,2026-03-27,P005,S08,Value Seeker,Marketplace,97,6446.72,630500.0,5168.16,625331.84,,0.0,7137.8,False,1,6446.72,97
T000088946,2026-03-27,P006,S08,Loyal Regular,Online,87,650.94,56550.0,0.0,56550.0,,0.0,28331.6,False,0,0.0,87
T000088947,2026-03-28,P001,S01,Budget Shopper,Physical Store,0,12425.03,0.0,0.0,0.0,,0.0,0.3,True,0,0.0,482
T000088948,2026-03-28,P002,S01,Value Seeker,Online,124,184.33,22320.0,0.0,22320.0,,0.0,39297.8,False,0,0.0,124
T000088949,2026-03-28,P003,S01,Premium Buyer,Mobile App,88,1782.55,158400.0,1535.6,156864.4,,0.0,2306.4,False,4,7130.2,88
T000088950,2026-03-28,P004,S01,Budget Shopper,Physical Store,32,37993.07,1216000.0,221.76,1215778.24,,0.0,728.7,False,2,75986.14,32
T000088951,2026-03-28,P005,S01,Budget Shopper,Physical Store,0,6392.61,0.0,0.0,0.0,,0.0,0.9,True,0,0.0,65
T000088952,2026-03-28,P006,S01,Occasional Shopper,Mobile App,173,652.57,112450.0,0.0,112450.0,,0.0,25672.0,False,2,1305.14,173
T000088953,2026-03-28,P001,S02,Loyal Regular,Marketplace,0,12586.91,0.0,0.0,0.0,,0.0,0.4,True,0,0.0,154
T000088954,2026-03-28,P002,S02,Value Seeker,Physical Store,52,180.18,9360.0,0.0,9360.0,,0.0,24492.5,False,0,0.0,52
T000088955,2026-03-28,P003,S02,Loyal Regular,Physical Store,101,1812.86,181800.0,0.0,181800.0,,0.0,2666.0,False,11,19941.46,101
T000088956,2026-03-28,P004,S02,Value Seeker,Physical Store,14,38675.56,532000.0,0.0,532000.0,,0.0,281.9,False,1,38675.56,14
T000088957,2026-03-28,P005,S02,Value Seeker,Physical Store,149,6529.99,968500.0,0.0,968500.0,,0.0,4381.9,False,9,58769.91,149
T000088958,2026-03-28,P006,S02,Value Seeker,Physical Store,134,652.72,87100.0,0.0,87100.0,,0.0,28149.1,False,2,1305.44,134
T000088959,2026-03-28,P002,S03,Budget Shopper,Physical Store,117,177.56,21060.0,285.48,20774.52,,0.0,30888.6,False,0,0.0,117
T000088960,2026-03-28,P003,S03,Loyal Regular,Physical Store,79,1806.53,142200.0,0.0,142200.0,,0.0,2375.9,False,12,21678.36,79
T000088961,2026-03-28,P004,S03,Loyal Regular,Physical Store,40,37701.35,1520000.0,11946.0,1508054.0,,0.0,597.2,False,2,75402.7,40
T000088962,2026-03-28,P005,S03,Value Seeker,Mobile App,195,6424.95,1267500.0,14634.75,1252865.25,,0.0,1520.1,False,7,44974.65,195
T000088963,2026-03-28,P006,S03,Value Seeker,Physical Store,73,640.31,47450.0,707.37,46742.63,,0.0,17939.7,False,3,1920.93,73
T000088964,2026-03-28,P001,S04,Value Seeker,Marketplace,70,12573.1,875000.0,0.0,875000.0,,0.0,1178.5,False,6,75438.6,70
T000088965,2026-03-28,P002,S04,Loyal Regular,Marketplace,82,179.14,14760.0,70.52,14689.48,,0.0,33150.5,False,0,0.0,82
T000088966,2026-03-28,P003,S04,Value Seeker,Mobile App,42,1779.43,75600.0,863.94,74736.06,,0.0,5109.3,False,3,5338.29,42
T000088967,2026-03-28,P004,S04,Premium Buyer,Physical Store,23,38635.25,874000.0,0.0,874000.0,,0.0,131.3,False,0,0.0,23
T000088968,2026-03-28,P005,S04,Premium Buyer,Physical Store,110,6513.57,715000.0,0.0,715000.0,,0.0,3059.2,False,6,39081.42,110
T000088969,2026-03-28,P006,S04,Loyal Regular,Mobile App,139,648.39,90350.0,223.79,90126.21,,0.0,24345.9,False,4,2593.56,139
T000088970,2026-03-28,P001,S05,Premium Buyer,Physical Store,138,12417.87,1725000.0,11333.94,1713666.06,,0.0,1252.2,False,5,62089.35,138
T000088971,2026-03-28,P002,S05,Premium Buyer,Online,126,179.49,22680.0,64.26,22615.74,,0.0,35115.0,False,0,0.0,126
T000088972,2026-03-28,P003,S05,Loyal Regular,Physical Store,29,1782.43,52200.0,509.53,51690.47,,0.0,2714.3,False,5,8912.15,29
T000088973,2026-03-28,P004,S05,Premium Buyer,Physical Store,16,37864.83,608000.0,2162.72,605837.28,,0.0,111.5,False,0,0.0,16
T000088974,2026-03-28,P005,S05,Loyal Regular,Physical Store,112,5728.28,728000.0,86432.64,641567.36,Flash Discount,13.48,209.5,False,5,28641.4,112
T000088975,2026-03-28,P006,S05,Budget Shopper,Online,73,659.8,47450.0,0.0,47450.0,,0.0,20569.1,False,1,659.8,73
T000088976,2026-03-28,P001,S06,Value Seeker,Online,44,12469.34,550000.0,1349.04,548650.96,,0.0,741.0,False,2,24938.68,44
T000088977,2026-03-28,P002,S06,Budget Shopper,Mobile App,115,177.11,20700.0,332.35,20367.65,,0.0,32449.4,False,1,177.11,115
T000088978,2026-03-28,P003,S06,Value Seeker,Online,21,1823.65,37800.0,0.0,37800.0,,0.0,8321.2,False,4,7294.6,21
T000088979,2026-03-28,P004,S06,Loyal Regular,Online,6,38469.19,228000.0,0.0,228000.0,,0.0,916.0,False,0,0.0,6
T000088980,2026-03-28,P005,S06,Occasional Shopper,Physical Store,54,6566.86,351000.0,0.0,351000.0,,0.0,2503.6,False,6,39401.16,54
T000088981,2026-03-28,P006,S06,Loyal Regular,Physical Store,116,651.63,75400.0,0.0,75400.0,,0.0,48539.8,False,0,0.0,116
T000088982,2026-03-28,P001,S07,Budget Shopper,Mobile App,44,12487.63,550000.0,544.28,549455.72,,0.0,4062.9,False,4,49950.52,44
T000088983,2026-03-28,P002,S07,Loyal Regular,Physical Store,112,181.0,20160.0,0.0,20160.0,,0.0,43988.9,False,2,362.0,112
T000088984,2026-03-28,P003,S07,Premium Buyer,Physical Store,32,1789.83,57600.0,325.44,57274.56,,0.0,9087.7,False,2,3579.66,32
T000088985,2026-03-28,P004,S07,Loyal Regular,Physical Store,8,38167.41,304000.0,0.0,304000.0,,0.0,1142.5,False,0,0.0,8
T000088986,2026-03-28,P005,S07,Value Seeker,Physical Store,62,6498.55,403000.0,89.9,402910.1,,0.0,4855.3,False,2,12997.1,62
T000088987,2026-03-28,P006,S07,Value Seeker,Online,130,653.23,84500.0,0.0,84500.0,,0.0,27804.4,False,2,1306.46,130
T000088988,2026-03-28,P001,S08,Occasional Shopper,Physical Store,69,12639.65,862500.0,0.0,862500.0,,0.0,4273.1,False,5,63198.25,69
T000088989,2026-03-28,P002,S08,Occasional Shopper,Physical Store,100,178.86,18000.0,114.0,17886.0,,0.0,33661.4,False,0,0.0,100
T000088990,2026-03-28,P003,S08,Occasional Shopper,Physical Store,48,1798.59,86400.0,67.68,86332.32,,0.0,6642.2,False,3,5395.77,48
T000088991,2026-03-28,P005,S08,Value Seeker,Marketplace,35,6487.65,227500.0,432.25,227067.75,,0.0,7040.8,False,2,12975.3,35
T000088992,2026-03-28,P006,S08,Value Seeker,Physical Store,74,645.25,48100.0,351.5,47748.5,,0.0,29490.9,False,0,0.0,74
T000088993,2026-03-29,P001,S01,Budget Shopper,Physical Store,0,12575.5,0.0,0.0,0.0,,0.0,0.3,True,0,0.0,100
T000088994,2026-03-29,P002,S01,Loyal Regular,Physical Store,156,181.33,28080.0,0.0,28080.0,,0.0,39920.1,False,1,181.33,156
T000088995,2026-03-29,P003,S01,Value Seeker,Online,105,1820.2,189000.0,0.0,189000.0,,0.0,2218.4,False,11,20022.2,105
T000088996,2026-03-29,P004,S01,Occasional Shopper,Physical Store,36,37778.96,1368000.0,7957.44,1360042.56,,0.0,865.8,False,2,75557.92,36
T000088997,2026-03-29,P005,S01,Loyal Regular,Mobile App,0,6537.04,0.0,0.0,0.0,,0.0,0.9,True,0,0.0,118
T000088998,2026-03-29,P006,S01,Occasional Shopper,Physical Store,254,659.04,165100.0,0.0,165100.0,,0.0,26619.9,False,11,7249.44,254
T000088999,2026-03-29,P001,S02,Value Seeker,Online,198,12161.86,2475000.0,66951.72,2408048.28,,0.0,375.3,False,17,206751.62,198
T000089000,2026-03-29,P002,S02,Value Seeker,Online,169,178.47,30420.0,258.57,30161.43,,0.0,25114.3,False,0,0.0,169
T000089001,2026-03-29,P003,S02,Budget Shopper,Mobile App,181,1826.7,325800.0,0.0,325800.0,,0.0,2887.1,False,24,43840.8,181
T000089002,2026-03-29,P004,S02,Occasional Shopper,Physical Store,23,38272.17,874000.0,0.0,874000.0,,0.0,267.9,False,1,38272.17,23
T000089003,2026-03-29,P005,S02,Budget Shopper,Physical Store,54,6544.84,351000.0,0.0,351000.0,,0.0,4232.9,False,1,6544.84,54
T000089004,2026-03-29,P001,S03,Value Seeker,Physical Store,57,12293.41,712500.0,11775.63,700724.37,,0.0,943.0,False,3,36880.23,57
T000089005,2026-03-29,P002,S03,Premium Buyer,Physical Store,141,181.84,25380.0,0.0,25380.0,,0.0,30771.6,False,0,0.0,141
T000089006,2026-03-29,P003,S03,Occasional Shopper,Physical Store,70,1839.26,126000.0,0.0,126000.0,,0.0,2564.1,False,5,9196.3,70
T000089007,2026-03-29,P005,S03,Premium Buyer,Mobile App,65,6495.52,422500.0,291.2,422208.8,,0.0,1325.1,False,0,0.0,65
T000089008,2026-03-29,P006,S03,Occasional Shopper,Mobile App,60,645.02,39000.0,298.8,38701.2,,0.0,18624.4,False,1,645.02,60
T000089009,2026-03-29,P001,S04,Value Seeker,Marketplace,133,12503.94,1662500.0,0.0,1662500.0,,0.0,1108.5,False,9,112535.46,133
T000089010,2026-03-29,P003,S04,Value Seeker,Physical Store,34,1789.87,61200.0,344.42,60855.58,,0.0,5067.3,False,7,12529.09,34
T000089011,2026-03-29,P004,S04,Value Seeker,Mobile App,29,37653.26,1102000.0,10055.46,1091944.54,,0.0,108.3,False,0,0.0,29
T000089012,2026-03-29,P005,S04,Occasional Shopper,Physical Store,59,6499.24,383500.0,44.84,383455.16,,0.0,2949.2,False,2,12998.48,59
T000089013,2026-03-29,P006,S04,Value Seeker,Mobile App,101,662.63,65650.0,0.0,65650.0,,0.0,24206.9,False,7,4638.41,101
T000089014,2026-03-29,P001,S05,Value Seeker,Online,39,12388.63,487500.0,4343.43,483156.57,,0.0,1583.5,False,1,12388.63,39
T000089015,2026-03-29,P002,S05,Value Seeker,Marketplace,82,179.68,14760.0,26.24,14733.76,,0.0,35849.3,False,0,0.0,82
T000089016,2026-03-29,P003,S05,Value Seeker,Online,48,1802.81,86400.0,0.0,86400.0,,0.0,2685.3,False,11,19830.91,48
T000089017,2026-03-29,P004,S05,Value Seeker,Online,7,38102.81,266000.0,0.0,266000.0,,0.0,95.5,False,1,38102.81,7
T000089018,2026-03-29,P005,S05,Value Seeker,Mobile App,23,6524.7,149500.0,0.0,149500.0,,0.0,97.5,False,2,13049.4,23
T000089019,2026-03-29,P006,S05,Budget Shopper,Physical Store,108,651.95,70200.0,0.0,70200.0,,0.0,20496.1,False,2,1303.9,108
T000089020,2026-03-29,P001,S06,Occasional Shopper,Online,59,12468.77,737500.0,1842.57,735657.43,,0.0,697.0,False,6,74812.62,59
T000089021,2026-03-29,P002,S06,Budget Shopper,Physical Store,139,178.97,25020.0,143.17,24876.83,,0.0,32334.4,False,0,0.0,139
T000089022,2026-03-29,P003,S06,Value Seeker,Marketplace,87,1760.75,156600.0,3414.75,153185.25,,0.0,8300.2,False,15,26411.25,87
T000089023,2026-03-29,P004,S06,Budget Shopper,Physical Store,6,37861.22,228000.0,832.68,227167.32,,0.0,987.4,False,1,37861.22,6
T000089024,2026-03-29,P005,S06,Value Seeker,Online,96,6469.79,624000.0,2900.16,621099.84,,0.0,2449.6,False,4,25879.16,96
T000089025,2026-03-29,P006,S06,Loyal Regular,Physical Store,33,658.88,21450.0,0.0,21450.0,,0.0,49234.6,False,0,0.0,33
T000089026,2026-03-29,P001,S07,Value Seeker,Physical Store,29,10797.11,362500.0,49383.81,313116.19,Flash Discount,12.78,4018.9,False,2,21594.22,29
T000089027,2026-03-29,P002,S07,Budget Shopper,Online,187,180.3,33660.0,0.0,33660.0,,0.0,43876.9,False,0,0.0,187
T000089028,2026-03-29,P003,S07,Occasional Shopper,Physical Store,15,1828.4,27000.0,0.0,27000.0,,0.0,9055.7,False,1,1828.4,15
T000089029,2026-03-29,P004,S07,Budget Shopper,Mobile App,13,37804.29,494000.0,2544.23,491455.77,,0.0,1134.5,False,0,0.0,13
T000089030,2026-03-29,P005,S07,Budget Shopper,Physical Store,41,6548.02,266500.0,0.0,266500.0,,0.0,4793.3,False,0,0.0,41
T000089031,2026-03-29,P006,S07,Occasional Shopper,Mobile App,65,651.25,42250.0,0.0,42250.0,,0.0,27674.4,False,0,0.0,65
T000089032,2026-03-29,P002,S08,Value Seeker,Online,67,179.4,12060.0,40.2,12019.8,,0.0,34262.9,False,0,0.0,67
T000089033,2026-03-29,P003,S08,Premium Buyer,Physical Store,39,1784.58,70200.0,601.38,69598.62,,0.0,6594.2,False,4,7138.32,39
T000089034,2026-03-29,P004,S08,Value Seeker,Physical Store,7,38238.69,266000.0,0.0,266000.0,,0.0,1146.9,False,0,0.0,7
T000089035,2026-03-29,P005,S08,Budget Shopper,Mobile App,47,6648.71,305500.0,0.0,305500.0,,0.0,7005.8,False,1,6648.71,47
T000089036,2026-03-29,P006,S08,Budget Shopper,Online,114,649.24,74100.0,86.64,74013.36,,0.0,30272.2,False,3,1947.72,114
T000089037,2026-03-30,P001,S01,Value Seeker,Online,0,12387.98,0.0,0.0,0.0,,0.0,0.3,True,0,0.0,76
T000089038,2026-03-30,P002,S01,Occasional Shopper,Physical Store,193,179.33,34740.0,129.31,34610.69,,0.0,39764.1,False,1,179.33,193
T000089039,2026-03-30,P003,S01,Premium Buyer,Mobile App,69,1819.18,124200.0,0.0,124200.0,,0.0,2361.4,False,8,14553.44,69
T000089040,2026-03-30,P004,S01,Premium Buyer,Mobile App,15,38290.42,570000.0,0.0,570000.0,,0.0,829.8,False,1,38290.42,15
T000089041,2026-03-30,P005,S01,Value Seeker,Marketplace,0,6523.25,0.0,0.0,0.0,,0.0,0.9,True,0,0.0,73
T000089042,2026-03-30,P006,S01,Budget Shopper,Physical Store,108,582.93,70200.0,7243.56,62956.44,Flash Discount,8.45,26365.9,False,6,3497.58,108
T000089043,2026-03-30,P001,S02,Premium Buyer,Physical Store,132,12570.25,1650000.0,0.0,1650000.0,,0.0,505.6,False,0,0.0,132
T000089044,2026-03-30,P002,S02,Loyal Regular,Online,106,183.46,19080.0,0.0,19080.0,,0.0,24945.3,False,0,0.0,106
T000089045,2026-03-30,P003,S02,Budget Shopper,Mobile App,61,1770.9,109800.0,1775.1,108024.9,,0.0,2706.1,False,5,8854.5,61
T000089046,2026-03-30,P004,S02,Premium Buyer,Physical Store,19,37879.53,722000.0,2288.93,719711.07,,0.0,244.9,False,0,0.0,19
T000089047,2026-03-30,P005,S02,Budget Shopper,Physical Store,192,6527.72,1248000.0,0.0,1248000.0,,0.0,4178.9,False,4,26110.88,192
T000089048,2026-03-30,P006,S02,Value Seeker,Marketplace,65,652.75,42250.0,0.0,42250.0,,0.0,28880.0,False,2,1305.5,65
T000089049,2026-03-30,P001,S03,Loyal Regular,Physical Store,62,12455.74,775000.0,2744.12,772255.88,,0.0,1087.3,False,2,24911.48,62
T000089050,2026-03-30,P002,S03,Loyal Regular,Mobile App,73,180.36,13140.0,0.0,13140.0,,0.0,31552.1,False,0,0.0,73
T000089051,2026-03-30,P003,S03,Loyal Regular,Online,30,1669.54,54000.0,3913.8,50086.2,Flash Discount,8.35,2494.1,False,4,6678.16,30
T000089052,2026-03-30,P004,S03,Value Seeker,Online,38,37796.96,1444000.0,7715.52,1436284.48,,0.0,557.2,False,0,0.0,38
T000089053,2026-03-30,P005,S03,Premium Buyer,Online,131,6539.25,851500.0,0.0,851500.0,,0.0,1260.1,False,8,52314.0,131
T000089054,2026-03-30,P006,S03,Loyal Regular,Physical Store,75,646.6,48750.0,255.0,48495.0,,0.0,18564.4,False,4,2586.4,75
T000089055,2026-03-30,P001,S04,Loyal Regular,Online,67,12136.22,837500.0,24373.26,813126.74,,0.0,975.5,False,4,48544.88,67
T000089056,2026-03-30,P002,S04,Premium Buyer,Physical Store,102,183.2,18360.0,0.0,18360.0,,0.0,33867.7,False,0,0.0,102
T000089057,2026-03-30,P003,S04,Premium Buyer,Physical Store,22,1805.95,39600.0,0.0,39600.0,,0.0,5033.3,False,2,3611.9,22
T000089058,2026-03-30,P004,S04,Budget Shopper,Physical Store,13,33148.03,494000.0,63075.61,430924.39,Flash Discount,13.76,79.3,False,0,0.0,13
T000089059,2026-03-30,P005,S04,Budget Shopper,Online,75,6436.16,487500.0,4788.0,482712.0,,0.0,2890.2,False,6,38616.96,75
T000089060,2026-03-30,P006,S04,Occasional Shopper,Physical Store,69,642.43,44850.0,522.33,44327.67,,0.0,25308.7,False,3,1927.29,69
T000089061,2026-03-30,P001,S05,Value Seeker,Marketplace,98,12601.65,1225000.0,0.0,1225000.0,,0.0,1544.5,False,7,88211.55,98
T000089062,2026-03-30,P003,S05,Loyal Regular,Online,26,1792.53,46800.0,194.22,46605.78,,0.0,2637.3,False,5,8962.65,26
T000089063,2026-03-30,P004,S05,Value Seeker,Mobile App,6,37420.02,228000.0,3479.88,224520.12,,0.0,88.5,False,0,0.0,6
T000089064,2026-03-30,P005,S05,Value Seeker,Physical Store,52,6540.25,338000.0,0.0,338000.0,,0.0,74.5,False,0,0.0,52
T000089065,2026-03-30,P006,S05,Loyal Regular,Online,46,652.74,29900.0,0.0,29900.0,,0.0,20388.1,False,1,652.74,46
T000089066,2026-03-30,P001,S06,Premium Buyer,Physical Store,41,12412.95,512500.0,3569.05,508930.95,,0.0,638.0,False,2,24825.9,41
T000089067,2026-03-30,P002,S06,Loyal Regular,Marketplace,84,182.16,15120.0,0.0,15120.0,,0.0,33089.6,False,0,0.0,84
T000089068,2026-03-30,P003,S06,Premium Buyer,Physical Store,25,1799.98,45000.0,0.5,44999.5,,0.0,8562.6,False,4,7199.92,25
T000089069,2026-03-30,P004,S06,Premium Buyer,Online,9,37237.25,342000.0,6864.75,335135.25,,0.0,981.4,False,0,0.0,9
T000089070,2026-03-30,P005,S06,Loyal Regular,Mobile App,74,6556.41,481000.0,0.0,481000.0,,0.0,2353.6,False,1,6556.41,74
T000089071,2026-03-30,P006,S06,Loyal Regular,Online,175,649.66,113750.0,59.5,113690.5,,0.0,49201.6,False,5,3248.3,175
T000089072,2026-03-30,P001,S07,Occasional Shopper,Physical Store,21,12395.64,262500.0,2191.56,260308.44,,0.0,3989.9,False,1,12395.64,21
T000089073,2026-03-30,P002,S07,Loyal Regular,Online,53,179.93,9540.0,3.71,9536.29,,0.0,43689.9,False,0,0.0,53
T000089074,2026-03-30,P003,S07,Value Seeker,Marketplace,14,1773.68,25200.0,368.48,24831.52,,0.0,9040.7,False,2,3547.36,14
T000089075,2026-03-30,P004,S07,Budget Shopper,Physical Store,9,38205.73,342000.0,0.0,342000.0,,0.0,1121.5,False,2,76411.46,9
T000089076,2026-03-30,P005,S07,Loyal Regular,Online,11,6526.64,71500.0,0.0,71500.0,,0.0,4927.2,False,0,0.0,11
T000089077,2026-03-30,P006,S07,Loyal Regular,Marketplace,43,645.76,27950.0,182.32,27767.68,,0.0,27609.4,False,1,645.76,43
T000089078,2026-03-30,P001,S08,Value Seeker,Physical Store,24,12413.37,300000.0,2079.12,297920.88,,0.0,4204.1,False,2,24826.74,24
T000089079,2026-03-30,P002,S08,Budget Shopper,Physical Store,44,178.5,7920.0,66.0,7854.0,,0.0,35168.0,False,0,0.0,44
T000089080,2026-03-30,P003,S08,Loyal Regular,Online,5,1813.23,9000.0,0.0,9000.0,,0.0,6555.2,False,1,1813.23,5
T000089081,2026-03-30,P004,S08,Loyal Regular,Online,13,37661.74,494000.0,4397.38,489602.62,,0.0,1208.1,False,1,37661.74,13
T000089082,2026-03-30,P005,S08,Occasional Shopper,Marketplace,44,6535.27,286000.0,0.0,286000.0,,0.0,6958.8,False,0,0.0,44
T000089083,2026-03-30,P006,S08,Value Seeker,Mobile App,160,647.97,104000.0,324.8,103675.2,,0.0,31149.2,False,5,3239.85,160
T000089084,2026-03-31,P001,S01,Loyal Regular,Physical Store,0,11567.41,0.0,0.0,0.0,Flash Discount,8.68,0.3,True,0,0.0,61
T000089085,2026-03-31,P002,S01,Premium Buyer,Physical Store,177,179.09,31860.0,161.07,31698.93,,0.0,39571.1,False,3,537.27,177
T000089086,2026-03-31,P004,S01,Value Seeker,Marketplace,9,37803.62,342000.0,1767.42,340232.58,,0.0,987.0,False,1,37803.62,9
T000089087,2026-03-31,P005,S01,Value Seeker,Physical Store,0,6527.01,0.0,0.0,0.0,,0.0,0.9,True,0,0.0,83
T000089088,2026-03-31,P006,S01,Value Seeker,Physical Store,155,651.15,100750.0,0.0,100750.0,,0.0,26257.9,False,3,1953.45,155
T000089089,2026-03-31,P001,S02,Occasional Shopper,Online,96,12478.0,1200000.0,2112.0,1197888.0,,0.0,373.6,False,2,24956.0,96
T000089090,2026-03-31,P002,S02,Loyal Regular,Mobile App,111,181.12,19980.0,0.0,19980.0,,0.0,25614.2,False,1,181.12,111
T000089091,2026-03-31,P003,S02,Loyal Regular,Physical Store,39,1804.78,70200.0,0.0,70200.0,,0.0,2645.1,False,9,16243.02,39
T000089092,2026-03-31,P004,S02,Budget Shopper,Physical Store,6,38923.24,228000.0,0.0,228000.0,,0.0,225.9,False,0,0.0,6
T000089093,2026-03-31,P005,S02,Premium Buyer,Physical Store,83,6558.77,539500.0,0.0,539500.0,,0.0,3986.9,False,10,65587.7,83
T000089094,2026-03-31,P006,S02,Occasional Shopper,Physical Store,173,647.94,112450.0,356.38,112093.62,,0.0,29488.7,False,3,1943.82,173
T000089095,2026-03-31,P001,S03,Budget Shopper,Mobile App,52,12518.99,650000.0,0.0,650000.0,,0.0,1025.3,False,1,12518.99,52
T000089096,2026-03-31,P002,S03,Budget Shopper,Physical Store,92,180.41,16560.0,0.0,16560.0,,0.0,32470.6,False,0,0.0,92
T000089097,2026-03-31,P003,S03,Loyal Regular,Online,19,1801.47,34200.0,0.0,34200.0,,0.0,2464.1,False,1,1801.47,19
T000089098,2026-03-31,P004,S03,Budget Shopper,Online,14,38453.76,532000.0,0.0,532000.0,,0.0,519.2,False,0,0.0,14
T000089099,2026-03-31,P005,S03,Premium Buyer,Physical Store,59,6472.5,383500.0,1622.5,381877.5,,0.0,1129.1,False,3,19417.5,59
T000089100,2026-03-31,P006,S03,Occasional Shopper,Online,118,655.2,76700.0,0.0,76700.0,,0.0,18489.4,False,3,1965.6,118
T000089101,2026-03-31,P001,S04,Premium Buyer,Mobile App,48,12528.29,600000.0,0.0,600000.0,,0.0,1156.2,False,4,50113.16,48
T000089102,2026-03-31,P002,S04,Value Seeker,Physical Store,124,154.62,22320.0,3147.12,19172.88,Flash Discount,13.33,33765.7,False,0,0.0,124
T000089103,2026-03-31,P003,S04,Value Seeker,Online,28,1786.35,50400.0,382.2,50017.8,,0.0,5360.0,False,7,12504.45,28
T000089104,2026-03-31,P004,S04,Premium Buyer,Mobile App,12,38683.14,456000.0,0.0,456000.0,,0.0,66.3,False,0,0.0,12
T000089105,2026-03-31,P005,S04,Premium Buyer,Online,35,6407.89,227500.0,3223.85,224276.15,,0.0,2815.2,False,2,12815.78,35
T000089106,2026-03-31,P006,S04,Premium Buyer,Online,209,582.23,135850.0,14163.93,121686.07,Flash Discount,10.1,25239.7,False,7,4075.61,209
T000089107,2026-03-31,P001,S05,Loyal Regular,Online,63,12627.88,787500.0,0.0,787500.0,,0.0,1754.2,False,2,25255.76,63
T000089108,2026-03-31,P002,S05,Loyal Regular,Online,114,181.17,20520.0,0.0,20520.0,,0.0,35767.3,False,1,181.17,114
T000089109,2026-03-31,P003,S05,Occasional Shopper,Online,26,1774.2,46800.0,670.8,46129.2,,0.0,2611.3,False,2,3548.4,26
T000089110,2026-03-31,P004,S05,Budget Shopper,Online,13,38201.89,494000.0,0.0,494000.0,,0.0,82.5,False,0,0.0,13
T000089111,2026-03-31,P005,S05,Occasional Shopper,Physical Store,22,6554.37,143000.0,0.0,143000.0,,0.0,22.5,True,0,0.0,55
T000089112,2026-03-31,P006,S05,Loyal Regular,Physical Store,118,653.08,76700.0,0.0,76700.0,,0.0,20845.1,False,5,3265.4,118
T000089113,2026-03-31,P001,S06,Occasional Shopper,Physical Store,31,12709.9,387500.0,0.0,387500.0,,0.0,597.0,False,3,38129.7,31
T000089114,2026-03-31,P002,S06,Occasional Shopper,Mobile App,74,177.24,13320.0,204.24,13115.76,,0.0,33005.6,False,0,0.0,74
T000089115,2026-03-31,P003,S06,Occasional Shopper,Mobile App,32,1783.27,57600.0,535.36,57064.64,,0.0,8537.6,False,5,8916.35,32
T000089116,2026-03-31,P004,S06,Budget Shopper,Online,9,37729.81,342000.0,2431.71,339568.29,,0.0,972.4,False,0,0.0,9
T000089117,2026-03-31,P005,S06,Loyal Regular,Online,61,6425.8,396500.0,4526.2,391973.8,,0.0,2459.4,False,1,6425.8,61
T000089118,2026-03-31,P006,S06,Value Seeker,Physical Store,61,650.27,39650.0,0.0,39650.0,,0.0,49026.6,False,0,0.0,61
T000089119,2026-03-31,P001,S07,Loyal Regular,Online,11,12501.29,137500.0,0.0,137500.0,,0.0,3968.9,False,1,12501.29,11
T000089120,2026-03-31,P002,S07,Budget Shopper,Physical Store,83,176.56,14940.0,285.52,14654.48,,0.0,44631.8,False,1,176.56,83
T000089121,2026-03-31,P003,S07,Budget Shopper,Physical Store,3,1809.85,5400.0,0.0,5400.0,,0.0,9270.4,False,1,1809.85,3
T000089122,2026-03-31,P004,S07,Value Seeker,Physical Store,16,38308.41,608000.0,0.0,608000.0,,0.0,1112.5,False,1,38308.41,16
T000089123,2026-03-31,P005,S07,Occasional Shopper,Physical Store,24,6473.15,156000.0,644.4,155355.6,,0.0,4916.2,False,3,19419.45,24
T000089124,2026-03-31,P006,S07,Loyal Regular,Physical Store,132,649.21,85800.0,104.28,85695.72,,0.0,28374.8,False,7,4544.47,132
T000089125,2026-03-31,P001,S08,Value Seeker,Physical Store,68,12483.0,850000.0,1156.0,848844.0,,0.0,4435.2,False,4,49932.0,68
T000089126,2026-03-31,P002,S08,Premium Buyer,Online,64,180.33,11520.0,0.0,11520.0,,0.0,36052.3,False,0,0.0,64
T000089127,2026-03-31,P003,S08,Loyal Regular,Online,17,1790.65,30600.0,158.95,30441.05,,0.0,6803.2,False,2,3581.3,17
T000089128,2026-03-31,P004,S08,Budget Shopper,Marketplace,8,37635.23,304000.0,2918.16,301081.84,,0.0,1195.1,False,0,0.0,8
T000089129,2026-03-31,P005,S08,Occasional Shopper,Physical Store,55,6547.11,357500.0,0.0,357500.0,,0.0,6914.8,False,3,19641.33,55
T000089130,2026-03-31,P006,S08,Budget Shopper,Physical Store,47,656.2,30550.0,0.0,30550.0,,0.0,31702.0,False,2,1312.4,47
