transaction_id,date,product_id,store_id,customer_segment_id,channel_id,units_sold,unit_price,gross_sales,discount_amount,net_sales,promotion_id,discount_percentage,inventory_available,stockout_flag,return_units,return_amount,true_demand_estimate
T000084929,2026-01-01,P001,S01,Loyal Regular,Physical Store,308,10822.24,3850000.0,516750.08,3333249.92,New Year Sale,14.01,308.6,True,12,129866.88,503
T000084930,2026-01-01,P002,S01,Budget Shopper,Online,79,180.96,14220.0,0.0,14220.0,,0.0,1122.6,False,2,361.92,79
T000084931,2026-01-01,P003,S01,Loyal Regular,Online,228,1545.45,410400.0,58037.4,352362.6,New Year Sale,14.78,370.9,False,25,38636.25,228
T000084932,2026-01-01,P004,S01,Value Seeker,Physical Store,27,37738.17,1026000.0,7069.41,1018930.59,,0.0,122.5,False,0,0.0,27
T000084933,2026-01-01,P005,S01,Budget Shopper,Online,218,5699.02,1417000.0,174613.64,1242386.36,New Year Sale,13.58,346.7,False,12,68388.24,218
T000084934,2026-01-01,P006,S01,Value Seeker,Marketplace,344,656.38,223600.0,0.0,223600.0,,0.0,1212.1,False,11,7220.18,344
T000084935,2026-01-01,P001,S02,Budget Shopper,Physical Store,204,12412.27,2550000.0,17896.92,2532103.08,,0.0,465.5,False,16,198596.32,204
T000084936,2026-01-01,P002,S02,Budget Shopper,Online,173,180.91,31140.0,0.0,31140.0,,0.0,847.8,False,1,180.91,173
T000084937,2026-01-01,P003,S02,Budget Shopper,Physical Store,151,1489.64,271800.0,46864.36,224935.64,New Year Sale,16.34,411.0,False,19,28303.16,151
T000084938,2026-01-01,P004,S02,Occasional Shopper,Online,34,38036.06,1292000.0,0.0,1292000.0,,0.0,117.1,False,0,0.0,34
T000084939,2026-01-01,P005,S02,Value Seeker,Physical Store,154,5050.86,1001000.0,223167.56,777832.44,New Year Sale,21.37,478.9,False,10,50508.6,154
T000084940,2026-01-01,P006,S02,Premium Buyer,Mobile App,192,654.67,124800.0,0.0,124800.0,,0.0,1288.9,False,3,1964.01,192
T000084941,2026-01-01,P001,S03,Budget Shopper,Mobile App,169,10737.62,2112500.0,297842.22,1814657.78,New Year Sale,16.57,407.3,False,11,118113.82,169
T000084942,2026-01-01,P002,S03,Budget Shopper,Online,90,182.65,16200.0,0.0,16200.0,,0.0,1189.6,False,2,365.3,90
T000084943,2026-01-01,P003,S03,Premium Buyer,Online,138,1419.33,248400.0,52532.46,195867.54,New Year Sale,21.72,381.3,False,28,39741.24,138
T000084944,2026-01-01,P004,S03,Value Seeker,Physical Store,13,37656.91,494000.0,4460.17,489539.83,,0.0,156.9,False,0,0.0,13
T000084945,2026-01-01,P005,S03,Value Seeker,Online,78,5830.07,507000.0,52254.54,454745.46,New Year Sale,10.65,366.9,False,4,23320.28,78
T000084946,2026-01-01,P006,S03,Budget Shopper,Marketplace,67,657.7,43550.0,0.0,43550.0,,0.0,943.8,False,2,1315.4,67
T000084947,2026-01-01,P001,S04,Loyal Regular,Physical Store,212,11182.99,2650000.0,279206.12,2370793.88,New Year Sale,10.46,330.0,False,9,100646.91,212
T000084948,2026-01-01,P002,S04,Occasional Shopper,Physical Store,71,180.23,12780.0,0.0,12780.0,,0.0,876.9,False,0,0.0,71
T000084949,2026-01-01,P003,S04,Value Seeker,Mobile App,78,1769.5,140400.0,2379.0,138021.0,,0.0,383.6,False,7,12386.5,78
T000084950,2026-01-01,P004,S04,Value Seeker,Mobile App,20,37674.94,760000.0,6501.2,753498.8,,0.0,127.1,False,2,75349.88,20
T000084951,2026-01-01,P005,S04,Value Seeker,Physical Store,95,5421.15,617500.0,102490.75,515009.25,New Year Sale,15.03,413.2,False,2,10842.3,95
T000084952,2026-01-01,P006,S04,Budget Shopper,Physical Store,68,662.44,44200.0,0.0,44200.0,,0.0,750.1,False,1,662.44,68
T000084953,2026-01-01,P001,S05,Value Seeker,Online,130,9498.73,1625000.0,390165.1,1234834.9,New Year Sale,24.37,366.7,False,4,37994.92,130
T000084954,2026-01-01,P002,S05,Loyal Regular,Marketplace,36,181.3,6480.0,0.0,6480.0,,0.0,959.4,False,0,0.0,36
T000084955,2026-01-01,P003,S05,Budget Shopper,Mobile App,49,1796.35,88200.0,178.85,88021.15,,0.0,312.2,False,4,7185.4,49
T000084956,2026-01-01,P004,S05,Loyal Regular,Online,9,37444.95,342000.0,4995.45,337004.55,,0.0,139.5,False,0,0.0,9
T000084957,2026-01-01,P005,S05,Budget Shopper,Physical Store,165,5696.38,1072500.0,132597.3,939902.7,New Year Sale,12.52,364.0,False,4,22785.52,165
T000084958,2026-01-01,P006,S05,Premium Buyer,Mobile App,65,645.86,42250.0,269.1,41980.9,,0.0,920.7,False,3,1937.58,65
T000084959,2026-01-01,P001,S06,Loyal Regular,Physical Store,39,12378.77,487500.0,4727.97,482772.03,,0.0,315.2,False,1,12378.77,39
T000084960,2026-01-01,P002,S06,Value Seeker,Physical Store,75,180.1,13500.0,0.0,13500.0,,0.0,1262.0,False,1,180.1,75
T000084961,2026-01-01,P003,S06,Occasional Shopper,Physical Store,30,1801.98,54000.0,0.0,54000.0,,0.0,442.3,False,1,1801.98,30
T000084962,2026-01-01,P004,S06,Loyal Regular,Physical Store,18,34779.31,684000.0,57972.42,626027.58,Flash Discount,8.31,140.4,False,1,34779.31,18
T000084963,2026-01-01,P005,S06,Premium Buyer,Physical Store,86,6449.67,559000.0,4328.38,554671.62,,0.0,344.5,False,0,0.0,86
T000084964,2026-01-01,P006,S06,Value Seeker,Online,134,643.59,87100.0,858.94,86241.06,,0.0,1304.9,False,3,1930.77,134
T000084965,2026-01-01,P001,S07,Budget Shopper,Physical Store,168,12500.79,2100000.0,0.0,2100000.0,,0.0,391.7,False,3,37502.37,168
T000084966,2026-01-01,P002,S07,Premium Buyer,Mobile App,55,182.2,9900.0,0.0,9900.0,,0.0,999.6,False,0,0.0,55
T000084967,2026-01-01,P003,S07,Budget Shopper,Mobile App,30,1771.12,54000.0,866.4,53133.6,,0.0,464.5,False,7,12397.84,30
T000084968,2026-01-01,P004,S07,Occasional Shopper,Physical Store,10,37750.27,380000.0,2497.3,377502.7,,0.0,118.6,False,0,0.0,10
T000084969,2026-01-01,P005,S07,Occasional Shopper,Mobile App,49,5527.53,318500.0,47651.03,270848.97,New Year Sale,14.82,420.3,False,1,5527.53,49
T000084970,2026-01-01,P006,S07,Value Seeker,Physical Store,51,648.97,33150.0,52.53,33097.47,,0.0,928.9,False,2,1297.94,51
T000084971,2026-01-01,P001,S08,Loyal Regular,Mobile App,49,10159.16,612500.0,114701.16,497798.84,New Year Sale,18.24,326.5,False,0,0.0,49
T000084972,2026-01-01,P002,S08,Loyal Regular,Physical Store,106,183.47,19080.0,0.0,19080.0,,0.0,1158.8,False,1,183.47,106
T000084973,2026-01-01,P003,S08,Value Seeker,Online,39,1470.04,70200.0,12868.44,57331.56,New Year Sale,18.66,319.2,False,11,16170.44,39
T000084974,2026-01-01,P004,S08,Budget Shopper,Online,3,37625.55,114000.0,1123.35,112876.65,,0.0,131.8,False,0,0.0,3
T000084975,2026-01-01,P005,S08,Value Seeker,Physical Store,86,5262.84,559000.0,106395.76,452604.24,New Year Sale,17.48,395.3,False,3,15788.52,86
T000084976,2026-01-01,P006,S08,Premium Buyer,Online,44,648.88,28600.0,49.28,28550.72,,0.0,854.7,False,0,0.0,44
T000084977,2026-01-02,P001,S01,Occasional Shopper,Physical Store,0,10033.25,0.0,0.0,0.0,New Year Sale,20.4,0.6,True,0,0.0,117
T000084978,2026-01-02,P002,S01,Value Seeker,Physical Store,115,175.4,20700.0,529.0,20171.0,,0.0,1952.3,False,2,350.8,115
T000084979,2026-01-02,P003,S01,Value Seeker,Physical Store,124,1617.79,223200.0,22594.04,200605.96,New Year Sale,10.83,489.2,False,26,42062.54,124
T000084980,2026-01-02,P004,S01,Budget Shopper,Mobile App,24,37782.72,912000.0,5214.72,906785.28,,0.0,222.2,False,0,0.0,24
T000084981,2026-01-02,P005,S01,Budget Shopper,Online,126,5616.09,819000.0,111372.66,707627.34,New Year Sale,13.08,471.5,False,10,56160.9,126
T000084982,2026-01-02,P006,S01,Budget Shopper,Physical Store,97,647.06,63050.0,285.18,62764.82,,0.0,868.1,False,1,647.06,97
T000084983,2026-01-02,P001,S02,Premium Buyer,Physical Store,49,12623.37,612500.0,0.0,612500.0,,0.0,579.3,False,1,12623.37,49
T000084984,2026-01-02,P002,S02,Premium Buyer,Physical Store,179,182.11,32220.0,0.0,32220.0,,0.0,674.8,False,0,0.0,179
T000084985,2026-01-02,P003,S02,Premium Buyer,Online,108,1373.74,194400.0,46036.08,148363.92,New Year Sale,23.87,260.0,False,19,26101.06,108
T000084986,2026-01-02,P004,S02,Loyal Regular,Physical Store,14,38258.46,532000.0,0.0,532000.0,,0.0,83.1,False,0,0.0,14
T000084987,2026-01-02,P005,S02,Budget Shopper,Mobile App,53,5479.64,344500.0,54079.08,290420.92,New Year Sale,17.37,324.9,False,3,16438.92,53
T000084988,2026-01-02,P006,S02,Premium Buyer,Online,381,649.17,247650.0,316.23,247333.77,,0.0,2135.5,False,7,4544.19,381
T000084989,2026-01-02,P001,S03,Occasional Shopper,Physical Store,155,9363.32,1937500.0,486185.4,1451314.6,New Year Sale,24.24,601.4,False,4,37453.28,155
T000084990,2026-01-02,P002,S03,Premium Buyer,Online,42,180.74,7560.0,0.0,7560.0,,0.0,1099.6,False,0,0.0,42
T000084991,2026-01-02,P003,S03,Loyal Regular,Physical Store,38,1414.23,68400.0,14659.26,53740.74,New Year Sale,21.89,243.3,False,6,8485.38,38
T000084992,2026-01-02,P004,S03,Premium Buyer,Physical Store,10,37898.68,380000.0,1013.2,378986.8,,0.0,143.9,False,0,0.0,10
T000084993,2026-01-02,P005,S03,Budget Shopper,Physical Store,179,5803.87,1163500.0,124607.27,1038892.73,New Year Sale,10.44,288.9,False,8,46430.96,179
T000084994,2026-01-02,P006,S03,Occasional Shopper,Physical Store,31,663.23,20150.0,0.0,20150.0,,0.0,876.8,False,2,1326.46,31
T000084995,2026-01-02,P001,S04,Value Seeker,Mobile App,90,9922.9,1125000.0,231939.0,893061.0,New Year Sale,20.33,427.4,False,5,49614.5,90
T000084996,2026-01-02,P002,S04,Budget Shopper,Mobile App,80,178.2,14400.0,144.0,14256.0,,0.0,805.9,False,2,356.4,80
T000084997,2026-01-02,P003,S04,Premium Buyer,Online,18,1749.88,32400.0,902.16,31497.84,,0.0,305.6,False,1,1749.88,18
T000084998,2026-01-02,P004,S04,Budget Shopper,Physical Store,11,38271.44,418000.0,0.0,418000.0,,0.0,107.1,False,1,38271.44,11
T000084999,2026-01-02,P005,S04,Value Seeker,Physical Store,70,5045.29,455000.0,101829.7,353170.3,New Year Sale,23.28,767.1,False,6,30271.74,70
T000085000,2026-01-02,P006,S04,Premium Buyer,Physical Store,79,641.75,51350.0,651.75,50698.25,,0.0,1268.3,False,4,2567.0,79
T000085001,2026-01-02,P001,S05,Budget Shopper,Online,22,11044.85,275000.0,32013.3,242986.7,New Year Sale,12.06,236.7,False,1,11044.85,22
T000085002,2026-01-02,P002,S05,Occasional Shopper,Online,114,179.21,20520.0,90.06,20429.94,,0.0,923.4,False,1,179.21,114
T000085003,2026-01-02,P003,S05,Value Seeker,Mobile App,28,1799.44,50400.0,15.68,50384.32,,0.0,263.2,False,4,7197.76,28
T000085004,2026-01-02,P004,S05,Premium Buyer,Online,8,37740.53,304000.0,2075.76,301924.24,,0.0,130.5,False,0,0.0,8
T000085005,2026-01-02,P005,S05,Loyal Regular,Physical Store,86,5456.7,559000.0,89723.8,469276.2,New Year Sale,15.96,199.0,False,1,5456.7,86
T000085006,2026-01-02,P006,S05,Value Seeker,Marketplace,59,655.02,38350.0,0.0,38350.0,,0.0,855.7,False,2,1310.04,59
T000085007,2026-01-02,P001,S06,Occasional Shopper,Physical Store,27,12425.05,337500.0,2023.65,335476.35,,0.0,276.2,False,0,0.0,27
T000085008,2026-01-02,P002,S06,Loyal Regular,Online,72,178.62,12960.0,99.36,12860.64,,0.0,1980.2,False,0,0.0,72
T000085009,2026-01-02,P003,S06,Loyal Regular,Mobile App,40,1780.27,72000.0,789.2,71210.8,,0.0,412.3,False,4,7121.08,40
T000085010,2026-01-02,P004,S06,Premium Buyer,Physical Store,9,38393.42,342000.0,0.0,342000.0,,0.0,122.4,False,0,0.0,9
T000085011,2026-01-02,P005,S06,Loyal Regular,Mobile App,41,6440.2,266500.0,2451.8,264048.2,,0.0,524.4,False,1,6440.2,41
T000085012,2026-01-02,P006,S06,Budget Shopper,Online,82,653.47,53300.0,0.0,53300.0,,0.0,1170.9,False,4,2613.88,82
T000085013,2026-01-02,P001,S07,Occasional Shopper,Marketplace,50,12333.88,625000.0,8306.0,616694.0,,0.0,485.0,False,3,37001.64,50
T000085014,2026-01-02,P002,S07,Value Seeker,Physical Store,63,176.02,11340.0,250.74,11089.26,,0.0,1586.7,False,1,176.02,63
T000085015,2026-01-02,P003,S07,Budget Shopper,Online,18,1788.36,32400.0,209.52,32190.48,,0.0,434.5,False,5,8941.8,18
T000085016,2026-01-02,P004,S07,Value Seeker,Physical Store,7,38056.16,266000.0,0.0,266000.0,,0.0,108.6,False,0,0.0,7
T000085017,2026-01-02,P005,S07,Value Seeker,Online,41,5461.7,266500.0,42570.3,223929.7,New Year Sale,16.8,371.3,False,3,16385.1,41
T000085018,2026-01-02,P006,S07,Occasional Shopper,Online,50,654.6,32500.0,0.0,32500.0,,0.0,877.9,False,1,654.6,50
T000085019,2026-01-02,P001,S08,Value Seeker,Online,48,10940.18,600000.0,74871.36,525128.64,New Year Sale,12.68,547.2,False,4,43760.72,48
T000085020,2026-01-02,P002,S08,Value Seeker,Online,148,175.37,26640.0,685.24,25954.76,,0.0,1052.8,False,0,0.0,148
T000085021,2026-01-02,P003,S08,Loyal Regular,Mobile App,29,1621.85,52200.0,5166.35,47033.65,New Year Sale,10.25,280.2,False,0,0.0,29
T000085022,2026-01-02,P004,S08,Loyal Regular,Physical Store,4,37407.47,152000.0,2370.12,149629.88,,0.0,245.6,False,1,37407.47,4
T000085023,2026-01-02,P005,S08,Value Seeker,Physical Store,67,4896.5,435500.0,107434.5,328065.5,New Year Sale,24.08,309.3,False,3,14689.5,67
T000085024,2026-01-02,P006,S08,Occasional Shopper,Physical Store,39,661.04,25350.0,0.0,25350.0,,0.0,1321.1,False,0,0.0,39
T000085025,2026-01-03,P001,S01,Value Seeker,Physical Store,0,12478.54,0.0,0.0,0.0,,0.0,0.6,True,0,0.0,241
T000085026,2026-01-03,P002,S01,Budget Shopper,Online,151,180.77,27180.0,0.0,27180.0,,0.0,2490.4,False,2,361.54,151
T000085027,2026-01-03,P003,S01,Value Seeker,Physical Store,130,1612.35,234000.0,24394.5,209605.5,End of Season Sale - Winter,11.19,365.2,False,20,32247.0,130
T000085028,2026-01-03,P004,S01,Value Seeker,Physical Store,22,38299.0,836000.0,0.0,836000.0,,0.0,198.2,False,0,0.0,22
T000085029,2026-01-03,P005,S01,Value Seeker,Marketplace,72,4915.91,468000.0,114054.48,353945.52,End of Season Sale - Winter,24.42,562.7,False,2,9831.82,72
T000085030,2026-01-03,P001,S02,Budget Shopper,Mobile App,101,12225.88,1262500.0,27686.12,1234813.88,,0.0,530.3,False,4,48903.52,101
T000085031,2026-01-03,P002,S02,Budget Shopper,Mobile App,112,177.86,20160.0,239.68,19920.32,,0.0,1336.6,False,0,0.0,112
T000085032,2026-01-03,P003,S02,Premium Buyer,Physical Store,151,1379.67,271800.0,63469.83,208330.17,End of Season Sale - Winter,23.09,576.1,False,32,44149.44,151
T000085033,2026-01-03,P004,S02,Value Seeker,Physical Store,27,38259.98,1026000.0,0.0,1026000.0,,0.0,69.1,False,1,38259.98,27
T000085034,2026-01-03,P005,S02,Value Seeker,Marketplace,271,5322.26,1761500.0,319167.54,1442332.46,End of Season Sale - Winter,18.26,271.9,True,3,15966.78,531
T000085035,2026-01-03,P006,S02,Loyal Regular,Online,226,657.23,146900.0,0.0,146900.0,,0.0,1754.5,False,7,4600.61,226
T000085036,2026-01-03,P002,S03,Loyal Regular,Physical Store,107,176.75,19260.0,347.75,18912.25,,0.0,1057.6,False,2,353.5,107
T000085037,2026-01-03,P003,S03,Premium Buyer,Physical Store,56,1542.37,100800.0,14427.28,86372.72,End of Season Sale - Winter,14.8,205.3,False,4,6169.48,56
T000085038,2026-01-03,P004,S03,Value Seeker,Physical Store,6,38663.79,228000.0,0.0,228000.0,,0.0,304.5,False,0,0.0,6
T000085039,2026-01-03,P005,S03,Value Seeker,Physical Store,81,5144.62,526500.0,109785.78,416714.22,End of Season Sale - Winter,20.98,109.9,False,2,10289.24,81
T000085040,2026-01-03,P006,S03,Value Seeker,Physical Store,26,646.24,16900.0,97.76,16802.24,,0.0,845.8,False,1,646.24,26
T000085041,2026-01-03,P001,S04,Occasional Shopper,Online,111,12606.7,1387500.0,0.0,1387500.0,,0.0,337.4,False,5,63033.5,111
T000085042,2026-01-03,P002,S04,Budget Shopper,Mobile App,108,182.47,19440.0,0.0,19440.0,,0.0,1400.7,False,2,364.94,108
T000085043,2026-01-03,P003,S04,Loyal Regular,Physical Store,38,1777.63,68400.0,850.06,67549.94,,0.0,287.6,False,3,5332.89,38
T000085044,2026-01-03,P004,S04,Value Seeker,Online,7,37858.44,266000.0,990.92,265009.08,,0.0,96.1,False,0,0.0,7
T000085045,2026-01-03,P005,S04,Occasional Shopper,Physical Store,77,5068.85,500500.0,110198.55,390301.45,End of Season Sale - Winter,22.77,697.1,False,9,45619.65,77
T000085046,2026-01-03,P006,S04,Occasional Shopper,Online,101,651.41,65650.0,0.0,65650.0,,0.0,1189.3,False,4,2605.64,101
T000085047,2026-01-03,P001,S05,Premium Buyer,Physical Store,39,12396.94,487500.0,4019.34,483480.66,,0.0,418.8,False,2,24793.88,39
T000085048,2026-01-03,P002,S05,Loyal Regular,Physical Store,87,179.41,15660.0,51.33,15608.67,,0.0,809.4,False,0,0.0,87
T000085049,2026-01-03,P003,S05,Occasional Shopper,Online,107,1783.61,192600.0,1753.73,190846.27,,0.0,235.2,False,15,26754.15,107
T000085050,2026-01-03,P004,S05,Value Seeker,Physical Store,8,37435.41,304000.0,4516.72,299483.28,,0.0,122.5,False,0,0.0,8
T000085051,2026-01-03,P005,S05,Budget Shopper,Online,76,5367.91,494000.0,86038.84,407961.16,End of Season Sale - Winter,17.65,113.0,False,3,16103.73,76
T000085052,2026-01-03,P006,S05,Occasional Shopper,Physical Store,91,641.41,59150.0,781.69,58368.31,,0.0,1434.6,False,4,2565.64,91
T000085053,2026-01-03,P001,S06,Loyal Regular,Online,41,12481.28,512500.0,767.52,511732.48,,0.0,249.2,False,1,12481.28,41
T000085054,2026-01-03,P002,S06,Occasional Shopper,Physical Store,151,178.26,27180.0,262.74,26917.26,,0.0,1908.2,False,0,0.0,151
T000085055,2026-01-03,P003,S06,Budget Shopper,Online,92,1807.16,165600.0,0.0,165600.0,,0.0,372.3,False,16,28914.56,92
T000085056,2026-01-03,P004,S06,Loyal Regular,Physical Store,11,37851.14,418000.0,1637.46,416362.54,,0.0,256.8,False,0,0.0,11
T000085057,2026-01-03,P005,S06,Loyal Regular,Marketplace,78,6480.78,507000.0,1499.16,505500.84,,0.0,483.4,False,3,19442.34,78
T000085058,2026-01-03,P006,S06,Loyal Regular,Physical Store,172,639.75,111800.0,1763.0,110037.0,,0.0,1874.7,False,4,2559.0,172
T000085059,2026-01-03,P001,S07,Occasional Shopper,Marketplace,75,12523.74,937500.0,0.0,937500.0,,0.0,698.5,False,12,150284.88,75
T000085060,2026-01-03,P002,S07,Occasional Shopper,Physical Store,73,179.13,13140.0,63.51,13076.49,,0.0,2481.6,False,1,179.13,73
T000085061,2026-01-03,P003,S07,Occasional Shopper,Mobile App,20,1784.83,36000.0,303.4,35696.6,,0.0,416.5,False,0,0.0,20
T000085062,2026-01-03,P004,S07,Value Seeker,Physical Store,2,38139.55,76000.0,0.0,76000.0,,0.0,101.6,False,0,0.0,2
T000085063,2026-01-03,P005,S07,Budget Shopper,Mobile App,83,5857.99,539500.0,53286.83,486213.17,End of Season Sale - Winter,10.64,330.3,False,2,11715.98,83
T000085064,2026-01-03,P006,S07,Value Seeker,Online,107,660.56,69550.0,0.0,69550.0,,0.0,1643.3,False,5,3302.8,107
T000085065,2026-01-03,P001,S08,Budget Shopper,Physical Store,25,12517.32,312500.0,0.0,312500.0,,0.0,738.5,False,0,0.0,25
T000085066,2026-01-03,P002,S08,Premium Buyer,Online,68,180.32,12240.0,0.0,12240.0,,0.0,904.8,False,0,0.0,68
T000085067,2026-01-03,P003,S08,Value Seeker,Online,46,1579.39,82800.0,10148.06,72651.94,End of Season Sale - Winter,11.38,251.2,False,4,6317.56,46
T000085068,2026-01-03,P004,S08,Budget Shopper,Physical Store,6,37725.42,228000.0,1647.48,226352.52,,0.0,358.1,False,0,0.0,6
T000085069,2026-01-03,P005,S08,Occasional Shopper,Online,65,5676.51,422500.0,53526.85,368973.15,End of Season Sale - Winter,13.63,242.3,False,6,34059.06,65
T000085070,2026-01-03,P006,S08,Value Seeker,Marketplace,45,646.79,29250.0,144.45,29105.55,,0.0,1282.1,False,3,1940.37,45
T000085071,2026-01-04,P001,S01,Budget Shopper,Online,0,12542.7,0.0,0.0,0.0,,0.0,0.6,True,0,0.0,148
T000085072,2026-01-04,P002,S01,Premium Buyer,Marketplace,114,178.98,20520.0,116.28,20403.72,,0.0,3427.7,False,2,357.96,114
T000085073,2026-01-04,P003,S01,Occasional Shopper,Physical Store,235,1520.03,423000.0,65792.95,357207.05,End of Season Sale - Winter,15.73,235.2,True,30,45600.9,247
T000085074,2026-01-04,P005,S01,Loyal Regular,Online,285,5230.56,1852500.0,361790.4,1490709.6,End of Season Sale - Winter,20.77,490.7,False,15,78458.4,285
T000085075,2026-01-04,P006,S01,Value Seeker,Online,243,651.19,157950.0,0.0,157950.0,,0.0,771.1,False,4,2604.76,243
T000085076,2026-01-04,P001,S02,Occasional Shopper,Marketplace,117,12667.25,1462500.0,0.0,1462500.0,,0.0,429.3,False,4,50669.0,117
T000085077,2026-01-04,P002,S02,Occasional Shopper,Online,141,179.52,25380.0,67.68,25312.32,,0.0,1794.8,False,2,359.04,141
T000085078,2026-01-04,P003,S02,Premium Buyer,Physical Store,111,1485.2,199800.0,34942.8,164857.2,End of Season Sale - Winter,18.22,425.1,False,11,16337.2,111
T000085079,2026-01-04,P004,S02,Value Seeker,Online,23,38271.08,874000.0,0.0,874000.0,,0.0,42.1,False,1,38271.08,23
T000085080,2026-01-04,P005,S02,Budget Shopper,Online,0,5561.63,0.0,0.0,0.0,End of Season Sale - Winter,13.47,0.9,True,0,0.0,196
T000085081,2026-01-04,P006,S02,Loyal Regular,Physical Store,247,660.46,160550.0,0.0,160550.0,,0.0,2693.5,False,6,3962.76,247
T000085082,2026-01-04,P001,S03,Budget Shopper,Mobile App,135,12840.94,1687500.0,0.0,1687500.0,,0.0,889.3,False,6,77045.64,135
T000085083,2026-01-04,P002,S03,Value Seeker,Online,149,181.96,26820.0,0.0,26820.0,,0.0,1827.1,False,0,0.0,149
T000085084,2026-01-04,P003,S03,Premium Buyer,Online,57,1493.49,102600.0,17471.07,85128.93,End of Season Sale - Winter,15.92,491.2,False,8,11947.92,57
T000085085,2026-01-04,P004,S03,Premium Buyer,Online,8,37690.08,304000.0,2479.36,301520.64,,0.0,298.5,False,0,0.0,8
T000085086,2026-01-04,P005,S03,Occasional Shopper,Physical Store,28,5303.36,182000.0,33505.92,148494.08,End of Season Sale - Winter,16.57,28.9,True,0,0.0,243
T000085087,2026-01-04,P006,S03,Budget Shopper,Physical Store,77,644.9,50050.0,392.7,49657.3,,0.0,819.8,False,2,1289.8,77
T000085088,2026-01-04,P001,S04,Premium Buyer,Physical Store,102,12724.79,1275000.0,0.0,1275000.0,,0.0,550.0,False,4,50899.16,102
T000085089,2026-01-04,P002,S04,Premium Buyer,Online,122,181.91,21960.0,0.0,21960.0,,0.0,1990.3,False,1,181.91,122
T000085090,2026-01-04,P003,S04,Value Seeker,Physical Store,64,1783.12,115200.0,1080.32,114119.68,,0.0,249.6,False,11,19614.32,64
T000085091,2026-01-04,P004,S04,Premium Buyer,Online,12,37529.21,456000.0,5649.48,450350.52,,0.0,89.1,False,0,0.0,12
T000085092,2026-01-04,P005,S04,Loyal Regular,Online,66,5414.23,429000.0,71660.82,357339.18,End of Season Sale - Winter,16.18,620.1,False,0,0.0,66
T000085093,2026-01-04,P006,S04,Occasional Shopper,Online,134,657.21,87100.0,0.0,87100.0,,0.0,1088.3,False,5,3286.05,134
T000085094,2026-01-04,P001,S05,Value Seeker,Online,68,12564.82,850000.0,0.0,850000.0,,0.0,379.8,False,2,25129.64,68
T000085095,2026-01-04,P002,S05,Value Seeker,Physical Store,23,182.74,4140.0,0.0,4140.0,,0.0,1759.8,False,0,0.0,23
T000085096,2026-01-04,P003,S05,Value Seeker,Physical Store,49,1788.89,88200.0,544.39,87655.61,,0.0,128.2,False,7,12522.23,49
T000085097,2026-01-04,P004,S05,Budget Shopper,Online,30,38056.85,1140000.0,0.0,1140000.0,,0.0,207.5,False,1,38056.85,30
T000085098,2026-01-04,P005,S05,Loyal Regular,Marketplace,158,5268.94,1027000.0,194507.48,832492.52,End of Season Sale - Winter,18.38,327.8,False,5,26344.7,158
T000085099,2026-01-04,P006,S05,Value Seeker,Marketplace,126,648.89,81900.0,139.86,81760.14,,0.0,2002.9,False,3,1946.67,126
T000085100,2026-01-04,P001,S06,Premium Buyer,Physical Store,37,12464.48,462500.0,1314.24,461185.76,,0.0,208.2,False,1,12464.48,37
T000085101,2026-01-04,P002,S06,Loyal Regular,Online,72,179.51,12960.0,35.28,12924.72,,0.0,1757.2,False,1,179.51,72
T000085102,2026-01-04,P003,S06,Value Seeker,Physical Store,30,1811.09,54000.0,0.0,54000.0,,0.0,280.3,False,6,10866.54,30
T000085103,2026-01-04,P004,S06,Premium Buyer,Physical Store,10,37830.48,380000.0,1695.2,378304.8,,0.0,245.8,False,0,0.0,10
T000085104,2026-01-04,P005,S06,Value Seeker,Online,56,5978.13,364000.0,29224.72,334775.28,Flash Discount,7.92,628.7,False,4,23912.52,56
T000085105,2026-01-04,P006,S06,Budget Shopper,Online,107,644.4,69550.0,599.2,68950.8,,0.0,1702.7,False,1,644.4,107
T000085106,2026-01-04,P001,S07,Value Seeker,Online,41,12654.28,512500.0,0.0,512500.0,,0.0,847.5,False,2,25308.56,41
T000085107,2026-01-04,P002,S07,Loyal Regular,Online,60,183.16,10800.0,0.0,10800.0,,0.0,3518.4,False,0,0.0,60
T000085108,2026-01-04,P003,S07,Premium Buyer,Physical Store,75,1835.77,135000.0,0.0,135000.0,,0.0,681.4,False,7,12850.39,75
T000085109,2026-01-04,P004,S07,Value Seeker,Mobile App,14,38321.69,532000.0,0.0,532000.0,,0.0,99.6,False,4,153286.76,14
T000085110,2026-01-04,P005,S07,Budget Shopper,Physical Store,37,5785.62,240500.0,26432.06,214067.94,End of Season Sale - Winter,10.99,247.3,False,2,11571.24,37
T000085111,2026-01-04,P006,S07,Budget Shopper,Mobile App,45,644.17,29250.0,262.35,28987.65,,0.0,2434.9,False,0,0.0,45
T000085112,2026-01-04,P001,S08,Value Seeker,Physical Store,10,12372.59,125000.0,1274.1,123725.9,,0.0,713.5,False,1,12372.59,10
T000085113,2026-01-04,P002,S08,Premium Buyer,Physical Store,53,179.92,9540.0,4.24,9535.76,,0.0,1728.8,False,0,0.0,53
T000085114,2026-01-04,P003,S08,Budget Shopper,Physical Store,33,1509.49,59400.0,9586.83,49813.17,End of Season Sale - Winter,15.12,205.2,False,1,1509.49,33
T000085115,2026-01-04,P004,S08,Loyal Regular,Physical Store,12,38302.99,456000.0,0.0,456000.0,,0.0,352.1,False,1,38302.99,12
T000085116,2026-01-04,P005,S08,Budget Shopper,Mobile App,26,5524.93,169000.0,25351.82,143648.18,End of Season Sale - Winter,15.24,177.3,False,4,22099.72,26
T000085117,2026-01-04,P006,S08,Premium Buyer,Online,36,641.51,23400.0,305.64,23094.36,,0.0,1237.1,False,1,641.51,36
T000085118,2026-01-05,P001,S01,Value Seeker,Online,0,12453.2,0.0,0.0,0.0,,0.0,0.6,True,0,0.0,116
T000085119,2026-01-05,P002,S01,Premium Buyer,Marketplace,160,179.68,28800.0,51.2,28748.8,,0.0,3313.7,False,1,179.68,160
T000085120,2026-01-05,P003,S01,Premium Buyer,Physical Store,0,1390.74,0.0,0.0,0.0,End of Season Sale - Winter,22.82,0.2,True,0,0.0,182
T000085121,2026-01-05,P004,S01,Premium Buyer,Physical Store,58,37938.22,2204000.0,3583.24,2200416.76,,0.0,176.2,False,2,75876.44,58
T000085122,2026-01-05,P005,S01,Budget Shopper,Online,205,4894.4,1332500.0,329148.0,1003352.0,End of Season Sale - Winter,24.33,205.7,True,7,34260.8,213
T000085123,2026-01-05,P006,S01,Premium Buyer,Mobile App,228,647.24,148200.0,629.28,147570.72,,0.0,528.1,False,8,5177.92,228
T000085124,2026-01-05,P001,S02,Loyal Regular,Physical Store,91,12558.28,1137500.0,0.0,1137500.0,,0.0,790.8,False,4,50233.12,91
T000085125,2026-01-05,P002,S02,Loyal Regular,Physical Store,84,179.39,15120.0,51.24,15068.76,,0.0,1653.8,False,2,358.78,84
T000085126,2026-01-05,P003,S02,Budget Shopper,Physical Store,128,1491.83,230400.0,39445.76,190954.24,End of Season Sale - Winter,16.95,314.1,False,11,16410.13,128
T000085127,2026-01-05,P004,S02,Value Seeker,Online,8,37744.82,304000.0,2041.44,301958.56,,0.0,19.1,False,1,37744.82,8
T000085128,2026-01-05,P005,S02,Value Seeker,Physical Store,0,5245.59,0.0,0.0,0.0,End of Season Sale - Winter,19.23,0.9,True,0,0.0,80
T000085129,2026-01-05,P006,S02,Loyal Regular,Physical Store,81,653.48,52650.0,0.0,52650.0,,0.0,3633.3,False,1,653.48,81
T000085130,2026-01-05,P001,S03,Value Seeker,Online,144,12272.64,1800000.0,32739.84,1767260.16,,0.0,1160.3,False,6,73635.84,144
T000085131,2026-01-05,P002,S03,Occasional Shopper,Mobile App,90,180.36,16200.0,0.0,16200.0,,0.0,2473.6,False,1,180.36,90
T000085132,2026-01-05,P003,S03,Premium Buyer,Mobile App,18,1386.93,32400.0,7435.26,24964.74,End of Season Sale - Winter,23.44,434.2,False,4,5547.72,18
T000085133,2026-01-05,P004,S03,Premium Buyer,Online,16,38011.78,608000.0,0.0,608000.0,,0.0,290.5,False,0,0.0,16
T000085134,2026-01-05,P005,S03,Budget Shopper,Online,0,5676.16,0.0,0.0,0.0,End of Season Sale - Winter,12.13,0.9,True,0,0.0,63
T000085135,2026-01-05,P001,S04,Loyal Regular,Marketplace,71,12623.04,887500.0,0.0,887500.0,,0.0,448.0,False,4,50492.16,71
T000085136,2026-01-05,P002,S04,Value Seeker,Online,160,178.38,28800.0,259.2,28540.8,,0.0,2391.1,False,1,178.38,160
T000085137,2026-01-05,P003,S04,Budget Shopper,Mobile App,26,1808.36,46800.0,0.0,46800.0,,0.0,185.6,False,0,0.0,26
T000085138,2026-01-05,P004,S04,Budget Shopper,Physical Store,11,38089.24,418000.0,0.0,418000.0,,0.0,77.1,False,0,0.0,11
T000085139,2026-01-05,P005,S04,Loyal Regular,Marketplace,80,5212.59,520000.0,102992.8,417007.2,End of Season Sale - Winter,18.12,554.1,False,3,15637.77,80
T000085140,2026-01-05,P006,S04,Premium Buyer,Physical Store,130,652.21,84500.0,0.0,84500.0,,0.0,1546.6,False,2,1304.42,130
T000085141,2026-01-05,P001,S05,Occasional Shopper,Online,43,12324.26,537500.0,7556.82,529943.18,,0.0,311.8,False,1,12324.26,43
T000085142,2026-01-05,P002,S05,Value Seeker,Physical Store,73,180.06,13140.0,0.0,13140.0,,0.0,1736.8,False,1,180.06,73
T000085143,2026-01-05,P003,S05,Occasional Shopper,Mobile App,14,1773.23,25200.0,374.78,24825.22,,0.0,338.9,False,0,0.0,14
T000085144,2026-01-05,P004,S05,Value Seeker,Online,12,38199.17,456000.0,0.0,456000.0,,0.0,177.5,False,1,38199.17,12
T000085145,2026-01-05,P005,S05,Loyal Regular,Online,96,5112.68,624000.0,133182.72,490817.28,End of Season Sale - Winter,23.17,398.0,False,4,20450.72,96
T000085146,2026-01-05,P006,S05,Budget Shopper,Physical Store,95,645.88,61750.0,391.4,61358.6,,0.0,1876.9,False,2,1291.76,95
T000085147,2026-01-05,P002,S06,Loyal Regular,Mobile App,127,177.09,22860.0,369.57,22490.43,,0.0,2894.8,False,2,354.18,127
T000085148,2026-01-05,P003,S06,Premium Buyer,Physical Store,27,1781.32,48600.0,504.36,48095.64,,0.0,522.8,False,1,1781.32,27
T000085149,2026-01-05,P004,S06,Value Seeker,Online,15,38396.66,570000.0,0.0,570000.0,,0.0,235.8,False,0,0.0,15
T000085150,2026-01-05,P005,S06,Occasional Shopper,Mobile App,62,6502.87,403000.0,0.0,403000.0,,0.0,572.7,False,7,45520.09,62
T000085151,2026-01-05,P006,S06,Value Seeker,Marketplace,60,638.72,39000.0,676.8,38323.2,,0.0,1595.7,False,1,638.72,60
T000085152,2026-01-05,P001,S07,Occasional Shopper,Physical Store,47,12469.1,587500.0,1452.3,586047.7,,0.0,806.5,False,4,49876.4,47
T000085153,2026-01-05,P002,S07,Value Seeker,Online,40,179.3,7200.0,28.0,7172.0,,0.0,3458.4,False,0,0.0,40
T000085154,2026-01-05,P003,S07,Budget Shopper,Physical Store,21,1810.86,37800.0,0.0,37800.0,,0.0,1069.9,False,4,7243.44,21
T000085155,2026-01-05,P004,S07,Loyal Regular,Mobile App,9,37809.11,342000.0,1718.01,340281.99,,0.0,85.6,False,0,0.0,9
T000085156,2026-01-05,P005,S07,Value Seeker,Mobile App,62,5381.19,403000.0,69366.22,333633.78,End of Season Sale - Winter,17.54,591.1,False,1,5381.19,62
T000085157,2026-01-05,P006,S07,Premium Buyer,Mobile App,54,649.29,35100.0,38.34,35061.66,,0.0,2965.0,False,1,649.29,54
T000085158,2026-01-05,P001,S08,Budget Shopper,Physical Store,31,12286.79,387500.0,6609.51,380890.49,,0.0,1043.0,False,1,12286.79,31
T000085159,2026-01-05,P002,S08,Loyal Regular,Marketplace,101,178.1,18180.0,191.9,17988.1,,0.0,1675.8,False,1,178.1,101
T000085160,2026-01-05,P003,S08,Value Seeker,Online,23,1456.42,41400.0,7902.34,33497.66,End of Season Sale - Winter,20.14,172.2,False,5,7282.1,23
T000085161,2026-01-05,P004,S08,Premium Buyer,Physical Store,3,38135.81,114000.0,0.0,114000.0,,0.0,340.1,False,0,0.0,3
T000085162,2026-01-05,P005,S08,Loyal Regular,Marketplace,19,5332.23,123500.0,22187.63,101312.37,End of Season Sale - Winter,18.12,431.0,False,2,10664.46,19
T000085163,2026-01-05,P006,S08,Occasional Shopper,Mobile App,25,649.86,16250.0,3.5,16246.5,,0.0,2082.3,False,0,0.0,25
T000085164,2026-01-06,P001,S01,Occasional Shopper,Physical Store,0,12572.05,0.0,0.0,0.0,,0.0,0.6,True,0,0.0,99
T000085165,2026-01-06,P002,S01,Occasional Shopper,Online,154,180.75,27720.0,0.0,27720.0,,0.0,3920.2,False,1,180.75,154
T000085166,2026-01-06,P003,S01,Premium Buyer,Physical Store,98,1389.6,176400.0,40219.2,136180.8,End of Season Sale - Winter,23.13,261.6,False,5,6948.0,98
T000085167,2026-01-06,P004,S01,Premium Buyer,Physical Store,38,38154.87,1444000.0,0.0,1444000.0,,0.0,118.2,False,2,76309.74,38
T000085168,2026-01-06,P005,S01,Budget Shopper,Online,151,5110.01,981500.0,209888.49,771611.51,End of Season Sale - Winter,20.35,317.1,False,8,40880.08,151
T000085169,2026-01-06,P006,S01,Premium Buyer,Online,207,659.12,134550.0,0.0,134550.0,,0.0,1078.9,False,6,3954.72,207
T000085170,2026-01-06,P001,S02,Budget Shopper,Online,128,12613.73,1600000.0,0.0,1600000.0,,0.0,1093.9,False,5,63068.65,128
T000085171,2026-01-06,P002,S02,Value Seeker,Marketplace,79,182.33,14220.0,0.0,14220.0,,0.0,1569.8,False,1,182.33,79
T000085172,2026-01-06,P003,S02,Budget Shopper,Online,55,1437.55,99000.0,19934.75,79065.25,End of Season Sale - Winter,20.38,186.1,False,6,8625.3,55
T000085173,2026-01-06,P004,S02,Occasional Shopper,Online,17,37888.16,646000.0,1901.28,644098.72,,0.0,77.7,False,0,0.0,17
T000085174,2026-01-06,P005,S02,Loyal Regular,Online,0,5473.84,0.0,0.0,0.0,End of Season Sale - Winter,16.56,0.9,True,0,0.0,36
T000085175,2026-01-06,P006,S02,Value Seeker,Physical Store,305,646.49,198250.0,1070.55,197179.45,,0.0,3552.3,False,11,7111.39,305
T000085176,2026-01-06,P001,S03,Loyal Regular,Physical Store,127,12374.24,1587500.0,15971.52,1571528.48,,0.0,1016.3,False,4,49496.96,127
T000085177,2026-01-06,P002,S03,Value Seeker,Physical Store,50,176.73,9000.0,163.5,8836.5,,0.0,3339.7,False,0,0.0,50
T000085178,2026-01-06,P003,S03,Value Seeker,Physical Store,33,1366.09,59400.0,14319.03,45080.97,End of Season Sale - Winter,23.5,416.2,False,3,4098.27,33
T000085179,2026-01-06,P004,S03,Premium Buyer,Physical Store,15,37940.55,570000.0,891.75,569108.25,,0.0,274.5,False,0,0.0,15
T000085180,2026-01-06,P005,S03,Value Seeker,Physical Store,0,5065.13,0.0,0.0,0.0,End of Season Sale - Winter,20.91,0.9,True,0,0.0,47
T000085181,2026-01-06,P006,S03,Budget Shopper,Physical Store,88,639.13,57200.0,956.56,56243.44,,0.0,1508.5,False,3,1917.39,88
T000085182,2026-01-06,P001,S04,Premium Buyer,Physical Store,28,12427.55,350000.0,2028.6,347971.4,,0.0,377.0,False,3,37282.65,28
T000085183,2026-01-06,P002,S04,Occasional Shopper,Online,142,181.82,25560.0,0.0,25560.0,,0.0,3066.3,False,1,181.82,142
T000085184,2026-01-06,P003,S04,Value Seeker,Online,36,1794.62,64800.0,193.68,64606.32,,0.0,159.6,False,1,1794.62,36
T000085185,2026-01-06,P004,S04,Value Seeker,Online,28,36085.39,1064000.0,53609.08,1010390.92,Flash Discount,5.3,66.1,False,1,36085.39,28
T000085186,2026-01-06,P005,S04,Budget Shopper,Mobile App,38,5524.82,247000.0,37056.84,209943.16,End of Season Sale - Winter,14.08,474.1,False,3,16574.46,38
T000085187,2026-01-06,P006,S04,Occasional Shopper,Marketplace,160,650.95,104000.0,0.0,104000.0,,0.0,1416.6,False,4,2603.8,160
T000085188,2026-01-06,P001,S05,Budget Shopper,Online,31,12567.32,387500.0,0.0,387500.0,,0.0,268.8,False,3,37701.96,31
T000085189,2026-01-06,P002,S05,Loyal Regular,Marketplace,53,177.66,9540.0,124.02,9415.98,,0.0,1663.8,False,0,0.0,53
T000085190,2026-01-06,P003,S05,Value Seeker,Physical Store,42,1790.97,75600.0,379.26,75220.74,,0.0,324.9,False,5,8954.85,42
T000085191,2026-01-06,P004,S05,Budget Shopper,Online,6,37860.48,228000.0,837.12,227162.88,,0.0,165.5,False,0,0.0,6
T000085192,2026-01-06,P005,S05,Occasional Shopper,Online,88,5011.32,572000.0,131003.84,440996.16,End of Season Sale - Winter,23.19,642.7,False,3,15033.96,88
T000085193,2026-01-06,P001,S06,Budget Shopper,Online,48,12287.86,600000.0,10182.72,589817.28,,0.0,171.2,False,2,24575.72,48
T000085194,2026-01-06,P003,S06,Budget Shopper,Online,34,1825.6,61200.0,0.0,61200.0,,0.0,495.8,False,9,16430.4,34
T000085195,2026-01-06,P004,S06,Value Seeker,Online,7,38500.05,266000.0,0.0,266000.0,,0.0,220.8,False,0,0.0,7
T000085196,2026-01-06,P005,S06,Budget Shopper,Marketplace,62,6463.43,403000.0,2267.34,400732.66,,0.0,835.1,False,3,19390.29,62
T000085197,2026-01-06,P006,S06,Loyal Regular,Marketplace,65,644.53,42250.0,355.55,41894.45,,0.0,1535.7,False,2,1289.06,65
T000085198,2026-01-06,P001,S07,Occasional Shopper,Mobile App,48,12378.18,600000.0,5847.36,594152.64,,0.0,759.5,False,6,74269.08,48
T000085199,2026-01-06,P002,S07,Budget Shopper,Mobile App,61,179.27,10980.0,44.53,10935.47,,0.0,4519.8,False,0,0.0,61
T000085200,2026-01-06,P003,S07,Loyal Regular,Physical Store,19,1803.12,34200.0,0.0,34200.0,,0.0,1418.7,False,2,3606.24,19
T000085201,2026-01-06,P004,S07,Premium Buyer,Online,9,38295.26,342000.0,0.0,342000.0,,0.0,76.6,False,0,0.0,9
T000085202,2026-01-06,P005,S07,Budget Shopper,Physical Store,47,5787.78,305500.0,33474.34,272025.66,End of Season Sale - Winter,12.43,812.5,False,5,28938.9,47
T000085203,2026-01-06,P006,S07,Value Seeker,Physical Store,56,648.76,36400.0,69.44,36330.56,,0.0,2911.0,False,2,1297.52,56
T000085204,2026-01-06,P001,S08,Premium Buyer,Physical Store,30,12719.12,375000.0,0.0,375000.0,,0.0,1198.5,False,1,12719.12,30
T000085205,2026-01-06,P002,S08,Value Seeker,Physical Store,109,181.94,19620.0,0.0,19620.0,,0.0,2782.5,False,2,363.88,109
T000085206,2026-01-06,P003,S08,Budget Shopper,Physical Store,17,1396.82,30600.0,6854.06,23745.94,End of Season Sale - Winter,22.2,149.2,False,2,2793.64,17
T000085207,2026-01-06,P004,S08,Premium Buyer,Online,3,37467.73,114000.0,1596.81,112403.19,,0.0,337.1,False,0,0.0,3
T000085208,2026-01-06,P005,S08,Loyal Regular,Physical Store,40,4963.82,260000.0,61447.2,198552.8,End of Season Sale - Winter,23.58,412.0,False,4,19855.28,40
T000085209,2026-01-06,P006,S08,Value Seeker,Physical Store,33,660.32,21450.0,0.0,21450.0,,0.0,2057.3,False,1,660.32,33
T000085210,2026-01-07,P001,S01,Premium Buyer,Physical Store,101,12613.98,1262500.0,0.0,1262500.0,,0.0,262.2,False,5,63069.9,101
T000085211,2026-01-07,P002,S01,Value Seeker,Physical Store,64,177.23,11520.0,177.28,11342.72,,0.0,3766.2,False,0,0.0,64
T000085212,2026-01-07,P003,S01,Premium Buyer,Physical Store,163,1348.98,293400.0,73516.26,219883.74,End of Season Sale - Winter,24.11,163.6,True,24,32375.52,200
T000085213,2026-01-07,P004,S01,Value Seeker,Physical Store,26,37058.17,988000.0,24487.58,963512.42,,0.0,80.2,False,1,37058.17,26
T000085214,2026-01-07,P005,S01,Value Seeker,Physical Store,146,4950.92,949000.0,226165.68,722834.32,End of Season Sale - Winter,22.66,166.1,False,5,24754.6,146
T000085215,2026-01-07,P006,S01,Occasional Shopper,Mobile App,134,642.54,87100.0,999.64,86100.36,,0.0,871.9,False,3,1927.62,134
T000085216,2026-01-07,P001,S02,Value Seeker,Physical Store,177,12605.01,2212500.0,0.0,2212500.0,,0.0,1320.8,False,10,126050.1,177
T000085217,2026-01-07,P003,S02,Occasional Shopper,Physical Store,92,1551.58,165600.0,22854.64,142745.36,End of Season Sale - Winter,12.19,131.1,False,18,27928.44,92
T000085218,2026-01-07,P004,S02,Loyal Regular,Marketplace,15,38276.33,570000.0,0.0,570000.0,,0.0,60.7,False,0,0.0,15
T000085219,2026-01-07,P005,S02,Occasional Shopper,Mobile App,0,5200.81,0.0,0.0,0.0,End of Season Sale - Winter,19.46,0.9,True,0,0.0,125
T000085220,2026-01-07,P006,S02,Premium Buyer,Online,214,651.08,139100.0,0.0,139100.0,,0.0,4415.1,False,4,2604.32,214
T000085221,2026-01-07,P001,S03,Occasional Shopper,Marketplace,299,12501.94,3737500.0,0.0,3737500.0,,0.0,1279.5,False,11,137521.34,299
T000085222,2026-01-07,P002,S03,Premium Buyer,Physical Store,61,179.44,10980.0,34.16,10945.84,,0.0,3289.7,False,0,0.0,61
T000085223,2026-01-07,P003,S03,Value Seeker,Physical Store,43,1608.65,77400.0,8228.05,69171.95,End of Season Sale - Winter,11.68,782.4,False,2,3217.3,43
T000085224,2026-01-07,P004,S03,Value Seeker,Mobile App,4,37419.02,152000.0,2323.92,149676.08,,0.0,259.5,False,0,0.0,4
T000085225,2026-01-07,P005,S03,Occasional Shopper,Marketplace,0,5232.08,0.0,0.0,0.0,End of Season Sale - Winter,19.96,0.9,True,0,0.0,40
T000085226,2026-01-07,P006,S03,Value Seeker,Physical Store,75,658.91,48750.0,0.0,48750.0,,0.0,1420.5,False,0,0.0,75
T000085227,2026-01-07,P001,S04,Occasional Shopper,Online,64,12449.03,800000.0,3262.08,796737.92,,0.0,349.0,False,2,24898.06,64
T000085228,2026-01-07,P002,S04,Loyal Regular,Physical Store,70,178.83,12600.0,81.9,12518.1,,0.0,3537.9,False,1,178.83,70
T000085229,2026-01-07,P003,S04,Loyal Regular,Mobile App,20,1781.97,36000.0,360.6,35639.4,,0.0,123.6,False,4,7127.88,20
T000085230,2026-01-07,P004,S04,Value Seeker,Online,7,38076.34,266000.0,0.0,266000.0,,0.0,38.1,False,0,0.0,7
T000085231,2026-01-07,P005,S04,Occasional Shopper,Online,20,4907.43,130000.0,31851.4,98148.6,End of Season Sale - Winter,24.75,436.1,False,1,4907.43,20
T000085232,2026-01-07,P006,S04,Premium Buyer,Online,38,651.85,24700.0,0.0,24700.0,,0.0,1256.6,False,2,1303.7,38
T000085233,2026-01-07,P001,S05,Premium Buyer,Physical Store,58,12215.25,725000.0,16515.5,708484.5,,0.0,237.8,False,0,0.0,58
T000085234,2026-01-07,P002,S05,Loyal Regular,Marketplace,69,182.96,12420.0,0.0,12420.0,,0.0,2284.2,False,1,182.96,69
T000085235,2026-01-07,P003,S05,Budget Shopper,Online,20,1815.75,36000.0,0.0,36000.0,,0.0,620.3,False,5,9078.75,20
T000085236,2026-01-07,P004,S05,Value Seeker,Mobile App,0,37922.87,0.0,0.0,0.0,,0.0,247.4,False,0,0.0,0
T000085237,2026-01-07,P005,S05,Value Seeker,Physical Store,77,5394.47,500500.0,85125.81,415374.19,End of Season Sale - Winter,17.45,554.7,False,2,10788.94,77
T000085238,2026-01-07,P006,S05,Budget Shopper,Physical Store,63,640.94,40950.0,570.78,40379.22,,0.0,2641.3,False,3,1922.82,63
T000085239,2026-01-07,P001,S06,Loyal Regular,Mobile App,26,12548.81,325000.0,0.0,325000.0,,0.0,123.2,False,1,12548.81,26
T000085240,2026-01-07,P002,S06,Value Seeker,Marketplace,85,178.61,15300.0,118.15,15181.85,,0.0,2767.8,False,0,0.0,85
T000085241,2026-01-07,P003,S06,Budget Shopper,Marketplace,51,1806.5,91800.0,0.0,91800.0,,0.0,461.8,False,6,10839.0,51
T000085242,2026-01-07,P004,S06,Value Seeker,Physical Store,8,37583.13,304000.0,3334.96,300665.04,,0.0,297.2,False,0,0.0,8
T000085243,2026-01-07,P005,S06,Occasional Shopper,Physical Store,47,6467.92,305500.0,1507.76,303992.24,,0.0,773.1,False,2,12935.84,47
T000085244,2026-01-07,P006,S06,Value Seeker,Marketplace,54,653.18,35100.0,0.0,35100.0,,0.0,1470.7,False,1,653.18,54
T000085245,2026-01-07,P001,S07,Premium Buyer,Physical Store,46,12426.52,575000.0,3380.08,571619.92,,0.0,711.5,False,2,24853.04,46
T000085246,2026-01-07,P002,S07,Budget Shopper,Marketplace,44,180.26,7920.0,0.0,7920.0,,0.0,4458.8,False,0,0.0,44
T000085247,2026-01-07,P003,S07,Budget Shopper,Online,22,1797.82,39600.0,47.96,39552.04,,0.0,1399.7,False,3,5393.46,22
T000085248,2026-01-07,P004,S07,Loyal Regular,Physical Store,8,38490.5,304000.0,0.0,304000.0,,0.0,198.3,False,0,0.0,8
T000085249,2026-01-07,P005,S07,Loyal Regular,Marketplace,53,5441.56,344500.0,56097.32,288402.68,End of Season Sale - Winter,16.95,765.5,False,1,5441.56,53
T000085250,2026-01-07,P006,S07,Premium Buyer,Online,32,651.15,20800.0,0.0,20800.0,,0.0,3372.3,False,0,0.0,32
T000085251,2026-01-07,P001,S08,Occasional Shopper,Physical Store,24,11434.22,300000.0,25578.72,274421.28,Flash Discount,10.57,1168.5,False,2,22868.44,24
T000085252,2026-01-07,P002,S08,Loyal Regular,Online,80,180.62,14400.0,0.0,14400.0,,0.0,3442.9,False,1,180.62,80
T000085253,2026-01-07,P003,S08,Budget Shopper,Online,27,1449.44,48600.0,9465.12,39134.88,End of Season Sale - Winter,18.98,132.2,False,2,2898.88,27
T000085254,2026-01-07,P004,S08,Premium Buyer,Online,2,38666.62,76000.0,0.0,76000.0,,0.0,433.0,False,0,0.0,2
T000085255,2026-01-07,P005,S08,Loyal Regular,Physical Store,11,5089.73,71500.0,15512.97,55987.03,End of Season Sale - Winter,21.38,372.0,False,0,0.0,11
T000085256,2026-01-07,P006,S08,Value Seeker,Physical Store,26,647.52,16900.0,64.48,16835.52,,0.0,2551.9,False,0,0.0,26
T000085257,2026-01-08,P001,S01,Value Seeker,Mobile App,161,12590.85,2012500.0,0.0,2012500.0,,0.0,161.2,True,11,138499.35,201
T000085258,2026-01-08,P002,S01,Value Seeker,Online,260,179.01,46800.0,257.4,46542.6,,0.0,4846.9,False,3,537.03,260
T000085259,2026-01-08,P003,S01,Budget Shopper,Physical Store,0,1496.73,0.0,0.0,0.0,End of Season Sale - Winter,18.48,0.6,True,0,0.0,115
T000085260,2026-01-08,P004,S01,Loyal Regular,Physical Store,16,37608.86,608000.0,6258.24,601741.76,,0.0,54.2,False,0,0.0,16
T000085261,2026-01-08,P005,S01,Occasional Shopper,Physical Store,20,5238.25,130000.0,25235.0,104765.0,End of Season Sale - Winter,20.0,20.1,True,2,10476.5,82
T000085262,2026-01-08,P006,S01,Loyal Regular,Physical Store,139,596.39,90350.0,7451.79,82898.21,Flash Discount,7.94,1911.0,False,4,2385.56,139
T000085263,2026-01-08,P001,S02,Value Seeker,Physical Store,43,12399.98,537500.0,4300.86,533199.14,,0.0,1493.8,False,1,12399.98,43
T000085264,2026-01-08,P002,S02,Premium Buyer,Online,115,176.27,20700.0,428.95,20271.05,,0.0,2308.5,False,1,176.27,115
T000085265,2026-01-08,P003,S02,Premium Buyer,Online,39,1404.73,70200.0,15415.53,54784.47,End of Season Sale - Winter,22.05,39.1,True,4,5618.92,58
T000085266,2026-01-08,P004,S02,Budget Shopper,Physical Store,9,38318.57,342000.0,0.0,342000.0,,0.0,45.7,False,0,0.0,9
T000085267,2026-01-08,P005,S02,Loyal Regular,Physical Store,131,5292.45,851500.0,158189.05,693310.95,End of Season Sale - Winter,19.1,500.0,False,3,15877.35,131
T000085268,2026-01-08,P006,S02,Occasional Shopper,Online,103,654.94,66950.0,0.0,66950.0,,0.0,4201.1,False,6,3929.64,103
T000085269,2026-01-08,P001,S03,Budget Shopper,Online,44,12520.11,550000.0,0.0,550000.0,,0.0,1227.1,False,3,37560.33,44
T000085270,2026-01-08,P002,S03,Loyal Regular,Physical Store,78,180.43,14040.0,0.0,14040.0,,0.0,4392.5,False,0,0.0,78
T000085271,2026-01-08,P003,S03,Value Seeker,Physical Store,45,1579.59,81000.0,9918.45,71081.55,End of Season Sale - Winter,13.33,739.4,False,7,11057.13,45
T000085272,2026-01-08,P004,S03,Value Seeker,Marketplace,6,37253.71,228000.0,4477.74,223522.26,,0.0,360.1,False,0,0.0,6
T000085273,2026-01-08,P005,S03,Occasional Shopper,Physical Store,0,5177.81,0.0,0.0,0.0,End of Season Sale - Winter,21.18,0.9,True,0,0.0,81
T000085274,2026-01-08,P006,S03,Value Seeker,Physical Store,47,650.13,30550.0,0.0,30550.0,,0.0,2100.2,False,1,650.13,47
T000085275,2026-01-08,P001,S04,Premium Buyer,Online,39,12332.2,487500.0,6544.2,480955.8,,0.0,285.0,False,4,49328.8,39
T000085276,2026-01-08,P002,S04,Premium Buyer,Online,106,180.48,19080.0,0.0,19080.0,,0.0,3960.5,False,1,180.48,106
T000085277,2026-01-08,P003,S04,Loyal Regular,Marketplace,15,1766.1,27000.0,508.5,26491.5,,0.0,103.6,False,4,7064.4,15
T000085278,2026-01-08,P004,S04,Value Seeker,Mobile App,15,38260.33,570000.0,0.0,570000.0,,0.0,31.1,False,1,38260.33,15
T000085279,2026-01-08,P005,S04,Loyal Regular,Mobile App,17,5649.33,110500.0,14461.39,96038.61,End of Season Sale - Winter,12.89,416.1,False,1,5649.33,17
T000085280,2026-01-08,P006,S04,Value Seeker,Online,96,644.06,62400.0,570.24,61829.76,,0.0,1832.6,False,5,3220.3,96
T000085281,2026-01-08,P001,S05,Occasional Shopper,Mobile App,31,12706.45,387500.0,0.0,387500.0,,0.0,179.8,False,5,63532.25,31
T000085282,2026-01-08,P002,S05,Premium Buyer,Physical Store,67,176.4,12060.0,241.2,11818.8,,0.0,2215.2,False,1,176.4,67
T000085283,2026-01-08,P003,S05,Budget Shopper,Online,31,1827.29,55800.0,0.0,55800.0,,0.0,600.3,False,7,12791.03,31
T000085284,2026-01-08,P004,S05,Occasional Shopper,Physical Store,4,38342.12,152000.0,0.0,152000.0,,0.0,247.4,False,0,0.0,4
T000085285,2026-01-08,P005,S05,Loyal Regular,Physical Store,79,5013.42,513500.0,117439.82,396060.18,End of Season Sale - Winter,21.89,477.7,False,4,20053.68,79
T000085286,2026-01-08,P006,S05,Premium Buyer,Physical Store,106,648.01,68900.0,210.94,68689.06,,0.0,2578.3,False,7,4536.07,106
T000085287,2026-01-08,P002,S06,Loyal Regular,Physical Store,41,177.88,7380.0,86.92,7293.08,,0.0,3474.6,False,0,0.0,41
T000085288,2026-01-08,P003,S06,Loyal Regular,Marketplace,76,1843.31,136800.0,0.0,136800.0,,0.0,410.8,False,4,7373.24,76
T000085289,2026-01-08,P004,S06,Budget Shopper,Online,12,37647.64,456000.0,4228.32,451771.68,,0.0,289.2,False,0,0.0,12
T000085290,2026-01-08,P005,S06,Occasional Shopper,Physical Store,53,6505.97,344500.0,0.0,344500.0,,0.0,726.1,False,1,6505.97,53
T000085291,2026-01-08,P006,S06,Budget Shopper,Online,85,655.89,55250.0,0.0,55250.0,,0.0,1416.7,False,0,0.0,85
T000085292,2026-01-08,P001,S07,Budget Shopper,Physical Store,54,12455.34,675000.0,2411.64,672588.36,,0.0,665.5,False,4,49821.36,54
T000085293,2026-01-08,P002,S07,Budget Shopper,Physical Store,68,178.69,12240.0,89.08,12150.92,,0.0,4414.8,False,0,0.0,68
T000085294,2026-01-08,P003,S07,Occasional Shopper,Mobile App,16,1802.22,28800.0,0.0,28800.0,,0.0,1750.4,False,0,0.0,16
T000085295,2026-01-08,P004,S07,Budget Shopper,Physical Store,5,35476.75,190000.0,12616.25,177383.75,Flash Discount,6.59,303.3,False,0,0.0,5
T000085296,2026-01-08,P005,S07,Value Seeker,Physical Store,19,5387.82,123500.0,21131.42,102368.58,End of Season Sale - Winter,16.25,712.5,False,0,0.0,19
T000085297,2026-01-08,P006,S07,Value Seeker,Marketplace,47,650.42,30550.0,0.0,30550.0,,0.0,3340.3,False,0,0.0,47
T000085298,2026-01-08,P002,S08,Premium Buyer,Physical Store,51,179.26,9180.0,37.74,9142.26,,0.0,4098.0,False,0,0.0,51
T000085299,2026-01-08,P003,S08,Loyal Regular,Online,28,1509.71,50400.0,8128.12,42271.88,End of Season Sale - Winter,16.27,105.2,False,3,4529.13,28
T000085300,2026-01-08,P004,S08,Loyal Regular,Mobile App,1,38397.89,38000.0,0.0,38000.0,,0.0,431.0,False,0,0.0,1
T000085301,2026-01-08,P005,S08,Loyal Regular,Online,46,5613.01,299000.0,40801.54,258198.46,End of Season Sale - Winter,13.13,599.1,False,1,5613.01,46
T000085302,2026-01-08,P006,S08,Occasional Shopper,Physical Store,40,597.77,26000.0,2089.2,23910.8,Flash Discount,6.79,3412.0,False,1,597.77,40
T000085303,2026-01-09,P001,S01,Premium Buyer,Online,0,12244.73,0.0,0.0,0.0,,0.0,0.2,True,0,0.0,76
T000085304,2026-01-09,P002,S01,Budget Shopper,Marketplace,42,180.56,7560.0,0.0,7560.0,,0.0,4586.9,False,0,0.0,42
T000085305,2026-01-09,P003,S01,Premium Buyer,Marketplace,0,1499.29,0.0,0.0,0.0,End of Season Sale - Winter,16.89,0.6,True,0,0.0,203
T000085306,2026-01-09,P004,S01,Occasional Shopper,Mobile App,21,38201.76,798000.0,0.0,798000.0,,0.0,38.2,False,0,0.0,21
T000085307,2026-01-09,P005,S01,Loyal Regular,Physical Store,0,5739.16,0.0,0.0,0.0,End of Season Sale - Winter,10.75,0.1,True,0,0.0,175
T000085308,2026-01-09,P006,S01,Value Seeker,Online,156,651.49,101400.0,0.0,101400.0,,0.0,1772.0,False,8,5211.92,156
T000085309,2026-01-09,P001,S02,Budget Shopper,Physical Store,109,12321.03,1362500.0,19507.73,1342992.27,,0.0,1450.8,False,17,209457.51,109
T000085310,2026-01-09,P002,S02,Value Seeker,Mobile App,121,179.08,21780.0,111.32,21668.68,,0.0,2678.1,False,0,0.0,121
T000085311,2026-01-09,P003,S02,Premium Buyer,Online,0,1511.59,0.0,0.0,0.0,End of Season Sale - Winter,17.05,0.1,True,0,0.0,59
T000085312,2026-01-09,P004,S02,Budget Shopper,Physical Store,17,35157.83,646000.0,48316.89,597683.11,Flash Discount,6.18,128.6,False,0,0.0,17
T000085313,2026-01-09,P005,S02,Loyal Regular,Physical Store,222,4976.45,1443000.0,338228.1,1104771.9,End of Season Sale - Winter,24.0,881.3,False,9,44788.05,222
T000085314,2026-01-09,P006,S02,Value Seeker,Physical Store,185,641.82,120250.0,1513.3,118736.7,,0.0,5395.8,False,6,3850.92,185
T000085315,2026-01-09,P001,S03,Budget Shopper,Physical Store,55,12547.04,687500.0,0.0,687500.0,,0.0,1433.5,False,0,0.0,55
T000085316,2026-01-09,P002,S03,Occasional Shopper,Physical Store,41,178.25,7380.0,71.75,7308.25,,0.0,4314.5,False,0,0.0,41
T000085317,2026-01-09,P003,S03,Value Seeker,Physical Store,26,1569.38,46800.0,5996.12,40803.88,End of Season Sale - Winter,11.79,694.4,False,3,4708.14,26
T000085318,2026-01-09,P004,S03,Premium Buyer,Physical Store,7,37338.52,266000.0,4630.36,261369.64,,0.0,443.9,False,1,37338.52,7
T000085319,2026-01-09,P005,S03,Value Seeker,Online,52,5078.67,338000.0,73909.16,264090.84,End of Season Sale - Winter,22.14,233.7,False,3,15236.01,52
T000085320,2026-01-09,P006,S03,Occasional Shopper,Physical Store,59,639.13,38350.0,641.33,37708.67,,0.0,2812.6,False,3,1917.39,59
T000085321,2026-01-09,P001,S04,Loyal Regular,Physical Store,46,12520.98,575000.0,0.0,575000.0,,0.0,555.0,False,2,25041.96,46
T000085322,2026-01-09,P002,S04,Budget Shopper,Physical Store,61,179.64,10980.0,21.96,10958.04,,0.0,4535.6,False,0,0.0,61
T000085323,2026-01-09,P003,S04,Budget Shopper,Mobile App,25,1764.49,45000.0,887.75,44112.25,,0.0,407.6,False,3,5293.47,25
T000085324,2026-01-09,P004,S04,Premium Buyer,Physical Store,11,37857.34,418000.0,1569.26,416430.74,,0.0,16.1,False,0,0.0,11
T000085325,2026-01-09,P005,S04,Premium Buyer,Physical Store,38,5494.65,247000.0,38203.3,208796.7,End of Season Sale - Winter,14.58,835.8,False,0,0.0,38
T000085326,2026-01-09,P006,S04,Loyal Regular,Online,81,652.44,52650.0,0.0,52650.0,,0.0,1736.6,False,3,1957.32,81
T000085327,2026-01-09,P001,S05,Premium Buyer,Physical Store,32,12518.48,400000.0,0.0,400000.0,,0.0,410.0,False,1,12518.48,32
T000085328,2026-01-09,P002,S05,Premium Buyer,Physical Store,50,182.54,9000.0,0.0,9000.0,,0.0,3011.8,False,0,0.0,50
T000085329,2026-01-09,P003,S05,Loyal Regular,Mobile App,39,1805.51,70200.0,0.0,70200.0,,0.0,569.3,False,5,9027.55,39
T000085330,2026-01-09,P004,S05,Budget Shopper,Physical Store,16,38036.65,608000.0,0.0,608000.0,,0.0,243.4,False,2,76073.3,16
T000085331,2026-01-09,P005,S05,Budget Shopper,Physical Store,71,5756.79,461500.0,52767.91,408732.09,End of Season Sale - Winter,11.82,398.7,False,2,11513.58,71
T000085332,2026-01-09,P006,S05,Occasional Shopper,Online,75,651.91,48750.0,0.0,48750.0,,0.0,3262.8,False,1,651.91,75
T000085333,2026-01-09,P001,S06,Loyal Regular,Online,51,12474.19,637500.0,1316.31,636183.69,,0.0,415.7,False,3,37422.57,51
T000085334,2026-01-09,P002,S06,Budget Shopper,Online,101,181.0,18180.0,0.0,18180.0,,0.0,4530.7,False,0,0.0,101
T000085335,2026-01-09,P003,S06,Loyal Regular,Online,11,1804.32,19800.0,0.0,19800.0,,0.0,809.3,False,1,1804.32,11
T000085336,2026-01-09,P004,S06,Budget Shopper,Online,1,38186.27,38000.0,0.0,38000.0,,0.0,277.2,False,0,0.0,1
T000085337,2026-01-09,P005,S06,Budget Shopper,Physical Store,128,6421.79,832000.0,10010.88,821989.12,,0.0,673.1,False,2,12843.58,128
T000085338,2026-01-09,P006,S06,Value Seeker,Online,83,649.53,53950.0,39.01,53910.99,,0.0,2478.8,False,2,1299.06,83
T000085339,2026-01-09,P001,S07,Value Seeker,Online,28,12607.32,350000.0,0.0,350000.0,,0.0,611.5,False,1,12607.32,28
T000085340,2026-01-09,P003,S07,Occasional Shopper,Online,27,1812.3,48600.0,0.0,48600.0,,0.0,2226.2,False,2,3624.6,27
T000085341,2026-01-09,P004,S07,Budget Shopper,Physical Store,18,38259.3,684000.0,0.0,684000.0,,0.0,298.3,False,0,0.0,18
T000085342,2026-01-09,P005,S07,Value Seeker,Physical Store,57,5788.81,370500.0,40537.83,329962.17,End of Season Sale - Winter,11.26,693.5,False,1,5788.81,57
T000085343,2026-01-09,P006,S07,Budget Shopper,Mobile App,37,656.52,24050.0,0.0,24050.0,,0.0,4164.9,False,2,1313.04,37
T000085344,2026-01-09,P001,S08,Value Seeker,Online,16,12395.2,200000.0,1676.8,198323.2,,0.0,1418.4,False,0,0.0,16
T000085345,2026-01-09,P002,S08,Budget Shopper,Online,53,181.32,9540.0,0.0,9540.0,,0.0,4047.0,False,0,0.0,53
T000085346,2026-01-09,P003,S08,Budget Shopper,Physical Store,56,1452.76,100800.0,19445.44,81354.56,End of Season Sale - Winter,19.46,418.2,False,4,5811.04,56
T000085347,2026-01-09,P004,S08,Occasional Shopper,Mobile App,6,37900.72,228000.0,595.68,227404.32,,0.0,430.0,False,1,37900.72,6
T000085348,2026-01-09,P005,S08,Value Seeker,Online,8,5568.82,52000.0,7449.44,44550.56,End of Season Sale - Winter,14.5,553.1,False,2,11137.64,8
T000085349,2026-01-09,P006,S08,Occasional Shopper,Physical Store,28,651.63,18200.0,0.0,18200.0,,0.0,3943.1,False,0,0.0,28
T000085350,2026-01-10,P001,S01,Budget Shopper,Physical Store,0,12634.39,0.0,0.0,0.0,,0.0,0.2,True,0,0.0,83
T000085351,2026-01-10,P002,S01,Value Seeker,Physical Store,58,180.23,10440.0,0.0,10440.0,,0.0,4544.9,False,0,0.0,58
T000085352,2026-01-10,P003,S01,Loyal Regular,Physical Store,0,1534.65,0.0,0.0,0.0,End of Season Sale - Winter,14.42,0.6,True,0,0.0,100
T000085353,2026-01-10,P004,S01,Occasional Shopper,Physical Store,17,38221.46,646000.0,0.0,646000.0,,0.0,17.2,True,1,38221.46,25
T000085354,2026-01-10,P005,S01,Value Seeker,Physical Store,0,4908.23,0.0,0.0,0.0,End of Season Sale - Winter,24.73,0.1,True,0,0.0,243
T000085355,2026-01-10,P006,S01,Occasional Shopper,Marketplace,111,654.95,72150.0,0.0,72150.0,,0.0,1616.0,False,3,1964.85,111
T000085356,2026-01-10,P001,S02,Premium Buyer,Online,123,12524.09,1537500.0,0.0,1537500.0,,0.0,1341.8,False,1,12524.09,123
T000085357,2026-01-10,P003,S02,Occasional Shopper,Physical Store,128,1546.5,230400.0,32448.0,197952.0,End of Season Sale - Winter,13.7,342.1,False,14,21651.0,128
T000085358,2026-01-10,P004,S02,Value Seeker,Physical Store,16,37561.66,608000.0,7013.44,600986.56,,0.0,111.6,False,1,37561.66,16
T000085359,2026-01-10,P005,S02,Value Seeker,Marketplace,172,5553.17,1118000.0,162854.76,955145.24,End of Season Sale - Winter,13.57,659.3,False,5,27765.85,172
T000085360,2026-01-10,P006,S02,Value Seeker,Marketplace,259,657.98,168350.0,0.0,168350.0,,0.0,6437.6,False,13,8553.74,259
T000085361,2026-01-10,P001,S03,Loyal Regular,Physical Store,129,12505.84,1612500.0,0.0,1612500.0,,0.0,1378.5,False,11,137564.24,129
T000085362,2026-01-10,P002,S03,Budget Shopper,Physical Store,75,180.48,13500.0,0.0,13500.0,,0.0,4273.5,False,0,0.0,75
T000085363,2026-01-10,P003,S03,Value Seeker,Online,64,1567.19,115200.0,14899.84,100300.16,End of Season Sale - Winter,12.32,668.4,False,5,7835.95,64
T000085364,2026-01-10,P004,S03,Loyal Regular,Physical Store,14,37775.59,532000.0,3141.74,528858.26,,0.0,573.7,False,0,0.0,14
T000085365,2026-01-10,P005,S03,Value Seeker,Physical Store,55,5837.31,357500.0,36447.95,321052.05,End of Season Sale - Winter,10.62,181.7,False,5,29186.55,55
T000085366,2026-01-10,P006,S03,Value Seeker,Physical Store,87,651.11,56550.0,0.0,56550.0,,0.0,3478.6,False,2,1302.22,87
T000085367,2026-01-10,P001,S04,Value Seeker,Marketplace,87,12680.41,1087500.0,0.0,1087500.0,,0.0,739.3,False,3,38041.23,87
T000085368,2026-01-10,P003,S04,Budget Shopper,Physical Store,69,1802.2,124200.0,0.0,124200.0,,0.0,382.6,False,6,10813.2,69
T000085369,2026-01-10,P004,S04,Value Seeker,Physical Store,4,38118.72,152000.0,0.0,152000.0,,0.0,5.1,False,0,0.0,4
T000085370,2026-01-10,P005,S04,Occasional Shopper,Physical Store,103,5606.17,669500.0,92064.49,577435.51,End of Season Sale - Winter,13.29,797.8,False,3,16818.51,103
T000085371,2026-01-10,P006,S04,Value Seeker,Physical Store,48,653.93,31200.0,0.0,31200.0,,0.0,1655.6,False,2,1307.86,48
T000085372,2026-01-10,P001,S05,Budget Shopper,Marketplace,91,12451.48,1137500.0,4415.32,1133084.68,,0.0,378.0,False,3,37354.44,91
T000085373,2026-01-10,P002,S05,Budget Shopper,Mobile App,109,180.01,19620.0,0.0,19620.0,,0.0,2961.8,False,0,0.0,109
T000085374,2026-01-10,P003,S05,Premium Buyer,Physical Store,56,1831.34,100800.0,0.0,100800.0,,0.0,530.3,False,9,16482.06,56
T000085375,2026-01-10,P004,S05,Value Seeker,Physical Store,32,37577.93,1216000.0,13506.24,1202493.76,,0.0,227.4,False,1,37577.93,32
T000085376,2026-01-10,P005,S05,Budget Shopper,Online,64,5619.89,416000.0,56327.04,359672.96,End of Season Sale - Winter,13.92,327.7,False,4,22479.56,64
T000085377,2026-01-10,P006,S05,Loyal Regular,Physical Store,170,646.4,110500.0,612.0,109888.0,,0.0,4035.6,False,6,3878.4,170
T000085378,2026-01-10,P001,S06,Premium Buyer,Marketplace,71,12343.44,887500.0,11115.76,876384.24,,0.0,364.7,False,1,12343.44,71
T000085379,2026-01-10,P002,S06,Occasional Shopper,Mobile App,55,180.72,9900.0,0.0,9900.0,,0.0,4429.7,False,0,0.0,55
T000085380,2026-01-10,P003,S06,Value Seeker,Physical Store,43,1757.67,77400.0,1820.19,75579.81,,0.0,798.3,False,7,12303.69,43
T000085381,2026-01-10,P004,S06,Loyal Regular,Marketplace,6,38128.21,228000.0,0.0,228000.0,,0.0,276.2,False,0,0.0,6
T000085382,2026-01-10,P005,S06,Budget Shopper,Physical Store,46,6399.04,299000.0,4644.16,294355.84,,0.0,545.1,False,2,12798.08,46
T000085383,2026-01-10,P006,S06,Premium Buyer,Mobile App,178,648.94,115700.0,188.68,115511.32,,0.0,3347.0,False,5,3244.7,178
T000085384,2026-01-10,P001,S07,Loyal Regular,Marketplace,62,12398.16,775000.0,6314.08,768685.92,,0.0,878.8,False,2,24796.32,62
T000085385,2026-01-10,P002,S07,Budget Shopper,Online,65,157.65,11700.0,1452.75,10247.25,Flash Discount,13.12,4346.8,False,0,0.0,65
T000085386,2026-01-10,P003,S07,Occasional Shopper,Mobile App,24,1801.02,43200.0,0.0,43200.0,,0.0,2199.2,False,4,7204.08,24
T000085387,2026-01-10,P004,S07,Premium Buyer,Physical Store,5,38116.16,190000.0,0.0,190000.0,,0.0,280.3,False,0,0.0,5
T000085388,2026-01-10,P005,S07,Budget Shopper,Mobile App,50,5166.57,325000.0,66671.5,258328.5,End of Season Sale - Winter,19.31,636.5,False,4,20666.28,50
T000085389,2026-01-10,P006,S07,Premium Buyer,Mobile App,78,657.2,50700.0,0.0,50700.0,,0.0,4127.9,False,2,1314.4,78
T000085390,2026-01-10,P001,S08,Value Seeker,Mobile App,21,12402.08,262500.0,2056.32,260443.68,,0.0,1402.4,False,1,12402.08,21
T000085391,2026-01-10,P002,S08,Loyal Regular,Online,59,182.22,10620.0,0.0,10620.0,,0.0,5140.9,False,0,0.0,59
T000085392,2026-01-10,P003,S08,Value Seeker,Online,53,1488.78,95400.0,16494.66,78905.34,End of Season Sale - Winter,16.4,540.6,False,13,19354.14,53
T000085393,2026-01-10,P004,S08,Occasional Shopper,Mobile App,4,38398.68,152000.0,0.0,152000.0,,0.0,424.0,False,1,38398.68,4
T000085394,2026-01-10,P005,S08,Loyal Regular,Online,35,4995.44,227500.0,52659.6,174840.4,End of Season Sale - Winter,23.76,545.1,False,2,9990.88,35
T000085395,2026-01-10,P006,S08,Occasional Shopper,Mobile App,39,656.9,25350.0,0.0,25350.0,,0.0,3915.1,False,1,656.9,39
T000085396,2026-01-11,P001,S01,Premium Buyer,Online,0,12402.85,0.0,0.0,0.0,,0.0,0.2,True,0,0.0,123
T000085397,2026-01-11,P002,S01,Occasional Shopper,Physical Store,73,181.51,13140.0,0.0,13140.0,,0.0,5454.1,False,1,181.51,73
T000085398,2026-01-11,P003,S01,Loyal Regular,Online,50,1584.15,90000.0,10792.5,79207.5,End of Season Sale - Winter,11.98,241.1,False,3,4752.45,50
T000085399,2026-01-11,P004,S01,Occasional Shopper,Marketplace,35,38165.6,1330000.0,0.0,1330000.0,,0.0,119.0,False,0,0.0,35
T000085400,2026-01-11,P005,S01,Loyal Regular,Marketplace,0,5650.09,0.0,0.0,0.0,End of Season Sale - Winter,14.16,0.1,True,0,0.0,183
T000085401,2026-01-11,P006,S01,Occasional Shopper,Online,139,658.09,90350.0,0.0,90350.0,,0.0,2334.0,False,4,2632.36,139
T000085402,2026-01-11,P001,S02,Budget Shopper,Physical Store,165,12398.02,2062500.0,16826.7,2045673.3,,0.0,1218.8,False,6,74388.12,165
T000085403,2026-01-11,P002,S02,Premium Buyer,Physical Store,159,181.44,28620.0,0.0,28620.0,,0.0,2557.1,False,0,0.0,159
T000085404,2026-01-11,P003,S02,Budget Shopper,Mobile App,79,1461.71,142200.0,26724.91,115475.09,End of Season Sale - Winter,19.52,214.1,False,9,13155.39,79
T000085405,2026-01-11,P004,S02,Budget Shopper,Online,20,38128.48,760000.0,0.0,760000.0,,0.0,95.6,False,0,0.0,20
T000085406,2026-01-11,P005,S02,Budget Shopper,Marketplace,196,5566.34,1274000.0,182997.36,1091002.64,End of Season Sale - Winter,14.72,487.3,False,7,38964.38,196
T000085407,2026-01-11,P006,S02,Value Seeker,Online,339,656.75,220350.0,0.0,220350.0,,0.0,6178.6,False,8,5254.0,339
T000085408,2026-01-11,P001,S03,Loyal Regular,Mobile App,143,12409.03,1787500.0,13008.71,1774491.29,,0.0,1249.5,False,9,111681.27,143
T000085409,2026-01-11,P002,S03,Value Seeker,Online,100,182.55,18000.0,0.0,18000.0,,0.0,4198.5,False,0,0.0,100
T000085410,2026-01-11,P003,S03,Value Seeker,Mobile App,51,1432.56,91800.0,18739.44,73060.56,End of Season Sale - Winter,20.34,604.4,False,12,17190.72,51
T000085411,2026-01-11,P004,S03,Occasional Shopper,Online,24,38111.71,912000.0,0.0,912000.0,,0.0,559.7,False,0,0.0,24
T000085412,2026-01-11,P005,S03,Loyal Regular,Physical Store,111,5038.32,721500.0,162246.48,559253.52,End of Season Sale - Winter,21.87,126.7,False,8,40306.56,111
T000085413,2026-01-11,P006,S03,Budget Shopper,Online,91,651.55,59150.0,0.0,59150.0,,0.0,4116.9,False,0,0.0,91
T000085414,2026-01-11,P001,S04,Value Seeker,Physical Store,89,12511.99,1112500.0,0.0,1112500.0,,0.0,892.5,False,10,125119.9,89
T000085415,2026-01-11,P002,S04,Premium Buyer,Physical Store,135,179.8,24300.0,27.0,24273.0,,0.0,4474.6,False,2,359.6,135
T000085416,2026-01-11,P003,S04,Loyal Regular,Mobile App,67,1769.05,120600.0,2073.65,118526.35,,0.0,313.6,False,13,22997.65,67
T000085417,2026-01-11,P004,S04,Value Seeker,Marketplace,1,38294.58,38000.0,0.0,38000.0,,0.0,1.1,True,0,0.0,17
T000085418,2026-01-11,P005,S04,Premium Buyer,Mobile App,98,5055.27,637000.0,141583.54,495416.46,End of Season Sale - Winter,21.41,1008.8,False,2,10110.54,98
T000085419,2026-01-11,P006,S04,Premium Buyer,Online,58,648.31,37700.0,98.02,37601.98,,0.0,2321.5,False,3,1944.93,58
T000085420,2026-01-11,P001,S05,Loyal Regular,Mobile App,40,12547.45,500000.0,0.0,500000.0,,0.0,287.0,False,1,12547.45,40
T000085421,2026-01-11,P002,S05,Budget Shopper,Physical Store,95,179.17,17100.0,78.85,17021.15,,0.0,3452.6,False,0,0.0,95
T000085422,2026-01-11,P003,S05,Budget Shopper,Physical Store,44,1785.75,79200.0,627.0,78573.0,,0.0,474.3,False,8,14286.0,44
T000085423,2026-01-11,P004,S05,Budget Shopper,Physical Store,47,38272.91,1786000.0,0.0,1786000.0,,0.0,195.4,False,1,38272.91,47
T000085424,2026-01-11,P005,S05,Premium Buyer,Physical Store,83,5062.59,539500.0,119305.03,420194.97,End of Season Sale - Winter,21.0,263.7,False,3,15187.77,83
T000085425,2026-01-11,P001,S06,Value Seeker,Online,81,12473.9,1012500.0,2114.1,1010385.9,,0.0,293.7,False,6,74843.4,81
T000085426,2026-01-11,P002,S06,Premium Buyer,Physical Store,83,180.39,14940.0,0.0,14940.0,,0.0,5567.0,False,0,0.0,83
T000085427,2026-01-11,P003,S06,Occasional Shopper,Mobile App,26,1788.67,46800.0,294.58,46505.42,,0.0,1153.8,False,4,7154.68,26
T000085428,2026-01-11,P004,S06,Value Seeker,Online,28,37773.97,1064000.0,6328.84,1057671.16,,0.0,270.2,False,1,37773.97,28
T000085429,2026-01-11,P005,S06,Occasional Shopper,Mobile App,58,6556.37,377000.0,0.0,377000.0,,0.0,499.1,False,2,13112.74,58
T000085430,2026-01-11,P006,S06,Premium Buyer,Mobile App,113,658.76,73450.0,0.0,73450.0,,0.0,3169.0,False,1,658.76,113
T000085431,2026-01-11,P001,S07,Loyal Regular,Marketplace,56,12406.15,700000.0,5255.6,694744.4,,0.0,816.8,False,3,37218.45,56
T000085432,2026-01-11,P002,S07,Value Seeker,Online,78,181.1,14040.0,0.0,14040.0,,0.0,5391.7,False,0,0.0,78
T000085433,2026-01-11,P003,S07,Loyal Regular,Marketplace,28,1809.78,50400.0,0.0,50400.0,,0.0,2175.2,False,1,1809.78,28
T000085434,2026-01-11,P005,S07,Budget Shopper,Physical Store,50,5153.56,325000.0,67322.0,257678.0,End of Season Sale - Winter,22.12,969.9,False,1,5153.56,50
T000085435,2026-01-11,P006,S07,Occasional Shopper,Mobile App,19,651.03,12350.0,0.0,12350.0,,0.0,4049.9,False,2,1302.06,19
T000085436,2026-01-11,P001,S08,Loyal Regular,Physical Store,23,12518.64,287500.0,0.0,287500.0,,0.0,1641.0,False,1,12518.64,23
T000085437,2026-01-11,P002,S08,Value Seeker,Online,56,179.18,10080.0,45.92,10034.08,,0.0,5081.9,False,1,179.18,56
T000085438,2026-01-11,P003,S08,Loyal Regular,Online,61,1580.39,109800.0,13396.21,96403.79,End of Season Sale - Winter,12.92,487.6,False,13,20545.07,61
T000085439,2026-01-11,P004,S08,Occasional Shopper,Physical Store,1,38192.68,38000.0,0.0,38000.0,,0.0,420.0,False,0,0.0,1
T000085440,2026-01-11,P005,S08,Loyal Regular,Online,42,5055.44,273000.0,60671.52,212328.48,End of Season Sale - Winter,22.15,759.5,False,2,10110.88,42
T000085441,2026-01-11,P006,S08,Budget Shopper,Mobile App,57,645.75,37050.0,242.25,36807.75,,0.0,3876.1,False,1,645.75,57
T000085442,2026-01-12,P001,S01,Value Seeker,Physical Store,0,12413.06,0.0,0.0,0.0,,0.0,0.2,True,0,0.0,91
T000085443,2026-01-12,P002,S01,Value Seeker,Mobile App,68,181.86,12240.0,0.0,12240.0,,0.0,6220.8,False,4,727.44,68
T000085444,2026-01-12,P003,S01,Budget Shopper,Physical Store,191,1380.12,343800.0,80197.08,263602.92,End of Season Sale - Winter,22.21,191.1,True,41,56584.92,252
T000085445,2026-01-12,P004,S01,Occasional Shopper,Mobile App,30,38204.31,1140000.0,0.0,1140000.0,,0.0,84.0,False,0,0.0,30
T000085446,2026-01-12,P005,S01,Loyal Regular,Mobile App,0,5733.93,0.0,0.0,0.0,End of Season Sale - Winter,12.08,0.1,True,0,0.0,128
T000085447,2026-01-12,P006,S01,Loyal Regular,Online,321,642.37,208650.0,2449.23,206200.77,,0.0,2195.0,False,16,10277.92,321
T000085448,2026-01-12,P001,S02,Premium Buyer,Online,41,12598.16,512500.0,0.0,512500.0,,0.0,1053.8,False,2,25196.32,41
T000085449,2026-01-12,P002,S02,Occasional Shopper,Mobile App,56,182.19,10080.0,0.0,10080.0,,0.0,2398.1,False,0,0.0,56
T000085450,2026-01-12,P003,S02,Budget Shopper,Online,20,1533.19,36000.0,5336.2,30663.8,End of Season Sale - Winter,16.68,135.1,False,3,4599.57,20
T000085451,2026-01-12,P004,S02,Value Seeker,Online,9,37944.2,342000.0,502.2,341497.8,,0.0,75.6,False,0,0.0,9
T000085452,2026-01-12,P005,S02,Occasional Shopper,Physical Store,65,5572.03,422500.0,60318.05,362181.95,End of Season Sale - Winter,14.38,291.3,False,3,16716.09,65
T000085453,2026-01-12,P006,S02,Loyal Regular,Physical Store,139,640.85,90350.0,1271.85,89078.15,,0.0,5839.6,False,1,640.85,139
T000085454,2026-01-12,P001,S03,Value Seeker,Online,79,12455.88,987500.0,3485.48,984014.52,,0.0,1106.5,False,5,62279.4,79
T000085455,2026-01-12,P002,S03,Value Seeker,Mobile App,36,180.8,6480.0,0.0,6480.0,,0.0,5368.9,False,0,0.0,36
T000085456,2026-01-12,P003,S03,Loyal Regular,Online,42,1549.48,75600.0,10521.84,65078.16,End of Season Sale - Winter,14.26,553.4,False,6,9296.88,42
T000085457,2026-01-12,P004,S03,Value Seeker,Physical Store,26,36840.95,988000.0,30135.3,957864.7,,0.0,535.7,False,1,36840.95,26
T000085458,2026-01-12,P005,S03,Occasional Shopper,Online,48,5729.79,312000.0,36970.08,275029.92,End of Season Sale - Winter,10.05,309.8,False,1,5729.79,48
T000085459,2026-01-12,P006,S03,Budget Shopper,Physical Store,59,666.13,38350.0,0.0,38350.0,,0.0,4689.1,False,2,1332.26,59
T000085460,2026-01-12,P001,S04,Value Seeker,Physical Store,52,12628.24,650000.0,0.0,650000.0,,0.0,803.5,False,4,50512.96,52
T000085461,2026-01-12,P002,S04,Occasional Shopper,Physical Store,62,180.3,11160.0,0.0,11160.0,,0.0,5216.5,False,0,0.0,62
T000085462,2026-01-12,P003,S04,Budget Shopper,Marketplace,39,1807.16,70200.0,0.0,70200.0,,0.0,599.1,False,9,16264.44,39
T000085463,2026-01-12,P004,S04,Value Seeker,Physical Store,6,37674.77,228000.0,1951.38,226048.62,,0.0,90.6,False,0,0.0,6
T000085464,2026-01-12,P005,S04,Budget Shopper,Physical Store,103,5028.61,669500.0,151553.17,517946.83,End of Season Sale - Winter,23.0,1306.7,False,6,30171.66,103
T000085465,2026-01-12,P006,S04,Occasional Shopper,Physical Store,43,640.16,27950.0,423.12,27526.88,,0.0,2263.5,False,1,640.16,43
T000085466,2026-01-12,P001,S05,Value Seeker,Mobile App,27,12366.43,337500.0,3606.39,333893.61,,0.0,247.0,False,2,24732.86,27
T000085467,2026-01-12,P002,S05,Premium Buyer,Mobile App,69,181.38,12420.0,0.0,12420.0,,0.0,4276.3,False,1,181.38,69
T000085468,2026-01-12,P003,S05,Value Seeker,Physical Store,73,1791.43,131400.0,625.61,130774.39,,0.0,755.9,False,14,25080.02,73
T000085469,2026-01-12,P004,S05,Value Seeker,Mobile App,10,38611.73,380000.0,0.0,380000.0,,0.0,148.4,False,0,0.0,10
T000085470,2026-01-12,P005,S05,Premium Buyer,Physical Store,48,4992.16,312000.0,72376.32,239623.68,End of Season Sale - Winter,22.13,395.6,False,0,0.0,48
T000085471,2026-01-12,P006,S05,Budget Shopper,Online,102,646.9,66300.0,316.2,65983.8,,0.0,4532.6,False,5,3234.5,102
T000085472,2026-01-12,P001,S06,Premium Buyer,Physical Store,21,12339.97,262500.0,3360.63,259139.37,,0.0,212.7,False,1,12339.97,21
T000085473,2026-01-12,P002,S06,Budget Shopper,Physical Store,75,182.27,13500.0,0.0,13500.0,,0.0,5484.0,False,1,182.27,75
T000085474,2026-01-12,P003,S06,Value Seeker,Mobile App,19,1808.64,34200.0,0.0,34200.0,,0.0,1127.8,False,3,5425.92,19
T000085475,2026-01-12,P004,S06,Occasional Shopper,Online,2,38540.91,76000.0,0.0,76000.0,,0.0,242.2,False,0,0.0,2
T000085476,2026-01-12,P005,S06,Loyal Regular,Marketplace,69,6391.27,448500.0,7502.37,440997.63,,0.0,441.1,False,3,19173.81,69
T000085477,2026-01-12,P006,S06,Loyal Regular,Mobile App,45,650.36,29250.0,0.0,29250.0,,0.0,3056.0,False,0,0.0,45
T000085478,2026-01-12,P001,S07,Value Seeker,Physical Store,30,12450.78,375000.0,1476.6,373523.4,,0.0,760.8,False,3,37352.34,30
T000085479,2026-01-12,P002,S07,Value Seeker,Online,43,179.07,7740.0,39.99,7700.01,,0.0,5313.7,False,0,0.0,43
T000085480,2026-01-12,P003,S07,Value Seeker,Online,11,1817.7,19800.0,0.0,19800.0,,0.0,2147.2,False,1,1817.7,11
T000085481,2026-01-12,P004,S07,Loyal Regular,Mobile App,4,37757.19,152000.0,971.24,151028.76,,0.0,351.2,False,1,37757.19,4
T000085482,2026-01-12,P005,S07,Premium Buyer,Online,14,5626.73,91000.0,12225.78,78774.22,End of Season Sale - Winter,13.77,1323.4,False,1,5626.73,14
T000085483,2026-01-12,P006,S07,Budget Shopper,Mobile App,89,654.98,57850.0,0.0,57850.0,,0.0,4796.1,False,1,654.98,89
T000085484,2026-01-12,P001,S08,Budget Shopper,Physical Store,25,12662.03,312500.0,0.0,312500.0,,0.0,1946.4,False,1,12662.03,25
T000085485,2026-01-12,P002,S08,Loyal Regular,Physical Store,59,176.34,10620.0,215.94,10404.06,,0.0,6029.7,False,0,0.0,59
T000085486,2026-01-12,P003,S08,Budget Shopper,Physical Store,34,1456.74,61200.0,11670.84,49529.16,End of Season Sale - Winter,18.61,426.6,False,1,1456.74,34
T000085487,2026-01-12,P004,S08,Value Seeker,Mobile App,3,37781.79,114000.0,654.63,113345.37,,0.0,561.6,False,0,0.0,3
T000085488,2026-01-12,P005,S08,Occasional Shopper,Physical Store,21,4903.19,136500.0,33533.01,102966.99,End of Season Sale - Winter,24.42,717.5,False,2,9806.38,21
T000085489,2026-01-12,P006,S08,Premium Buyer,Physical Store,11,652.12,7150.0,0.0,7150.0,,0.0,4692.3,False,0,0.0,11
T000085490,2026-01-13,P001,S01,Value Seeker,Physical Store,0,12357.72,0.0,0.0,0.0,,0.0,0.2,True,0,0.0,121
T000085491,2026-01-13,P002,S01,Value Seeker,Marketplace,67,180.67,12060.0,0.0,12060.0,,0.0,7251.8,False,1,180.67,67
T000085492,2026-01-13,P003,S01,Loyal Regular,Online,0,1381.38,0.0,0.0,0.0,End of Season Sale - Winter,22.0,0.1,True,0,0.0,48
T000085493,2026-01-13,P004,S01,Loyal Regular,Online,19,37648.39,722000.0,6680.59,715319.41,,0.0,54.0,False,1,37648.39,19
T000085494,2026-01-13,P005,S01,Budget Shopper,Online,0,5557.16,0.0,0.0,0.0,End of Season Sale - Winter,14.47,0.1,True,0,0.0,125
T000085495,2026-01-13,P006,S01,Premium Buyer,Physical Store,212,658.89,137800.0,0.0,137800.0,,0.0,3125.8,False,9,5930.01,212
T000085496,2026-01-13,P001,S02,Loyal Regular,Physical Store,72,12536.89,900000.0,0.0,900000.0,,0.0,1012.8,False,1,12536.89,72
T000085497,2026-01-13,P002,S02,Premium Buyer,Physical Store,71,179.57,12780.0,30.53,12749.47,,0.0,3281.1,False,0,0.0,71
T000085498,2026-01-13,P003,S02,Value Seeker,Online,34,1598.54,61200.0,6849.64,54350.36,End of Season Sale - Winter,11.25,115.1,False,5,7992.7,34
T000085499,2026-01-13,P004,S02,Budget Shopper,Physical Store,17,38358.16,646000.0,0.0,646000.0,,0.0,66.6,False,1,38358.16,17
T000085500,2026-01-13,P005,S02,Loyal Regular,Online,147,5351.77,955500.0,168789.81,786710.19,End of Season Sale - Winter,18.03,226.3,False,4,21407.08,147
T000085501,2026-01-13,P006,S02,Value Seeker,Online,138,657.11,89700.0,0.0,89700.0,,0.0,7047.3,False,5,3285.55,138
T000085502,2026-01-13,P001,S03,Loyal Regular,Online,88,12630.21,1100000.0,0.0,1100000.0,,0.0,1027.5,False,7,88411.47,88
T000085503,2026-01-13,P003,S03,Loyal Regular,Physical Store,34,1568.76,61200.0,7862.16,53337.84,End of Season Sale - Winter,12.1,511.4,False,2,3137.52,34
T000085504,2026-01-13,P004,S03,Value Seeker,Online,24,38020.42,912000.0,0.0,912000.0,,0.0,509.7,False,0,0.0,24
T000085505,2026-01-13,P005,S03,Budget Shopper,Mobile App,63,5689.88,409500.0,51037.56,358462.44,End of Season Sale - Winter,13.03,261.8,False,2,11379.76,63
T000085506,2026-01-13,P006,S03,Budget Shopper,Mobile App,96,649.15,62400.0,81.6,62318.4,,0.0,5279.0,False,2,1298.3,96
T000085507,2026-01-13,P001,S04,Value Seeker,Online,51,12359.23,637500.0,7179.27,630320.73,,0.0,751.5,False,0,0.0,51
T000085508,2026-01-13,P002,S04,Occasional Shopper,Physical Store,119,180.15,21420.0,0.0,21420.0,,0.0,5724.2,False,1,180.15,119
T000085509,2026-01-13,P004,S04,Loyal Regular,Mobile App,15,38013.02,570000.0,0.0,570000.0,,0.0,84.6,False,0,0.0,15
T000085510,2026-01-13,P005,S04,Value Seeker,Online,50,5199.12,325000.0,65044.0,259956.0,End of Season Sale - Winter,20.19,1476.7,False,3,15597.36,50
T000085511,2026-01-13,P006,S04,Budget Shopper,Marketplace,64,657.97,41600.0,0.0,41600.0,,0.0,2665.4,False,0,0.0,64
T000085512,2026-01-13,P001,S05,Loyal Regular,Physical Store,46,12361.7,575000.0,6361.8,568638.2,,0.0,595.2,False,2,24723.4,46
T000085513,2026-01-13,P002,S05,Premium Buyer,Physical Store,39,176.77,7020.0,125.97,6894.03,,0.0,4207.3,False,0,0.0,39
T000085514,2026-01-13,P003,S05,Loyal Regular,Physical Store,39,1579.57,70200.0,8596.77,61603.23,Flash Discount,13.01,682.9,False,2,3159.14,39
T000085515,2026-01-13,P004,S05,Premium Buyer,Physical Store,10,38066.72,380000.0,0.0,380000.0,,0.0,138.4,False,0,0.0,10
T000085516,2026-01-13,P005,S05,Budget Shopper,Online,98,5211.43,637000.0,126279.86,510720.14,End of Season Sale - Winter,19.22,347.6,False,4,20845.72,98
T000085517,2026-01-13,P006,S05,Premium Buyer,Marketplace,66,643.5,42900.0,429.0,42471.0,,0.0,4430.6,False,1,643.5,66
T000085518,2026-01-13,P001,S06,Value Seeker,Online,13,12397.67,162500.0,1330.29,161169.71,,0.0,191.7,False,1,12397.67,13
T000085519,2026-01-13,P002,S06,Occasional Shopper,Mobile App,29,182.18,5220.0,0.0,5220.0,,0.0,6278.3,False,0,0.0,29
T000085520,2026-01-13,P003,S06,Occasional Shopper,Online,20,1793.66,36000.0,126.8,35873.2,,0.0,1108.8,False,3,5380.98,20
T000085521,2026-01-13,P004,S06,Premium Buyer,Marketplace,10,37897.36,380000.0,1026.4,378973.6,,0.0,240.2,False,1,37897.36,10
T000085522,2026-01-13,P005,S06,Budget Shopper,Physical Store,46,6399.92,299000.0,4603.68,294396.32,,0.0,372.1,False,3,19199.76,46
T000085523,2026-01-13,P006,S06,Budget Shopper,Physical Store,71,648.25,46150.0,124.25,46025.75,,0.0,4439.2,False,1,648.25,71
T000085524,2026-01-13,P001,S07,Loyal Regular,Mobile App,26,12529.6,325000.0,0.0,325000.0,,0.0,730.8,False,2,25059.2,26
T000085525,2026-01-13,P002,S07,Loyal Regular,Marketplace,30,182.16,5400.0,0.0,5400.0,,0.0,6342.8,False,0,0.0,30
T000085526,2026-01-13,P003,S07,Occasional Shopper,Online,14,1804.55,25200.0,0.0,25200.0,,0.0,2136.2,False,0,0.0,14
T000085527,2026-01-13,P004,S07,Loyal Regular,Physical Store,4,37602.78,152000.0,1588.88,150411.12,,0.0,347.2,False,0,0.0,4
T000085528,2026-01-13,P005,S07,Loyal Regular,Physical Store,27,5071.2,175500.0,38577.6,136922.4,End of Season Sale - Winter,20.53,1651.5,False,1,5071.2,27
T000085529,2026-01-13,P006,S07,Budget Shopper,Online,64,649.01,41600.0,63.36,41536.64,,0.0,4707.1,False,3,1947.03,64
T000085530,2026-01-13,P001,S08,Value Seeker,Online,18,12618.76,225000.0,0.0,225000.0,,0.0,2147.1,False,0,0.0,18
T000085531,2026-01-13,P002,S08,Loyal Regular,Physical Store,16,167.15,2880.0,205.6,2674.4,Flash Discount,6.1,5970.7,False,0,0.0,16
T000085532,2026-01-13,P003,S08,Occasional Shopper,Physical Store,4,1407.61,7200.0,1569.56,5630.44,End of Season Sale - Winter,21.99,392.6,False,0,0.0,4
T000085533,2026-01-13,P004,S08,Occasional Shopper,Physical Store,3,37551.51,114000.0,1345.47,112654.53,,0.0,647.7,False,0,0.0,3
T000085534,2026-01-13,P005,S08,Budget Shopper,Online,32,5019.67,208000.0,47370.56,160629.44,End of Season Sale - Winter,24.46,696.5,False,2,10039.34,32
T000085535,2026-01-13,P006,S08,Occasional Shopper,Online,44,645.96,28600.0,177.76,28422.24,,0.0,4681.3,False,0,0.0,44
T000085536,2026-01-14,P001,S01,Value Seeker,Mobile App,0,12333.06,0.0,0.0,0.0,,0.0,0.2,True,0,0.0,93
T000085537,2026-01-14,P002,S01,Value Seeker,Mobile App,123,178.93,22140.0,131.61,22008.39,,0.0,8331.4,False,1,178.93,123
T000085538,2026-01-14,P003,S01,Premium Buyer,Online,54,1380.11,97200.0,22674.06,74525.94,End of Season Sale - Winter,22.57,305.6,False,7,9660.77,54
T000085539,2026-01-14,P004,S01,Loyal Regular,Mobile App,34,37565.19,1292000.0,14783.54,1277216.46,,0.0,35.0,True,3,112695.57,51
T000085540,2026-01-14,P005,S01,Loyal Regular,Online,0,5719.1,0.0,0.0,0.0,End of Season Sale - Winter,12.78,0.1,True,0,0.0,65
T000085541,2026-01-14,P006,S01,Budget Shopper,Marketplace,107,658.22,69550.0,0.0,69550.0,,0.0,3917.4,False,5,3291.1,107
T000085542,2026-01-14,P001,S02,Occasional Shopper,Physical Store,38,12425.53,475000.0,2829.86,472170.14,,0.0,940.8,False,0,0.0,38
T000085543,2026-01-14,P002,S02,Value Seeker,Mobile App,106,180.51,19080.0,0.0,19080.0,,0.0,3977.0,False,0,0.0,106
T000085544,2026-01-14,P003,S02,Occasional Shopper,Online,81,1432.98,145800.0,29728.62,116071.38,End of Season Sale - Winter,20.9,81.1,True,13,18628.74,119
T000085545,2026-01-14,P004,S02,Occasional Shopper,Mobile App,33,37768.55,1254000.0,7637.85,1246362.15,,0.0,49.6,False,2,75537.1,33
T000085546,2026-01-14,P005,S02,Loyal Regular,Online,297,5475.45,1930500.0,304291.35,1626208.65,End of Season Sale - Winter,15.6,505.0,False,8,43803.6,297
T000085547,2026-01-14,P006,S02,Premium Buyer,Online,199,639.37,129350.0,2115.37,127234.63,,0.0,7908.4,False,7,4475.59,199
T000085548,2026-01-14,P001,S03,Occasional Shopper,Physical Store,116,12313.5,1450000.0,21634.0,1428366.0,,0.0,939.5,False,2,24627.0,116
T000085549,2026-01-14,P002,S03,Budget Shopper,Online,79,178.72,14220.0,101.12,14118.88,,0.0,5332.9,False,2,357.44,79
T000085550,2026-01-14,P003,S03,Occasional Shopper,Online,49,1530.69,88200.0,13196.19,75003.81,End of Season Sale - Winter,14.33,477.4,False,2,3061.38,49
T000085551,2026-01-14,P004,S03,Occasional Shopper,Physical Store,8,37989.06,304000.0,87.52,303912.48,,0.0,581.9,False,0,0.0,8
T000085552,2026-01-14,P005,S03,Value Seeker,Online,71,5174.0,461500.0,94146.0,367354.0,End of Season Sale - Winter,20.86,198.8,False,1,5174.0,71
T000085553,2026-01-14,P006,S03,Loyal Regular,Mobile App,47,664.79,30550.0,0.0,30550.0,,0.0,5183.0,False,1,664.79,47
T000085554,2026-01-14,P001,S04,Budget Shopper,Online,39,12236.71,487500.0,10268.31,477231.69,,0.0,700.5,False,4,48946.84,39
T000085555,2026-01-14,P002,S04,Loyal Regular,Physical Store,83,176.24,14940.0,312.08,14627.92,,0.0,6257.8,False,0,0.0,83
T000085556,2026-01-14,P003,S04,Value Seeker,Online,31,1816.09,55800.0,0.0,55800.0,,0.0,560.1,False,1,1816.09,31
T000085557,2026-01-14,P004,S04,Occasional Shopper,Mobile App,7,37444.92,266000.0,3885.56,262114.44,,0.0,186.5,False,0,0.0,7
T000085558,2026-01-14,P005,S04,Value Seeker,Online,67,5633.93,435500.0,58026.69,377473.31,End of Season Sale - Winter,14.26,1426.7,False,4,22535.72,67
T000085559,2026-01-14,P006,S04,Premium Buyer,Online,48,648.77,31200.0,59.04,31140.96,,0.0,3034.1,False,2,1297.54,48
T000085560,2026-01-14,P001,S05,Premium Buyer,Physical Store,24,12594.57,300000.0,0.0,300000.0,,0.0,549.2,False,3,37783.71,24
T000085561,2026-01-14,P002,S05,Premium Buyer,Physical Store,33,181.63,5940.0,0.0,5940.0,,0.0,4928.6,False,0,0.0,33
T000085562,2026-01-14,P003,S05,Loyal Regular,Mobile App,25,1800.76,45000.0,0.0,45000.0,,0.0,643.9,False,4,7203.04,25
T000085563,2026-01-14,P004,S05,Value Seeker,Physical Store,30,37489.34,1140000.0,15319.8,1124680.2,,0.0,128.4,False,0,0.0,30
T000085564,2026-01-14,P005,S05,Loyal Regular,Physical Store,84,5143.26,546000.0,113966.16,432033.84,End of Season Sale - Winter,20.84,249.6,False,3,15429.78,84
T000085565,2026-01-14,P006,S05,Budget Shopper,Online,63,638.38,40950.0,732.06,40217.94,,0.0,4970.1,False,1,638.38,63
T000085566,2026-01-14,P001,S06,Value Seeker,Physical Store,27,12476.36,337500.0,638.28,336861.72,,0.0,178.7,False,0,0.0,27
T000085567,2026-01-14,P002,S06,Premium Buyer,Mobile App,60,183.79,10800.0,0.0,10800.0,,0.0,7094.1,False,1,183.79,60
T000085568,2026-01-14,P003,S06,Value Seeker,Mobile App,40,1782.76,72000.0,689.6,71310.4,,0.0,1088.8,False,3,5348.28,40
T000085569,2026-01-14,P004,S06,Premium Buyer,Physical Store,10,37669.46,380000.0,3305.4,376694.6,,0.0,230.2,False,0,0.0,10
T000085570,2026-01-14,P005,S06,Budget Shopper,Physical Store,43,6352.55,279500.0,6340.35,273159.65,,0.0,326.1,False,3,19057.65,43
T000085571,2026-01-14,P006,S06,Loyal Regular,Physical Store,108,652.45,70200.0,0.0,70200.0,,0.0,5234.3,False,3,1957.35,108
T000085572,2026-01-14,P001,S07,Occasional Shopper,Online,28,12476.79,350000.0,649.88,349350.12,,0.0,704.8,False,2,24953.58,28
T000085573,2026-01-14,P002,S07,Budget Shopper,Physical Store,56,181.55,10080.0,0.0,10080.0,,0.0,7107.6,False,0,0.0,56
T000085574,2026-01-14,P003,S07,Value Seeker,Physical Store,19,1785.31,34200.0,279.11,33920.89,,0.0,2385.2,False,4,7141.24,19
T000085575,2026-01-14,P004,S07,Value Seeker,Physical Store,3,37483.03,114000.0,1550.91,112449.09,,0.0,343.2,False,0,0.0,3
T000085576,2026-01-14,P005,S07,Value Seeker,Physical Store,29,5481.73,188500.0,29529.83,158970.17,End of Season Sale - Winter,16.13,1624.5,False,0,0.0,29
T000085577,2026-01-14,P006,S07,Loyal Regular,Physical Store,29,647.37,18850.0,76.27,18773.73,,0.0,4643.1,False,0,0.0,29
T000085578,2026-01-14,P001,S08,Loyal Regular,Physical Store,19,12472.61,237500.0,520.41,236979.59,,0.0,2129.1,False,1,12472.61,19
T000085579,2026-01-14,P002,S08,Value Seeker,Marketplace,49,182.71,8820.0,0.0,8820.0,,0.0,5954.7,False,0,0.0,49
T000085580,2026-01-14,P003,S08,Loyal Regular,Online,21,1506.13,37800.0,6171.27,31628.73,End of Season Sale - Winter,16.97,388.6,False,2,3012.26,21
T000085581,2026-01-14,P004,S08,Loyal Regular,Physical Store,3,38322.72,114000.0,0.0,114000.0,,0.0,644.7,False,0,0.0,3
T000085582,2026-01-14,P005,S08,Loyal Regular,Marketplace,43,5247.99,279500.0,53836.43,225663.57,End of Season Sale - Winter,18.19,664.5,False,2,10495.98,43
T000085583,2026-01-14,P006,S08,Occasional Shopper,Physical Store,30,659.9,19500.0,0.0,19500.0,,0.0,4637.3,False,1,659.9,30
T000085584,2026-01-15,P001,S01,Budget Shopper,Physical Store,72,12467.7,900000.0,2325.6,897674.4,,0.0,286.0,False,0,0.0,72
T000085585,2026-01-15,P002,S01,Budget Shopper,Physical Store,88,177.37,15840.0,231.44,15608.56,,0.0,8208.4,False,0,0.0,88
T000085586,2026-01-15,P003,S01,Occasional Shopper,Online,183,1435.5,329400.0,66703.5,262696.5,End of Season Sale - Winter,20.92,542.5,False,25,35887.5,183
T000085587,2026-01-15,P005,S01,Budget Shopper,Physical Store,185,5141.6,1202500.0,251304.0,951196.0,End of Season Sale - Winter,21.47,359.2,False,15,77124.0,185
T000085588,2026-01-15,P006,S01,Loyal Regular,Physical Store,288,644.33,187200.0,1632.96,185567.04,,0.0,5080.6,False,10,6443.3,288
T000085589,2026-01-15,P001,S02,Budget Shopper,Physical Store,96,12342.32,1200000.0,15137.28,1184862.72,,0.0,1401.5,False,8,98738.56,96
T000085590,2026-01-15,P002,S02,Occasional Shopper,Marketplace,52,177.4,9360.0,135.2,9224.8,,0.0,4550.2,False,0,0.0,52
T000085591,2026-01-15,P003,S02,Loyal Regular,Mobile App,0,1400.48,0.0,0.0,0.0,End of Season Sale - Winter,20.92,0.1,True,0,0.0,53
T000085592,2026-01-15,P004,S02,Budget Shopper,Physical Store,8,38949.34,304000.0,0.0,304000.0,,0.0,16.6,False,0,0.0,8
T000085593,2026-01-15,P005,S02,Loyal Regular,Physical Store,180,5293.61,1170000.0,217150.2,952849.8,End of Season Sale - Winter,19.05,208.0,False,4,21174.44,180
T000085594,2026-01-15,P006,S02,Budget Shopper,Online,134,647.57,87100.0,325.62,86774.38,,0.0,7709.4,False,4,2590.28,134
T000085595,2026-01-15,P002,S03,Budget Shopper,Physical Store,147,182.0,26460.0,0.0,26460.0,,0.0,6492.7,False,0,0.0,147
T000085596,2026-01-15,P003,S03,Loyal Regular,Online,45,1542.12,81000.0,11604.6,69395.4,End of Season Sale - Winter,14.58,428.4,False,4,6168.48,45
T000085597,2026-01-15,P004,S03,Value Seeker,Online,12,38253.67,456000.0,0.0,456000.0,,0.0,710.5,False,1,38253.67,12
T000085598,2026-01-15,P005,S03,Budget Shopper,Mobile App,76,5698.49,494000.0,60914.76,433085.24,End of Season Sale - Winter,12.22,127.8,False,2,11396.98,76
T000085599,2026-01-15,P006,S03,Premium Buyer,Mobile App,45,642.19,29250.0,351.45,28898.55,,0.0,5728.2,False,1,642.19,45
T000085600,2026-01-15,P002,S04,Value Seeker,Online,93,180.24,16740.0,0.0,16740.0,,0.0,6174.8,False,1,180.24,93
T000085601,2026-01-15,P003,S04,Value Seeker,Physical Store,38,1801.27,68400.0,0.0,68400.0,,0.0,529.1,False,7,12608.89,38
T000085602,2026-01-15,P004,S04,Value Seeker,Marketplace,13,37351.06,494000.0,8436.22,485563.78,,0.0,179.5,False,0,0.0,13
T000085603,2026-01-15,P005,S04,Value Seeker,Online,56,5355.54,364000.0,64089.76,299910.24,End of Season Sale - Winter,17.4,1359.7,False,4,21422.16,56
T000085604,2026-01-15,P006,S04,Value Seeker,Marketplace,64,661.48,41600.0,0.0,41600.0,,0.0,2986.1,False,1,661.48,64
T000085605,2026-01-15,P001,S05,Premium Buyer,Physical Store,19,12370.47,237500.0,2461.07,235038.93,,0.0,525.2,False,1,12370.47,19
T000085606,2026-01-15,P002,S05,Value Seeker,Online,82,179.28,14760.0,59.04,14700.96,,0.0,4895.6,False,1,179.28,82
T000085607,2026-01-15,P003,S05,Value Seeker,Physical Store,35,1862.62,63000.0,0.0,63000.0,,0.0,618.9,False,2,3725.24,35
T000085608,2026-01-15,P005,S05,Occasional Shopper,Marketplace,107,5404.15,695500.0,117255.95,578244.05,End of Season Sale - Winter,16.42,165.6,False,2,10808.3,107
T000085609,2026-01-15,P006,S05,Budget Shopper,Online,177,649.37,115050.0,111.51,114938.49,,0.0,4907.1,False,4,2597.48,177
T000085610,2026-01-15,P001,S06,Value Seeker,Online,46,12555.22,575000.0,0.0,575000.0,,0.0,151.7,False,1,12555.22,46
T000085611,2026-01-15,P002,S06,Occasional Shopper,Physical Store,68,177.01,12240.0,203.32,12036.68,,0.0,7034.1,False,1,177.01,68
T000085612,2026-01-15,P003,S06,Occasional Shopper,Physical Store,37,1772.17,66600.0,1029.71,65570.29,,0.0,1048.8,False,7,12405.19,37
T000085613,2026-01-15,P004,S06,Budget Shopper,Online,6,38607.84,228000.0,0.0,228000.0,,0.0,220.2,False,0,0.0,6
T000085614,2026-01-15,P005,S06,Value Seeker,Physical Store,71,6466.3,461500.0,2392.7,459107.3,,0.0,283.1,False,5,32331.5,71
T000085615,2026-01-15,P006,S06,Value Seeker,Marketplace,41,645.55,26650.0,182.45,26467.55,,0.0,6569.6,False,1,645.55,41
T000085616,2026-01-15,P001,S07,Occasional Shopper,Physical Store,18,12403.09,225000.0,1744.38,223255.62,,0.0,676.8,False,0,0.0,18
T000085617,2026-01-15,P002,S07,Budget Shopper,Physical Store,48,178.18,8640.0,87.36,8552.64,,0.0,7711.2,False,0,0.0,48
T000085618,2026-01-15,P003,S07,Budget Shopper,Mobile App,16,1819.71,28800.0,0.0,28800.0,,0.0,2645.2,False,1,1819.71,16
T000085619,2026-01-15,P004,S07,Premium Buyer,Online,9,38289.39,342000.0,0.0,342000.0,,0.0,340.2,False,0,0.0,9
T000085620,2026-01-15,P005,S07,Premium Buyer,Physical Store,29,5737.89,188500.0,22101.19,166398.81,End of Season Sale - Winter,10.75,1595.5,False,0,0.0,29
T000085621,2026-01-15,P006,S07,Value Seeker,Marketplace,68,645.09,44200.0,333.88,43866.12,,0.0,5385.7,False,5,3225.45,68
T000085622,2026-01-15,P001,S08,Budget Shopper,Marketplace,35,12358.03,437500.0,4968.95,432531.05,,0.0,2110.1,False,0,0.0,35
T000085623,2026-01-15,P002,S08,Budget Shopper,Online,50,178.72,9000.0,64.0,8936.0,,0.0,7001.8,False,0,0.0,50
T000085624,2026-01-15,P003,S08,Budget Shopper,Online,16,1529.72,28800.0,4324.48,24475.52,End of Season Sale - Winter,14.9,367.6,False,2,3059.44,16
T000085625,2026-01-15,P004,S08,Premium Buyer,Mobile App,4,38061.26,152000.0,0.0,152000.0,,0.0,641.7,False,0,0.0,4
T000085626,2026-01-15,P005,S08,Premium Buyer,Online,56,5391.77,364000.0,62060.88,301939.12,End of Season Sale - Winter,18.53,621.5,False,0,0.0,56
T000085627,2026-01-15,P006,S08,Budget Shopper,Mobile App,22,664.16,14300.0,0.0,14300.0,,0.0,5100.4,False,0,0.0,22
T000085628,2026-01-16,P001,S01,Occasional Shopper,Mobile App,63,12305.46,787500.0,12256.02,775243.98,,0.0,214.0,False,2,24610.92,63
T000085629,2026-01-16,P002,S01,Loyal Regular,Physical Store,92,178.85,16560.0,105.8,16454.2,,0.0,8120.4,False,1,178.85,92
T000085630,2026-01-16,P003,S01,Value Seeker,Physical Store,51,1821.91,91800.0,0.0,91800.0,,0.0,733.8,False,9,16397.19,51
T000085631,2026-01-16,P004,S01,Budget Shopper,Mobile App,0,37904.05,0.0,0.0,0.0,,0.0,1.0,True,0,0.0,30
T000085632,2026-01-16,P005,S01,Premium Buyer,Physical Store,84,6514.02,546000.0,0.0,546000.0,,0.0,174.2,False,2,13028.04,84
T000085633,2026-01-16,P001,S02,Value Seeker,Mobile App,140,12686.72,1750000.0,0.0,1750000.0,,0.0,1305.5,False,16,202987.52,140
T000085634,2026-01-16,P002,S02,Occasional Shopper,Online,137,180.75,24660.0,0.0,24660.0,,0.0,5320.9,False,1,180.75,137
T000085635,2026-01-16,P003,S02,Loyal Regular,Physical Store,0,1810.01,0.0,0.0,0.0,,0.0,0.1,True,0,0.0,43
T000085636,2026-01-16,P004,S02,Premium Buyer,Physical Store,3,37862.23,114000.0,413.31,113586.69,,0.0,8.6,False,0,0.0,3
T000085637,2026-01-16,P005,S02,Loyal Regular,Physical Store,17,6393.05,110500.0,1818.15,108681.85,,0.0,28.0,False,0,0.0,17
T000085638,2026-01-16,P006,S02,Budget Shopper,Physical Store,264,567.38,171600.0,21811.68,149788.32,Flash Discount,11.81,8551.1,False,10,5673.8,264
T000085639,2026-01-16,P001,S03,Occasional Shopper,Physical Store,30,12471.73,375000.0,848.1,374151.9,,0.0,823.5,False,3,37415.19,30
T000085640,2026-01-16,P002,S03,Loyal Regular,Online,135,182.48,24300.0,0.0,24300.0,,0.0,6345.7,False,0,0.0,135
T000085641,2026-01-16,P003,S03,Value Seeker,Physical Store,20,1791.63,36000.0,167.4,35832.6,,0.0,383.4,False,2,3583.26,20
T000085642,2026-01-16,P004,S03,Premium Buyer,Physical Store,10,37273.09,380000.0,7269.1,372730.9,,0.0,698.5,False,1,37273.09,10
T000085643,2026-01-16,P005,S03,Budget Shopper,Marketplace,51,6598.37,331500.0,0.0,331500.0,,0.0,51.8,True,1,6598.37,72
T000085644,2026-01-16,P006,S03,Budget Shopper,Mobile App,110,653.78,71500.0,0.0,71500.0,,0.0,5683.2,False,4,2615.12,110
T000085645,2026-01-16,P001,S04,Value Seeker,Physical Store,88,12494.11,1100000.0,518.32,1099481.68,,0.0,661.5,False,5,62470.55,88
T000085646,2026-01-16,P002,S04,Loyal Regular,Mobile App,112,177.47,20160.0,283.36,19876.64,,0.0,6081.8,False,0,0.0,112
T000085647,2026-01-16,P003,S04,Premium Buyer,Physical Store,34,1772.98,61200.0,918.68,60281.32,,0.0,491.1,False,2,3545.96,34
T000085648,2026-01-16,P004,S04,Premium Buyer,Physical Store,17,37718.75,646000.0,4781.25,641218.75,,0.0,166.5,False,1,37718.75,17
T000085649,2026-01-16,P005,S04,Loyal Regular,Physical Store,65,6542.55,422500.0,0.0,422500.0,,0.0,1303.7,False,2,13085.1,65
T000085650,2026-01-16,P006,S04,Premium Buyer,Physical Store,67,651.71,43550.0,0.0,43550.0,,0.0,2922.1,False,4,2606.84,67
T000085651,2026-01-16,P001,S05,Loyal Regular,Marketplace,73,12536.4,912500.0,0.0,912500.0,,0.0,506.2,False,3,37609.2,73
T000085652,2026-01-16,P002,S05,Premium Buyer,Online,68,182.16,12240.0,0.0,12240.0,,0.0,4813.6,False,0,0.0,68
T000085653,2026-01-16,P003,S05,Budget Shopper,Physical Store,37,1814.95,66600.0,0.0,66600.0,,0.0,862.0,False,6,10889.7,37
T000085654,2026-01-16,P004,S05,Value Seeker,Physical Store,3,38527.8,114000.0,0.0,114000.0,,0.0,195.6,False,0,0.0,3
T000085655,2026-01-16,P005,S05,Budget Shopper,Physical Store,58,6562.72,377000.0,0.0,377000.0,,0.0,58.6,True,0,0.0,82
T000085656,2026-01-16,P006,S05,Budget Shopper,Marketplace,60,649.73,39000.0,16.2,38983.8,,0.0,4730.1,False,2,1299.46,60
T000085657,2026-01-16,P001,S06,Value Seeker,Physical Store,41,12569.87,512500.0,0.0,512500.0,,0.0,105.7,False,3,37709.61,41
T000085658,2026-01-16,P002,S06,Budget Shopper,Mobile App,65,181.21,11700.0,0.0,11700.0,,0.0,8254.4,False,1,181.21,65
T000085659,2026-01-16,P003,S06,Occasional Shopper,Online,16,1819.93,28800.0,0.0,28800.0,,0.0,1011.8,False,3,5459.79,16
T000085660,2026-01-16,P004,S06,Occasional Shopper,Mobile App,16,35656.82,608000.0,37490.88,570509.12,Flash Discount,5.74,214.2,False,2,71313.64,16
T000085661,2026-01-16,P005,S06,Premium Buyer,Online,22,6436.05,143000.0,1406.9,141593.1,,0.0,212.1,False,0,0.0,22
T000085662,2026-01-16,P006,S06,Premium Buyer,Physical Store,136,661.98,88400.0,0.0,88400.0,,0.0,7970.6,False,5,3309.9,136
T000085663,2026-01-16,P001,S07,Value Seeker,Mobile App,51,12583.97,637500.0,0.0,637500.0,,0.0,658.8,False,1,12583.97,51
T000085664,2026-01-16,P002,S07,Loyal Regular,Online,36,177.84,6480.0,77.76,6402.24,,0.0,8488.2,False,0,0.0,36
T000085665,2026-01-16,P003,S07,Budget Shopper,Marketplace,30,1769.72,54000.0,908.4,53091.6,,0.0,3059.2,False,5,8848.6,30
T000085666,2026-01-16,P004,S07,Value Seeker,Marketplace,6,37862.55,228000.0,824.7,227175.3,,0.0,460.6,False,0,0.0,6
T000085667,2026-01-16,P005,S07,Value Seeker,Online,17,6534.18,110500.0,0.0,110500.0,,0.0,1566.5,False,2,13068.36,17
T000085668,2026-01-16,P006,S07,Loyal Regular,Physical Store,29,643.71,18850.0,182.41,18667.59,,0.0,6261.4,False,0,0.0,29
T000085669,2026-01-16,P001,S08,Premium Buyer,Physical Store,27,12591.23,337500.0,0.0,337500.0,,0.0,2430.8,False,1,12591.23,27
T000085670,2026-01-16,P002,S08,Value Seeker,Physical Store,55,180.21,9900.0,0.0,9900.0,,0.0,7924.4,False,1,180.21,55
T000085671,2026-01-16,P003,S08,Budget Shopper,Online,12,1785.3,21600.0,176.4,21423.6,,0.0,634.6,False,0,0.0,12
T000085672,2026-01-16,P004,S08,Premium Buyer,Physical Store,4,37661.69,152000.0,1353.24,150646.76,,0.0,637.7,False,1,37661.69,4
T000085673,2026-01-16,P005,S08,Value Seeker,Physical Store,44,6526.1,286000.0,0.0,286000.0,,0.0,565.5,False,1,6526.1,44
T000085674,2026-01-16,P006,S08,Value Seeker,Online,43,643.69,27950.0,271.33,27678.67,,0.0,5890.7,False,2,1287.38,43
T000085675,2026-01-17,P001,S01,Value Seeker,Mobile App,140,12798.98,1750000.0,0.0,1750000.0,,0.0,474.2,False,9,115190.82,140
T000085676,2026-01-17,P002,S01,Loyal Regular,Mobile App,102,180.72,18360.0,0.0,18360.0,,0.0,9175.9,False,2,361.44,102
T000085677,2026-01-17,P003,S01,Budget Shopper,Physical Store,80,1811.46,144000.0,0.0,144000.0,,0.0,991.4,False,6,10868.76,80
T000085678,2026-01-17,P004,S01,Budget Shopper,Physical Store,0,38139.54,0.0,0.0,0.0,,0.0,1.0,True,0,0.0,39
T000085679,2026-01-17,P005,S01,Budget Shopper,Physical Store,142,6541.03,923000.0,0.0,923000.0,,0.0,311.3,False,3,19623.09,142
T000085680,2026-01-17,P006,S01,Budget Shopper,Physical Store,185,649.2,120250.0,148.0,120102.0,,0.0,5617.6,False,6,3895.2,185
T000085681,2026-01-17,P001,S02,Premium Buyer,Physical Store,101,12573.0,1262500.0,0.0,1262500.0,,0.0,1165.5,False,5,62865.0,101
T000085682,2026-01-17,P002,S02,Loyal Regular,Marketplace,169,179.53,30420.0,79.43,30340.57,,0.0,5183.9,False,0,0.0,169
T000085683,2026-01-17,P003,S02,Premium Buyer,Mobile App,0,1799.02,0.0,0.0,0.0,,0.0,0.1,True,0,0.0,87
T000085684,2026-01-17,P004,S02,Premium Buyer,Physical Store,5,38072.93,190000.0,0.0,190000.0,,0.0,5.6,True,0,0.0,31
T000085685,2026-01-17,P005,S02,Value Seeker,Mobile App,11,6547.94,71500.0,0.0,71500.0,,0.0,11.0,True,0,0.0,69
T000085686,2026-01-17,P006,S02,Value Seeker,Marketplace,126,644.89,81900.0,643.86,81256.14,,0.0,8287.1,False,6,3869.34,126
T000085687,2026-01-17,P001,S03,Premium Buyer,Mobile App,110,12215.05,1375000.0,31344.5,1343655.5,,0.0,1195.6,False,7,85505.35,110
T000085688,2026-01-17,P002,S03,Premium Buyer,Mobile App,112,180.52,20160.0,0.0,20160.0,,0.0,6210.7,False,0,0.0,112
T000085689,2026-01-17,P003,S03,Value Seeker,Mobile App,29,1814.43,52200.0,0.0,52200.0,,0.0,363.4,False,3,5443.29,29
T000085690,2026-01-17,P004,S03,Value Seeker,Online,3,37804.47,114000.0,586.59,113413.41,,0.0,688.5,False,0,0.0,3
T000085691,2026-01-17,P005,S03,Premium Buyer,Physical Store,0,6437.78,0.0,0.0,0.0,,0.0,0.8,True,0,0.0,115
T000085692,2026-01-17,P006,S03,Loyal Regular,Physical Store,48,651.82,31200.0,0.0,31200.0,,0.0,5573.2,False,1,651.82,48
T000085693,2026-01-17,P001,S04,Premium Buyer,Online,65,12308.68,812500.0,12435.8,800064.2,,0.0,573.5,False,0,0.0,65
T000085694,2026-01-17,P002,S04,Budget Shopper,Physical Store,189,180.95,34020.0,0.0,34020.0,,0.0,5969.8,False,2,361.9,189
T000085695,2026-01-17,P003,S04,Loyal Regular,Marketplace,46,1831.91,82800.0,0.0,82800.0,,0.0,783.9,False,6,10991.46,46
T000085696,2026-01-17,P004,S04,Budget Shopper,Physical Store,22,37636.22,836000.0,8003.16,827996.84,,0.0,149.5,False,1,37636.22,22
T000085697,2026-01-17,P005,S04,Value Seeker,Mobile App,55,6462.25,357500.0,2076.25,355423.75,,0.0,1507.5,False,3,19386.75,55
T000085698,2026-01-17,P006,S04,Budget Shopper,Physical Store,166,650.61,107900.0,0.0,107900.0,,0.0,3440.8,False,8,5204.88,166
T000085699,2026-01-17,P001,S05,Value Seeker,Mobile App,92,12450.78,1150000.0,4528.24,1145471.76,,0.0,710.8,False,6,74704.68,92
T000085700,2026-01-17,P002,S05,Loyal Regular,Physical Store,49,177.72,8820.0,111.72,8708.28,,0.0,5471.1,False,0,0.0,49
T000085701,2026-01-17,P003,S05,Budget Shopper,Physical Store,52,1765.41,93600.0,1798.68,91801.32,,0.0,825.0,False,7,12357.87,52
T000085702,2026-01-17,P004,S05,Budget Shopper,Online,16,37936.8,608000.0,1011.2,606988.8,,0.0,192.6,False,1,37936.8,16
T000085703,2026-01-17,P005,S05,Budget Shopper,Physical Store,0,6595.51,0.0,0.0,0.0,,0.0,0.6,True,0,0.0,73
T000085704,2026-01-17,P006,S05,Loyal Regular,Physical Store,79,659.36,51350.0,0.0,51350.0,,0.0,5322.0,False,6,3956.16,79
T000085705,2026-01-17,P001,S06,Value Seeker,Physical Store,19,12567.92,237500.0,0.0,237500.0,,0.0,64.7,False,1,12567.92,19
T000085706,2026-01-17,P002,S06,Value Seeker,Online,72,176.22,12960.0,272.16,12687.84,,0.0,8189.4,False,0,0.0,72
T000085707,2026-01-17,P003,S06,Loyal Regular,Online,39,1760.81,70200.0,1528.41,68671.59,,0.0,1350.0,False,5,8804.05,39
T000085708,2026-01-17,P004,S06,Occasional Shopper,Physical Store,29,38157.04,1102000.0,0.0,1102000.0,,0.0,198.2,False,1,38157.04,29
T000085709,2026-01-17,P005,S06,Value Seeker,Marketplace,38,6444.18,247000.0,2121.16,244878.84,,0.0,190.1,False,2,12888.36,38
T000085710,2026-01-17,P006,S06,Budget Shopper,Physical Store,193,647.34,125450.0,513.38,124936.62,,0.0,7834.6,False,13,8415.42,193
T000085711,2026-01-17,P001,S07,Value Seeker,Physical Store,54,12538.31,675000.0,0.0,675000.0,,0.0,607.8,False,3,37614.93,54
T000085712,2026-01-17,P002,S07,Premium Buyer,Physical Store,61,181.8,10980.0,0.0,10980.0,,0.0,8452.2,False,0,0.0,61
T000085713,2026-01-17,P003,S07,Value Seeker,Physical Store,57,1673.57,102600.0,7206.51,95393.49,Flash Discount,6.42,3520.9,False,10,16735.7,57
T000085714,2026-01-17,P004,S07,Loyal Regular,Online,8,38261.77,304000.0,0.0,304000.0,,0.0,454.6,False,0,0.0,8
T000085715,2026-01-17,P005,S07,Value Seeker,Physical Store,110,6388.93,715000.0,12217.7,702782.3,,0.0,1549.5,False,2,12777.86,110
T000085716,2026-01-17,P006,S07,Loyal Regular,Online,89,651.2,57850.0,0.0,57850.0,,0.0,6232.4,False,2,1302.4,89
T000085717,2026-01-17,P001,S08,Budget Shopper,Physical Store,84,11168.71,1050000.0,111828.36,938171.64,Flash Discount,10.97,2585.8,False,5,55843.55,84
T000085718,2026-01-17,P003,S08,Value Seeker,Physical Store,36,1808.11,64800.0,0.0,64800.0,,0.0,838.5,False,6,10848.66,36
T000085719,2026-01-17,P004,S08,Occasional Shopper,Physical Store,9,37673.37,342000.0,2939.67,339060.33,,0.0,633.7,False,0,0.0,9
T000085720,2026-01-17,P005,S08,Budget Shopper,Online,26,6516.57,169000.0,0.0,169000.0,,0.0,521.5,False,0,0.0,26
T000085721,2026-01-17,P006,S08,Occasional Shopper,Online,37,645.23,24050.0,176.49,23873.51,,0.0,6597.2,False,1,645.23,37
T000085722,2026-01-18,P001,S01,Loyal Regular,Physical Store,252,12496.92,3150000.0,776.16,3149223.84,,0.0,591.1,False,11,137466.12,252
T000085723,2026-01-18,P002,S01,Value Seeker,Mobile App,155,179.31,27900.0,106.95,27793.05,,0.0,9073.9,False,1,179.31,155
T000085724,2026-01-18,P003,S01,Budget Shopper,Physical Store,185,1812.06,333000.0,0.0,333000.0,,0.0,911.4,False,37,67046.22,185
T000085725,2026-01-18,P004,S01,Loyal Regular,Mobile App,0,37714.85,0.0,0.0,0.0,,0.0,1.0,True,0,0.0,44
T000085726,2026-01-18,P005,S01,Loyal Regular,Online,127,6523.68,825500.0,0.0,825500.0,,0.0,169.3,False,8,52189.44,127
T000085727,2026-01-18,P006,S01,Loyal Regular,Online,314,647.98,204100.0,634.28,203465.72,,0.0,5432.6,False,9,5831.82,314
T000085728,2026-01-18,P001,S02,Loyal Regular,Physical Store,262,12563.73,3275000.0,0.0,3275000.0,,0.0,1064.5,False,8,100509.84,262
T000085729,2026-01-18,P002,S02,Loyal Regular,Mobile App,87,181.01,15660.0,0.0,15660.0,,0.0,5855.6,False,0,0.0,87
T000085730,2026-01-18,P003,S02,Occasional Shopper,Physical Store,0,1817.36,0.0,0.0,0.0,,0.0,0.1,True,0,0.0,61
T000085731,2026-01-18,P004,S02,Loyal Regular,Mobile App,0,38603.57,0.0,0.0,0.0,,0.0,0.6,True,0,0.0,32
T000085732,2026-01-18,P005,S02,Premium Buyer,Physical Store,0,6464.04,0.0,0.0,0.0,,0.0,0.0,True,0,0.0,206
T000085733,2026-01-18,P006,S02,Value Seeker,Physical Store,150,639.4,97500.0,1590.0,95910.0,,0.0,8161.1,False,5,3197.0,150
T000085734,2026-01-18,P001,S03,Value Seeker,Physical Store,85,12717.08,1062500.0,0.0,1062500.0,,0.0,1085.6,False,4,50868.32,85
T000085735,2026-01-18,P002,S03,Premium Buyer,Physical Store,91,181.22,16380.0,0.0,16380.0,,0.0,7062.3,False,0,0.0,91
T000085736,2026-01-18,P003,S03,Loyal Regular,Physical Store,60,1777.76,108000.0,1334.4,106665.6,,0.0,334.4,False,2,3555.52,60
T000085737,2026-01-18,P004,S03,Value Seeker,Physical Store,9,37980.83,342000.0,172.53,341827.47,,0.0,685.5,False,0,0.0,9
T000085738,2026-01-18,P005,S03,Budget Shopper,Physical Store,0,6449.95,0.0,0.0,0.0,,0.0,0.8,True,0,0.0,59
T000085739,2026-01-18,P006,S03,Loyal Regular,Marketplace,92,658.46,59800.0,0.0,59800.0,,0.0,5525.2,False,3,1975.38,92
T000085740,2026-01-18,P001,S04,Budget Shopper,Mobile App,59,12479.48,737500.0,1210.68,736289.32,,0.0,508.5,False,3,37438.44,59
T000085741,2026-01-18,P002,S04,Value Seeker,Online,198,181.94,35640.0,0.0,35640.0,,0.0,5780.8,False,2,363.88,198
T000085742,2026-01-18,P003,S04,Budget Shopper,Marketplace,31,1809.68,55800.0,0.0,55800.0,,0.0,737.9,False,6,10858.08,31
T000085743,2026-01-18,P004,S04,Premium Buyer,Physical Store,20,37733.33,760000.0,5333.4,754666.6,,0.0,127.5,False,2,75466.66,20
T000085744,2026-01-18,P005,S04,Budget Shopper,Physical Store,83,6505.67,539500.0,0.0,539500.0,,0.0,1452.5,False,6,39034.02,83
T000085745,2026-01-18,P006,S04,Value Seeker,Online,70,659.99,45500.0,0.0,45500.0,,0.0,3274.8,False,0,0.0,70
T000085746,2026-01-18,P001,S05,Value Seeker,Physical Store,36,12583.93,450000.0,0.0,450000.0,,0.0,618.8,False,1,12583.93,36
T000085747,2026-01-18,P002,S05,Value Seeker,Online,194,178.13,34920.0,362.78,34557.22,,0.0,6269.5,False,1,178.13,194
T000085748,2026-01-18,P003,S05,Value Seeker,Online,55,1836.18,99000.0,0.0,99000.0,,0.0,1085.4,False,6,11017.08,55
T000085749,2026-01-18,P004,S05,Value Seeker,Marketplace,7,38120.42,266000.0,0.0,266000.0,,0.0,176.6,False,1,38120.42,7
T000085750,2026-01-18,P005,S05,Value Seeker,Mobile App,119,6405.96,773500.0,11190.76,762309.24,,0.0,315.5,False,5,32029.8,119
T000085751,2026-01-18,P006,S05,Loyal Regular,Physical Store,85,657.66,55250.0,0.0,55250.0,,0.0,6193.3,False,3,1972.98,85
T000085752,2026-01-18,P001,S06,Premium Buyer,Physical Store,35,12400.01,437500.0,3499.65,434000.35,,0.0,45.7,False,2,24800.02,35
T000085753,2026-01-18,P002,S06,Value Seeker,Physical Store,165,177.13,29700.0,473.55,29226.45,,0.0,8117.4,False,1,177.13,165
T000085754,2026-01-18,P003,S06,Loyal Regular,Physical Store,64,1793.45,115200.0,419.2,114780.8,,0.0,1311.0,False,11,19727.95,64
T000085755,2026-01-18,P004,S06,Value Seeker,Mobile App,9,37648.25,342000.0,3165.75,338834.25,,0.0,169.2,False,2,75296.5,9
T000085756,2026-01-18,P005,S06,Premium Buyer,Physical Store,92,6621.05,598000.0,0.0,598000.0,,0.0,421.0,False,3,19863.15,92
T000085757,2026-01-18,P006,S06,Loyal Regular,Physical Store,190,651.87,123500.0,0.0,123500.0,,0.0,8958.9,False,6,3911.22,190
T000085758,2026-01-18,P001,S07,Value Seeker,Physical Store,78,12493.1,975000.0,538.2,974461.8,,0.0,553.8,False,2,24986.2,78
T000085759,2026-01-18,P002,S07,Premium Buyer,Physical Store,77,178.95,13860.0,80.85,13779.15,,0.0,9462.7,False,0,0.0,77
T000085760,2026-01-18,P003,S07,Premium Buyer,Physical Store,49,1790.41,88200.0,469.91,87730.09,,0.0,3463.9,False,10,17904.1,49
T000085761,2026-01-18,P004,S07,Occasional Shopper,Physical Store,10,38729.01,380000.0,0.0,380000.0,,0.0,446.6,False,0,0.0,10
T000085762,2026-01-18,P005,S07,Value Seeker,Physical Store,43,6492.69,279500.0,314.33,279185.67,,0.0,1439.5,False,0,0.0,43
T000085763,2026-01-18,P006,S07,Value Seeker,Physical Store,74,657.64,48100.0,0.0,48100.0,,0.0,6964.9,False,4,2630.56,74
T000085764,2026-01-18,P001,S08,Premium Buyer,Mobile App,52,12323.72,650000.0,9166.56,640833.44,,0.0,2501.8,False,1,12323.72,52
T000085765,2026-01-18,P002,S08,Budget Shopper,Physical Store,103,179.38,18540.0,63.86,18476.14,,0.0,8759.6,False,0,0.0,103
T000085766,2026-01-18,P003,S08,Value Seeker,Online,32,1775.8,57600.0,774.4,56825.6,,0.0,1157.0,False,2,3551.6,32
T000085767,2026-01-18,P004,S08,Premium Buyer,Online,5,37569.89,190000.0,2150.55,187849.45,,0.0,624.7,False,0,0.0,5
T000085768,2026-01-18,P005,S08,Budget Shopper,Physical Store,44,6498.74,286000.0,55.44,285944.56,,0.0,495.5,False,5,32493.7,44
T000085769,2026-01-18,P006,S08,Value Seeker,Mobile App,40,667.92,26000.0,0.0,26000.0,,0.0,6560.2,False,0,0.0,40
T000085770,2026-01-19,P001,S01,Loyal Regular,Physical Store,87,12655.45,1087500.0,0.0,1087500.0,,0.0,339.1,False,6,75932.7,87
T000085771,2026-01-19,P002,S01,Loyal Regular,Online,82,178.17,14760.0,150.06,14609.94,,0.0,8918.9,False,0,0.0,82
T000085772,2026-01-19,P003,S01,Budget Shopper,Online,19,1815.27,34200.0,0.0,34200.0,,0.0,1065.0,False,4,7261.08,19
T000085773,2026-01-19,P004,S01,Budget Shopper,Physical Store,0,38318.67,0.0,0.0,0.0,,0.0,1.0,True,0,0.0,18
T000085774,2026-01-19,P005,S01,Loyal Regular,Physical Store,42,6447.84,273000.0,2190.72,270809.28,,0.0,42.3,True,4,25791.36,98
T000085775,2026-01-19,P006,S01,Value Seeker,Online,364,646.27,236600.0,1357.72,235242.28,,0.0,5118.6,False,9,5816.43,364
T000085776,2026-01-19,P001,S02,Loyal Regular,Physical Store,117,12582.04,1462500.0,0.0,1462500.0,,0.0,802.5,False,4,50328.16,117
T000085777,2026-01-19,P002,S02,Premium Buyer,Online,59,179.75,10620.0,14.75,10605.25,,0.0,5768.6,False,0,0.0,59
T000085778,2026-01-19,P003,S02,Loyal Regular,Mobile App,51,1810.85,91800.0,0.0,91800.0,,0.0,239.8,False,3,5432.55,51
T000085779,2026-01-19,P004,S02,Loyal Regular,Marketplace,0,37956.39,0.0,0.0,0.0,,0.0,0.6,True,0,0.0,18
T000085780,2026-01-19,P005,S02,Budget Shopper,Online,180,6548.64,1170000.0,0.0,1170000.0,,0.0,305.0,False,4,26194.56,180
T000085781,2026-01-19,P006,S02,Loyal Regular,Physical Store,157,648.05,102050.0,306.15,101743.85,,0.0,8011.1,False,6,3888.3,157
T000085782,2026-01-19,P001,S03,Value Seeker,Online,107,10803.16,1337500.0,181561.88,1155938.12,Flash Discount,13.99,1000.6,False,17,183653.72,107
T000085783,2026-01-19,P002,S03,Loyal Regular,Mobile App,51,179.03,9180.0,49.47,9130.53,,0.0,8019.4,False,1,179.03,51
T000085784,2026-01-19,P003,S03,Value Seeker,Mobile App,33,1791.3,59400.0,287.1,59112.9,,0.0,274.4,False,4,7165.2,33
T000085785,2026-01-19,P004,S03,Premium Buyer,Online,5,37822.55,190000.0,887.25,189112.75,,0.0,676.5,False,0,0.0,5
T000085786,2026-01-19,P005,S03,Occasional Shopper,Marketplace,0,6507.81,0.0,0.0,0.0,,0.0,0.8,True,0,0.0,30
T000085787,2026-01-19,P006,S03,Loyal Regular,Physical Store,71,645.47,46150.0,321.63,45828.37,,0.0,5433.2,False,3,1936.41,71
T000085788,2026-01-19,P001,S04,Loyal Regular,Online,78,12455.05,975000.0,3506.1,971493.9,,0.0,449.5,False,1,12455.05,78
T000085789,2026-01-19,P002,S04,Budget Shopper,Online,129,178.16,23220.0,237.36,22982.64,,0.0,5582.8,False,1,178.16,129
T000085790,2026-01-19,P003,S04,Value Seeker,Online,33,1784.18,59400.0,522.06,58877.94,,0.0,706.9,False,4,7136.72,33
T000085791,2026-01-19,P004,S04,Value Seeker,Marketplace,12,38042.82,456000.0,0.0,456000.0,,0.0,107.5,False,0,0.0,12
T000085792,2026-01-19,P005,S04,Loyal Regular,Physical Store,25,6449.42,162500.0,1264.5,161235.5,,0.0,1369.5,False,1,6449.42,25
T000085793,2026-01-19,P006,S04,Loyal Regular,Marketplace,22,643.67,14300.0,139.26,14160.74,,0.0,3204.8,False,0,0.0,22
T000085794,2026-01-19,P001,S05,Budget Shopper,Physical Store,51,12395.35,637500.0,5337.15,632162.85,,0.0,582.8,False,2,24790.7,51
T000085795,2026-01-19,P002,S05,Value Seeker,Mobile App,106,181.08,19080.0,0.0,19080.0,,0.0,7021.6,False,0,0.0,106
T000085796,2026-01-19,P003,S05,Premium Buyer,Online,34,1792.1,61200.0,268.6,60931.4,,0.0,1030.4,False,4,7168.4,34
T000085797,2026-01-19,P004,S05,Premium Buyer,Physical Store,16,37385.1,608000.0,9838.4,598161.6,,0.0,169.6,False,0,0.0,16
T000085798,2026-01-19,P005,S05,Value Seeker,Online,88,6479.29,572000.0,1822.48,570177.52,,0.0,196.5,False,7,45355.03,88
T000085799,2026-01-19,P006,S05,Budget Shopper,Physical Store,96,656.91,62400.0,0.0,62400.0,,0.0,6108.3,False,2,1313.82,96
T000085800,2026-01-19,P001,S06,Loyal Regular,Physical Store,22,12720.96,275000.0,0.0,275000.0,,0.0,245.5,False,1,12720.96,22
T000085801,2026-01-19,P002,S06,Occasional Shopper,Marketplace,144,179.34,25920.0,95.04,25824.96,,0.0,9219.0,False,0,0.0,144
T000085802,2026-01-19,P003,S06,Value Seeker,Physical Store,45,1800.26,81000.0,0.0,81000.0,,0.0,1247.0,False,3,5400.78,45
T000085803,2026-01-19,P004,S06,Value Seeker,Online,6,38002.12,228000.0,0.0,228000.0,,0.0,160.2,False,0,0.0,6
T000085804,2026-01-19,P005,S06,Budget Shopper,Physical Store,42,6590.89,273000.0,0.0,273000.0,,0.0,329.0,False,6,39545.34,42
T000085805,2026-01-19,P006,S06,Value Seeker,Physical Store,100,644.41,65000.0,559.0,64441.0,,0.0,9869.3,False,3,1933.23,100
T000085806,2026-01-19,P001,S07,Budget Shopper,Physical Store,20,12503.83,250000.0,0.0,250000.0,,0.0,475.8,False,0,0.0,20
T000085807,2026-01-19,P002,S07,Occasional Shopper,Mobile App,101,178.29,18180.0,172.71,18007.29,,0.0,9385.7,False,0,0.0,101
T000085808,2026-01-19,P003,S07,Occasional Shopper,Mobile App,42,1780.39,75600.0,823.62,74776.38,,0.0,3414.9,False,2,3560.78,42
T000085809,2026-01-19,P004,S07,Budget Shopper,Mobile App,8,37320.48,304000.0,5436.16,298563.84,,0.0,436.6,False,0,0.0,8
T000085810,2026-01-19,P005,S07,Loyal Regular,Physical Store,41,6383.53,266500.0,4775.27,261724.73,,0.0,1396.5,False,3,19150.59,41
T000085811,2026-01-19,P006,S07,Budget Shopper,Online,54,646.77,35100.0,174.42,34925.58,,0.0,7794.7,False,0,0.0,54
T000085812,2026-01-19,P002,S08,Value Seeker,Mobile App,46,176.77,8280.0,148.58,8131.42,,0.0,9484.6,False,0,0.0,46
T000085813,2026-01-19,P003,S08,Premium Buyer,Marketplace,31,1811.37,55800.0,0.0,55800.0,,0.0,1125.0,False,1,1811.37,31
T000085814,2026-01-19,P004,S08,Premium Buyer,Physical Store,10,38134.18,380000.0,0.0,380000.0,,0.0,712.8,False,0,0.0,10
T000085815,2026-01-19,P005,S08,Value Seeker,Physical Store,23,6574.81,149500.0,0.0,149500.0,,0.0,869.5,False,0,0.0,23
T000085816,2026-01-19,P006,S08,Premium Buyer,Online,24,649.09,15600.0,21.84,15578.16,,0.0,7074.2,False,2,1298.18,24
T000085817,2026-01-20,P001,S01,Loyal Regular,Online,227,10161.6,2837500.0,530816.8,2306683.2,Republic Day Sale,19.74,252.1,False,15,152424.0,227
T000085818,2026-01-20,P002,S01,Value Seeker,Online,110,181.45,19800.0,0.0,19800.0,,0.0,9949.4,False,1,181.45,110
T000085819,2026-01-20,P003,S01,Value Seeker,Mobile App,175,1615.26,315000.0,32329.5,282670.5,Republic Day Sale,10.76,1046.0,False,12,19383.12,175
T000085820,2026-01-20,P004,S01,Budget Shopper,Marketplace,0,37093.87,0.0,0.0,0.0,,0.0,1.0,True,0,0.0,57
T000085821,2026-01-20,P005,S01,Value Seeker,Mobile App,0,6525.18,0.0,0.0,0.0,,0.0,0.3,True,0,0.0,116
T000085822,2026-01-20,P006,S01,Loyal Regular,Physical Store,252,660.35,163800.0,0.0,163800.0,,0.0,5565.3,False,11,7263.85,252
T000085823,2026-01-20,P001,S02,Occasional Shopper,Physical Store,62,12380.05,775000.0,7436.9,767563.1,,0.0,685.5,False,2,24760.1,62
T000085824,2026-01-20,P002,S02,Premium Buyer,Online,104,181.57,18720.0,0.0,18720.0,,0.0,5709.6,False,1,181.57,104
T000085825,2026-01-20,P003,S02,Value Seeker,Online,47,1542.12,84600.0,12120.36,72479.64,Republic Day Sale,14.81,188.8,False,3,4626.36,47
T000085826,2026-01-20,P005,S02,Occasional Shopper,Online,47,6585.78,305500.0,0.0,305500.0,,0.0,398.9,False,3,19757.34,47
T000085827,2026-01-20,P006,S02,Budget Shopper,Physical Store,189,658.56,122850.0,0.0,122850.0,,0.0,8839.3,False,8,5268.48,189
T000085828,2026-01-20,P001,S03,Premium Buyer,Physical Store,85,11153.18,1062500.0,114479.7,948020.3,Republic Day Sale,11.01,893.6,False,1,11153.18,85
T000085829,2026-01-20,P002,S03,Budget Shopper,Physical Store,69,179.85,12420.0,10.35,12409.65,,0.0,7968.4,False,0,0.0,69
T000085830,2026-01-20,P003,S03,Premium Buyer,Physical Store,39,1504.37,70200.0,11529.57,58670.43,Republic Day Sale,18.08,241.4,False,2,3008.74,39
T000085831,2026-01-20,P004,S03,Loyal Regular,Physical Store,11,33377.01,418000.0,50852.89,367147.11,Republic Day Sale,12.03,778.8,False,0,0.0,11
T000085832,2026-01-20,P005,S03,Loyal Regular,Physical Store,0,6441.75,0.0,0.0,0.0,,0.0,0.8,True,0,0.0,48
T000085833,2026-01-20,P006,S03,Premium Buyer,Marketplace,92,649.91,59800.0,8.28,59791.72,,0.0,5362.2,False,2,1299.82,92
T000085834,2026-01-20,P001,S04,Loyal Regular,Physical Store,74,9654.77,925000.0,210547.02,714452.98,Republic Day Sale,23.67,666.0,False,3,28964.31,74
T000085835,2026-01-20,P002,S04,Premium Buyer,Marketplace,118,180.17,21240.0,0.0,21240.0,,0.0,5453.8,False,0,0.0,118
T000085836,2026-01-20,P003,S04,Premium Buyer,Marketplace,71,1798.47,127800.0,108.63,127691.37,,0.0,673.9,False,19,34170.93,71
T000085837,2026-01-20,P004,S04,Occasional Shopper,Physical Store,11,29358.69,418000.0,95054.41,322945.59,Republic Day Sale,22.88,190.3,False,0,0.0,11
T000085838,2026-01-20,P005,S04,Loyal Regular,Physical Store,46,6543.48,299000.0,0.0,299000.0,,0.0,1740.0,False,2,13086.96,46
T000085839,2026-01-20,P006,S04,Budget Shopper,Online,39,644.99,25350.0,195.39,25154.61,,0.0,3182.8,False,4,2579.96,39
T000085840,2026-01-20,P001,S05,Value Seeker,Online,135,10639.51,1687500.0,251166.15,1436333.85,Republic Day Sale,15.92,531.8,False,4,42558.04,135
T000085841,2026-01-20,P002,S05,Loyal Regular,Marketplace,63,177.94,11340.0,129.78,11210.22,,0.0,6915.6,False,0,0.0,63
T000085842,2026-01-20,P003,S05,Occasional Shopper,Physical Store,62,1791.63,111600.0,518.94,111081.06,,0.0,996.4,False,11,19707.93,62
T000085843,2026-01-20,P004,S05,Premium Buyer,Mobile App,9,32933.57,342000.0,45597.87,296402.13,Republic Day Sale,13.8,153.6,False,0,0.0,9
T000085844,2026-01-20,P005,S05,Value Seeker,Physical Store,24,6575.14,156000.0,0.0,156000.0,,0.0,108.5,False,1,6575.14,24
T000085845,2026-01-20,P006,S05,Loyal Regular,Mobile App,125,650.83,81250.0,0.0,81250.0,,0.0,6877.3,False,5,3254.15,125
T000085846,2026-01-20,P001,S06,Budget Shopper,Physical Store,54,12835.15,675000.0,0.0,675000.0,,0.0,444.1,False,1,12835.15,54
T000085847,2026-01-20,P002,S06,Budget Shopper,Physical Store,62,178.69,11160.0,81.22,11078.78,,0.0,9075.0,False,1,178.69,62
T000085848,2026-01-20,P003,S06,Budget Shopper,Physical Store,51,1834.15,91800.0,0.0,91800.0,,0.0,1607.9,False,3,5502.45,51
T000085849,2026-01-20,P004,S06,Occasional Shopper,Mobile App,4,32634.54,152000.0,21461.84,130538.16,Republic Day Sale,14.61,154.2,False,0,0.0,4
T000085850,2026-01-20,P005,S06,Loyal Regular,Physical Store,185,6451.92,1202500.0,8894.8,1193605.2,,0.0,287.0,False,4,25807.68,185
T000085851,2026-01-20,P006,S06,Budget Shopper,Physical Store,141,637.61,91650.0,1746.99,89903.01,,0.0,10869.1,False,1,637.61,141
T000085852,2026-01-20,P001,S07,Premium Buyer,Physical Store,17,12522.38,212500.0,0.0,212500.0,,0.0,455.8,False,0,0.0,17
T000085853,2026-01-20,P002,S07,Occasional Shopper,Marketplace,45,177.55,8100.0,110.25,7989.75,,0.0,10047.6,False,0,0.0,45
T000085854,2026-01-20,P003,S07,Budget Shopper,Marketplace,40,1776.22,72000.0,951.2,71048.8,,0.0,3864.0,False,4,7104.88,40
T000085855,2026-01-20,P004,S07,Occasional Shopper,Physical Store,8,31057.72,304000.0,55538.24,248461.76,Republic Day Sale,18.51,428.6,False,1,31057.72,8
T000085856,2026-01-20,P005,S07,Value Seeker,Online,48,6493.83,312000.0,296.16,311703.84,,0.0,1355.5,False,0,0.0,48
T000085857,2026-01-20,P001,S08,Loyal Regular,Physical Store,62,9560.79,775000.0,182231.02,592768.98,Republic Day Sale,22.26,2687.8,False,4,38243.16,62
T000085858,2026-01-20,P002,S08,Premium Buyer,Physical Store,85,156.07,15300.0,2034.05,13265.95,Flash Discount,13.61,9438.6,False,3,468.21,85
T000085859,2026-01-20,P003,S08,Value Seeker,Online,16,1498.09,28800.0,4830.56,23969.44,Republic Day Sale,18.58,1367.4,False,2,2996.18,16
T000085860,2026-01-20,P004,S08,Value Seeker,Online,3,33412.24,114000.0,13763.28,100236.72,Republic Day Sale,11.93,828.6,False,0,0.0,3
T000085861,2026-01-20,P005,S08,Budget Shopper,Physical Store,15,6386.73,97500.0,1699.05,95800.95,,0.0,846.5,False,2,12773.46,15
T000085862,2026-01-20,P006,S08,Budget Shopper,Physical Store,35,650.56,22750.0,0.0,22750.0,,0.0,7050.2,False,0,0.0,35
T000085863,2026-01-21,P001,S01,Value Seeker,Physical Store,294,10013.18,3675000.0,731125.08,2943874.92,Republic Day Sale,18.26,294.4,True,21,210276.78,799
T000085864,2026-01-21,P002,S01,Loyal Regular,Marketplace,83,180.59,14940.0,0.0,14940.0,,0.0,10723.0,False,2,361.18,83
T000085865,2026-01-21,P003,S01,Loyal Regular,Mobile App,68,1557.17,122400.0,16512.44,105887.56,Republic Day Sale,15.16,871.0,False,7,10900.19,68
T000085866,2026-01-21,P004,S01,Budget Shopper,Marketplace,0,38024.67,0.0,0.0,0.0,,0.0,1.0,True,0,0.0,30
T000085867,2026-01-21,P005,S01,Loyal Regular,Physical Store,163,6365.2,1059500.0,21972.4,1037527.6,,0.0,218.6,False,6,38191.2,163
T000085868,2026-01-21,P006,S01,Value Seeker,Physical Store,94,653.86,61100.0,0.0,61100.0,,0.0,6613.3,False,5,3269.3,94
T000085869,2026-01-21,P001,S02,Occasional Shopper,Online,57,12518.24,712500.0,0.0,712500.0,,0.0,623.5,False,2,25036.48,57
T000085870,2026-01-21,P002,S02,Occasional Shopper,Physical Store,181,180.79,32580.0,0.0,32580.0,,0.0,6374.3,False,2,361.58,181
T000085871,2026-01-21,P003,S02,Budget Shopper,Physical Store,48,1565.37,86400.0,11262.24,75137.76,Republic Day Sale,15.14,141.8,False,4,6261.48,48
T000085872,2026-01-21,P004,S02,Loyal Regular,Online,19,38013.35,722000.0,0.0,722000.0,,0.0,99.9,False,1,38013.35,19
T000085873,2026-01-21,P005,S02,Premium Buyer,Marketplace,121,6524.38,786500.0,0.0,786500.0,,0.0,351.9,False,6,39146.28,121
T000085874,2026-01-21,P001,S03,Loyal Regular,Physical Store,50,10313.69,625000.0,109315.5,515684.5,Republic Day Sale,18.94,808.6,False,1,10313.69,50
T000085875,2026-01-21,P002,S03,Occasional Shopper,Physical Store,41,179.35,7380.0,26.65,7353.35,,0.0,9029.2,False,0,0.0,41
T000085876,2026-01-21,P003,S03,Budget Shopper,Online,29,1517.82,52200.0,8183.22,44016.78,Republic Day Sale,15.87,202.4,False,3,4553.46,29
T000085877,2026-01-21,P004,S03,Value Seeker,Physical Store,9,33509.5,342000.0,40414.5,301585.5,Republic Day Sale,13.03,767.8,False,0,0.0,9
T000085878,2026-01-21,P005,S03,Value Seeker,Physical Store,0,6427.76,0.0,0.0,0.0,,0.0,0.8,True,0,0.0,40
T000085879,2026-01-21,P006,S03,Premium Buyer,Mobile App,67,638.51,43550.0,769.83,42780.17,,0.0,5270.2,False,0,0.0,67
T000085880,2026-01-21,P001,S04,Occasional Shopper,Online,126,10615.33,1575000.0,237468.42,1337531.58,Republic Day Sale,16.33,887.6,False,6,63691.98,126
T000085881,2026-01-21,P002,S04,Occasional Shopper,Mobile App,88,182.49,15840.0,0.0,15840.0,,0.0,6301.6,False,0,0.0,88
T000085882,2026-01-21,P003,S04,Occasional Shopper,Marketplace,17,1797.21,30600.0,47.43,30552.57,,0.0,602.9,False,4,7188.84,17
T000085883,2026-01-21,P004,S04,Value Seeker,Mobile App,29,30469.87,1102000.0,218373.77,883626.23,Republic Day Sale,19.81,179.3,False,1,30469.87,29
T000085884,2026-01-21,P005,S04,Value Seeker,Physical Store,39,6445.7,253500.0,2117.7,251382.3,,0.0,1694.0,False,1,6445.7,39
T000085885,2026-01-21,P006,S04,Premium Buyer,Physical Store,58,645.4,37700.0,266.8,37433.2,,0.0,3143.8,False,3,1936.2,58
T000085886,2026-01-21,P001,S05,Value Seeker,Physical Store,55,9317.64,687500.0,175029.8,512470.2,Republic Day Sale,24.55,396.8,False,4,37270.56,55
T000085887,2026-01-21,P002,S05,Occasional Shopper,Mobile App,51,180.51,9180.0,0.0,9180.0,,0.0,6852.6,False,1,180.51,51
T000085888,2026-01-21,P003,S05,Loyal Regular,Physical Store,25,1842.02,45000.0,0.0,45000.0,,0.0,1179.5,False,3,5526.06,25
T000085889,2026-01-21,P004,S05,Budget Shopper,Online,33,28970.52,1254000.0,297972.84,956027.16,Republic Day Sale,21.93,144.6,False,0,0.0,33
T000085890,2026-01-21,P005,S05,Loyal Regular,Marketplace,62,6489.28,403000.0,664.64,402335.36,,0.0,408.3,False,1,6489.28,62
T000085891,2026-01-21,P006,S05,Loyal Regular,Online,46,652.71,29900.0,0.0,29900.0,,0.0,6752.3,False,1,652.71,46
T000085892,2026-01-21,P001,S06,Loyal Regular,Online,53,12534.87,662500.0,0.0,662500.0,,0.0,715.4,False,1,12534.87,53
T000085893,2026-01-21,P002,S06,Value Seeker,Mobile App,116,181.62,20880.0,0.0,20880.0,,0.0,10312.3,False,0,0.0,116
T000085894,2026-01-21,P003,S06,Occasional Shopper,Physical Store,53,1804.15,95400.0,0.0,95400.0,,0.0,1556.9,False,5,9020.75,53
T000085895,2026-01-21,P004,S06,Budget Shopper,Marketplace,8,32326.44,304000.0,45388.48,258611.52,Republic Day Sale,14.37,150.2,False,0,0.0,8
T000085896,2026-01-21,P005,S06,Value Seeker,Online,50,6436.8,325000.0,3160.0,321840.0,,0.0,438.7,False,2,12873.6,50
T000085897,2026-01-21,P006,S06,Loyal Regular,Physical Store,46,641.61,29900.0,385.94,29514.06,,0.0,11737.0,False,0,0.0,46
T000085898,2026-01-21,P001,S07,Budget Shopper,Physical Store,40,12592.3,500000.0,0.0,500000.0,,0.0,849.3,False,2,25184.6,40
T000085899,2026-01-21,P002,S07,Occasional Shopper,Online,41,180.56,7380.0,0.0,7380.0,,0.0,10940.1,False,0,0.0,41
T000085900,2026-01-21,P003,S07,Premium Buyer,Marketplace,11,1802.64,19800.0,0.0,19800.0,,0.0,3824.0,False,3,5407.92,11
T000085901,2026-01-21,P004,S07,Budget Shopper,Online,1,32919.15,38000.0,5080.85,32919.15,Republic Day Sale,12.79,486.8,False,0,0.0,1
T000085902,2026-01-21,P005,S07,Value Seeker,Physical Store,52,6425.08,338000.0,3895.84,334104.16,,0.0,1307.5,False,1,6425.08,52
T000085903,2026-01-21,P006,S07,Loyal Regular,Physical Store,43,650.15,27950.0,0.0,27950.0,,0.0,7740.7,False,1,650.15,43
T000085904,2026-01-21,P001,S08,Occasional Shopper,Online,36,10402.35,450000.0,75515.4,374484.6,Republic Day Sale,15.88,2912.1,False,2,20804.7,36
T000085905,2026-01-21,P002,S08,Occasional Shopper,Marketplace,48,179.74,8640.0,12.48,8627.52,,0.0,10171.4,False,0,0.0,48
T000085906,2026-01-21,P003,S08,Premium Buyer,Physical Store,25,1398.65,45000.0,10033.75,34966.25,Republic Day Sale,22.81,1351.4,False,5,6993.25,25
T000085907,2026-01-21,P004,S08,Value Seeker,Physical Store,3,32307.05,114000.0,17078.85,96921.15,Republic Day Sale,17.31,825.6,False,0,0.0,3
T000085908,2026-01-21,P005,S08,Loyal Regular,Physical Store,11,6500.28,71500.0,0.0,71500.0,,0.0,831.5,False,0,0.0,11
T000085909,2026-01-21,P006,S08,Budget Shopper,Online,22,644.09,14300.0,130.02,14169.98,,0.0,7015.2,False,1,644.09,22
T000085910,2026-01-22,P001,S01,Budget Shopper,Physical Store,81,10149.72,1012500.0,190372.68,822127.32,Republic Day Sale,17.79,191.1,False,8,81197.76,81
T000085911,2026-01-22,P002,S01,Budget Shopper,Online,107,178.31,19260.0,180.83,19079.17,,0.0,11612.4,False,0,0.0,107
T000085912,2026-01-22,P003,S01,Budget Shopper,Physical Store,66,1392.78,118800.0,26876.52,91923.48,Republic Day Sale,22.19,1211.8,False,12,16713.36,66
T000085913,2026-01-22,P004,S01,Occasional Shopper,Physical Store,0,38520.76,0.0,0.0,0.0,,0.0,1.0,True,0,0.0,35
T000085914,2026-01-22,P005,S01,Loyal Regular,Physical Store,55,6478.54,357500.0,1180.3,356319.7,,0.0,55.6,True,2,12957.08,94
T000085915,2026-01-22,P006,S01,Value Seeker,Online,212,603.32,137800.0,9896.16,127903.84,Flash Discount,6.99,7252.5,False,2,1206.64,212
T000085916,2026-01-22,P001,S02,Premium Buyer,Physical Store,39,12505.24,487500.0,0.0,487500.0,,0.0,976.7,False,2,25010.48,39
T000085917,2026-01-22,P002,S02,Value Seeker,Physical Store,98,182.97,17640.0,0.0,17640.0,,0.0,6193.3,False,0,0.0,98
T000085918,2026-01-22,P003,S02,Value Seeker,Physical Store,54,1482.21,97200.0,17160.66,80039.34,Republic Day Sale,17.35,93.8,False,2,2964.42,54
T000085919,2026-01-22,P004,S02,Premium Buyer,Mobile App,23,38701.08,874000.0,0.0,874000.0,,0.0,80.9,False,0,0.0,23
T000085920,2026-01-22,P006,S02,Loyal Regular,Marketplace,322,646.55,209300.0,1110.9,208189.1,,0.0,9728.2,False,5,3232.75,322
T000085921,2026-01-22,P001,S03,Value Seeker,Physical Store,104,9465.62,1300000.0,315575.52,984424.48,Republic Day Sale,24.17,1179.3,False,1,9465.62,104
T000085922,2026-01-22,P003,S03,Loyal Regular,Physical Store,57,1539.22,102600.0,14864.46,87735.54,Republic Day Sale,13.81,481.5,False,7,10774.54,57
T000085923,2026-01-22,P004,S03,Premium Buyer,Online,14,31015.81,532000.0,97778.66,434221.34,Republic Day Sale,17.25,758.8,False,1,31015.81,14
T000085924,2026-01-22,P005,S03,Occasional Shopper,Physical Store,50,6455.53,325000.0,2223.5,322776.5,,0.0,212.5,False,0,0.0,50
T000085925,2026-01-22,P006,S03,Budget Shopper,Physical Store,54,647.73,35100.0,122.58,34977.42,,0.0,5834.0,False,3,1943.19,54
T000085926,2026-01-22,P001,S04,Budget Shopper,Online,55,10895.37,687500.0,88254.65,599245.35,Republic Day Sale,14.44,761.6,False,0,0.0,55
T000085927,2026-01-22,P002,S04,Value Seeker,Mobile App,101,182.73,18180.0,0.0,18180.0,,0.0,7144.7,False,3,548.19,101
T000085928,2026-01-22,P003,S04,Value Seeker,Online,45,1805.08,81000.0,0.0,81000.0,,0.0,846.7,False,7,12635.56,45
T000085929,2026-01-22,P004,S04,Loyal Regular,Physical Store,22,30574.32,836000.0,163364.96,672635.04,Republic Day Sale,19.83,150.3,False,0,0.0,22
T000085930,2026-01-22,P005,S04,Loyal Regular,Online,45,6471.9,292500.0,1264.5,291235.5,,0.0,2046.7,False,3,19415.7,45
T000085931,2026-01-22,P006,S04,Loyal Regular,Mobile App,41,656.44,26650.0,0.0,26650.0,,0.0,3605.0,False,0,0.0,41
T000085932,2026-01-22,P001,S05,Premium Buyer,Physical Store,140,10253.73,1750000.0,314477.8,1435522.2,Republic Day Sale,18.79,681.5,False,4,41014.92,140
T000085933,2026-01-22,P002,S05,Budget Shopper,Online,68,180.5,12240.0,0.0,12240.0,,0.0,7501.0,False,1,180.5,68
T000085934,2026-01-22,P003,S05,Occasional Shopper,Online,33,1783.62,59400.0,540.54,58859.46,,0.0,1154.5,False,7,12485.34,33
T000085935,2026-01-22,P004,S05,Occasional Shopper,Online,10,31835.94,380000.0,61640.6,318359.4,Republic Day Sale,16.58,111.6,False,0,0.0,10
T000085936,2026-01-22,P005,S05,Budget Shopper,Physical Store,53,6546.98,344500.0,0.0,344500.0,,0.0,346.3,False,3,19640.94,53
T000085937,2026-01-22,P006,S05,Occasional Shopper,Physical Store,68,637.41,44200.0,856.12,43343.88,,0.0,7305.6,False,4,2549.64,68
T000085938,2026-01-22,P001,S06,Value Seeker,Mobile App,14,12455.08,175000.0,628.88,174371.12,,0.0,662.4,False,0,0.0,14
T000085939,2026-01-22,P002,S06,Value Seeker,Online,36,179.64,6480.0,12.96,6467.04,,0.0,11389.8,False,0,0.0,36
T000085940,2026-01-22,P003,S06,Value Seeker,Online,25,1806.6,45000.0,0.0,45000.0,,0.0,1503.9,False,3,5419.8,25
T000085941,2026-01-22,P004,S06,Premium Buyer,Online,9,31073.47,342000.0,62338.77,279661.23,Republic Day Sale,17.23,241.0,False,0,0.0,9
T000085942,2026-01-22,P005,S06,Occasional Shopper,Marketplace,50,6394.11,325000.0,5294.5,319705.5,,0.0,388.7,False,1,6394.11,50
T000085943,2026-01-22,P006,S06,Budget Shopper,Online,51,653.65,33150.0,0.0,33150.0,,0.0,12434.4,False,3,1960.95,51
T000085944,2026-01-22,P001,S07,Budget Shopper,Physical Store,42,12615.43,525000.0,0.0,525000.0,,0.0,1032.4,False,3,37846.29,42
T000085945,2026-01-22,P002,S07,Loyal Regular,Online,36,183.7,6480.0,0.0,6480.0,,0.0,11682.1,False,1,183.7,36
T000085946,2026-01-22,P003,S07,Loyal Regular,Mobile App,29,1801.95,52200.0,0.0,52200.0,,0.0,4113.9,False,0,0.0,29
T000085947,2026-01-22,P004,S07,Premium Buyer,Mobile App,11,33185.66,418000.0,52957.74,365042.26,Republic Day Sale,12.68,485.8,False,0,0.0,11
T000085948,2026-01-22,P005,S07,Premium Buyer,Online,50,6645.9,325000.0,0.0,325000.0,,0.0,1255.5,False,1,6645.9,50
T000085949,2026-01-22,P006,S07,Premium Buyer,Physical Store,35,649.3,22750.0,24.5,22725.5,,0.0,7697.7,False,1,649.3,35
T000085950,2026-01-22,P001,S08,Occasional Shopper,Physical Store,31,9915.9,387500.0,80107.1,307392.9,Republic Day Sale,20.8,2876.1,False,0,0.0,31
T000085951,2026-01-22,P002,S08,Value Seeker,Online,73,184.66,13140.0,0.0,13140.0,,0.0,10123.4,False,0,0.0,73
T000085952,2026-01-22,P003,S08,Budget Shopper,Physical Store,38,1456.5,68400.0,13053.0,55347.0,Republic Day Sale,18.41,1326.4,False,8,11652.0,38
T000085953,2026-01-22,P004,S08,Loyal Regular,Physical Store,4,32570.47,152000.0,21718.12,130281.88,Republic Day Sale,12.29,822.6,False,0,0.0,4
T000085954,2026-01-22,P005,S08,Occasional Shopper,Online,27,6541.35,175500.0,0.0,175500.0,,0.0,1110.4,False,2,13082.7,27
T000085955,2026-01-22,P006,S08,Budget Shopper,Physical Store,48,643.32,31200.0,320.64,30879.36,,0.0,6993.2,False,2,1286.64,48
T000085956,2026-01-23,P001,S01,Occasional Shopper,Online,194,10836.63,2425000.0,322693.78,2102306.22,Republic Day Sale,13.44,383.6,False,5,54183.15,194
T000085957,2026-01-23,P002,S01,Value Seeker,Mobile App,81,180.99,14580.0,0.0,14580.0,,0.0,12664.7,False,1,180.99,81
T000085958,2026-01-23,P003,S01,Loyal Regular,Mobile App,122,1486.09,219600.0,38297.02,181302.98,Republic Day Sale,17.5,1510.1,False,22,32693.98,122
T000085959,2026-01-23,P004,S01,Value Seeker,Physical Store,0,38561.62,0.0,0.0,0.0,,0.0,1.0,True,0,0.0,22
T000085960,2026-01-23,P005,S01,Premium Buyer,Physical Store,0,6435.83,0.0,0.0,0.0,,0.0,0.6,True,0,0.0,145
T000085961,2026-01-23,P006,S01,Value Seeker,Physical Store,126,651.86,81900.0,0.0,81900.0,,0.0,7809.1,False,4,2607.44,126
T000085962,2026-01-23,P001,S02,Budget Shopper,Online,132,12554.92,1650000.0,0.0,1650000.0,,0.0,937.7,False,4,50219.68,132
T000085963,2026-01-23,P002,S02,Value Seeker,Marketplace,273,180.94,49140.0,0.0,49140.0,,0.0,6570.2,False,0,0.0,273
T000085964,2026-01-23,P003,S02,Value Seeker,Mobile App,36,1361.33,64800.0,15792.12,49007.88,Republic Day Sale,24.95,39.8,False,7,9529.31,36
T000085965,2026-01-23,P004,S02,Value Seeker,Physical Store,10,38212.98,380000.0,0.0,380000.0,,0.0,57.9,False,0,0.0,10
T000085966,2026-01-23,P005,S02,Loyal Regular,Online,73,6520.13,474500.0,0.0,474500.0,,0.0,655.2,False,3,19560.39,73
T000085967,2026-01-23,P006,S02,Budget Shopper,Marketplace,183,643.63,118950.0,1165.71,117784.29,,0.0,10652.7,False,5,3218.15,183
T000085968,2026-01-23,P001,S03,Budget Shopper,Marketplace,74,10907.55,925000.0,117841.3,807158.7,Republic Day Sale,13.03,1075.3,False,7,76352.85,74
T000085969,2026-01-23,P002,S03,Budget Shopper,Online,57,177.41,10260.0,147.63,10112.37,,0.0,8988.2,False,0,0.0,57
T000085970,2026-01-23,P003,S03,Occasional Shopper,Online,31,1379.46,55800.0,13036.74,42763.26,Republic Day Sale,23.16,424.5,False,2,2758.92,31
T000085971,2026-01-23,P004,S03,Value Seeker,Online,9,33980.44,342000.0,36176.04,305823.96,Republic Day Sale,10.73,744.8,False,0,0.0,9
T000085972,2026-01-23,P005,S03,Value Seeker,Online,27,6351.97,175500.0,3996.81,171503.19,,0.0,547.5,False,1,6351.97,27
T000085973,2026-01-23,P006,S03,Value Seeker,Physical Store,62,658.9,40300.0,0.0,40300.0,,0.0,5780.0,False,1,658.9,62
T000085974,2026-01-23,P001,S04,Value Seeker,Physical Store,148,9889.02,1850000.0,386425.04,1463574.96,Republic Day Sale,19.86,706.6,False,11,108779.22,148
T000085975,2026-01-23,P002,S04,Loyal Regular,Online,104,178.57,18720.0,148.72,18571.28,,0.0,7043.7,False,0,0.0,104
T000085976,2026-01-23,P003,S04,Value Seeker,Physical Store,38,1807.32,68400.0,0.0,68400.0,,0.0,801.7,False,7,12651.24,38
T000085977,2026-01-23,P004,S04,Value Seeker,Marketplace,19,33040.89,722000.0,94223.09,627776.91,Republic Day Sale,13.46,128.3,False,2,66081.78,19
T000085978,2026-01-23,P005,S04,Value Seeker,Physical Store,49,6536.92,318500.0,0.0,318500.0,,0.0,2001.7,False,0,0.0,49
T000085979,2026-01-23,P006,S04,Budget Shopper,Mobile App,113,648.52,73450.0,167.24,73282.76,,0.0,3564.0,False,2,1297.04,113
T000085980,2026-01-23,P001,S05,Budget Shopper,Physical Store,55,9975.84,687500.0,138828.8,548671.2,Republic Day Sale,19.25,541.5,False,3,29927.52,55
T000085981,2026-01-23,P002,S05,Loyal Regular,Physical Store,24,180.31,4320.0,0.0,4320.0,,0.0,8348.3,False,0,0.0,24
T000085982,2026-01-23,P003,S05,Budget Shopper,Online,39,1792.35,70200.0,298.35,69901.65,,0.0,1121.5,False,9,16131.15,39
T000085983,2026-01-23,P004,S05,Budget Shopper,Online,27,33292.52,1026000.0,127101.96,898898.04,Republic Day Sale,11.7,101.6,False,0,0.0,27
T000085984,2026-01-23,P005,S05,Budget Shopper,Physical Store,67,6513.08,435500.0,0.0,435500.0,,0.0,293.3,False,0,0.0,67
T000085985,2026-01-23,P006,S05,Value Seeker,Online,106,652.75,68900.0,0.0,68900.0,,0.0,7237.6,False,6,3916.5,106
T000085986,2026-01-23,P001,S06,Value Seeker,Online,50,12616.48,625000.0,0.0,625000.0,,0.0,648.4,False,1,12616.48,50
T000085987,2026-01-23,P002,S06,Value Seeker,Physical Store,68,177.61,12240.0,162.52,12077.48,,0.0,11353.8,False,0,0.0,68
T000085988,2026-01-23,P003,S06,Premium Buyer,Physical Store,47,1801.57,84600.0,0.0,84600.0,,0.0,1478.9,False,4,7206.28,47
T000085989,2026-01-23,P004,S06,Budget Shopper,Physical Store,18,29056.34,684000.0,160985.88,523014.12,Republic Day Sale,23.46,232.0,False,0,0.0,18
T000085990,2026-01-23,P005,S06,Occasional Shopper,Mobile App,47,6535.57,305500.0,0.0,305500.0,,0.0,338.7,False,0,0.0,47
T000085991,2026-01-23,P006,S06,Value Seeker,Online,142,648.35,92300.0,234.3,92065.7,,0.0,13763.5,False,8,5186.8,142
T000085992,2026-01-23,P001,S07,Value Seeker,Physical Store,42,12210.64,525000.0,12153.12,512846.88,,0.0,990.4,False,8,97685.12,42
T000085993,2026-01-23,P002,S07,Loyal Regular,Mobile App,45,178.02,8100.0,89.1,8010.9,,0.0,12453.7,False,2,356.04,45
T000085994,2026-01-23,P003,S07,Budget Shopper,Marketplace,26,1790.93,46800.0,235.82,46564.18,,0.0,4084.9,False,6,10745.58,26
T000085995,2026-01-23,P004,S07,Occasional Shopper,Physical Store,15,28738.29,570000.0,138925.65,431074.35,Republic Day Sale,23.86,474.8,False,1,28738.29,15
T000085996,2026-01-23,P005,S07,Occasional Shopper,Online,49,6460.17,318500.0,1951.67,316548.33,,0.0,1205.5,False,5,32300.85,49
T000085997,2026-01-23,P006,S07,Budget Shopper,Physical Store,74,650.36,48100.0,0.0,48100.0,,0.0,7662.7,False,4,2601.44,74
T000085998,2026-01-23,P001,S08,Value Seeker,Online,92,10585.9,1150000.0,176097.2,973902.8,Republic Day Sale,15.45,2845.1,False,7,74101.3,92
T000085999,2026-01-23,P002,S08,Occasional Shopper,Physical Store,40,179.82,7200.0,7.2,7192.8,,0.0,10950.0,False,0,0.0,40
T000086000,2026-01-23,P003,S08,Loyal Regular,Physical Store,14,1561.66,25200.0,3336.76,21863.24,Republic Day Sale,13.38,1288.4,False,0,0.0,14
T000086001,2026-01-23,P004,S08,Value Seeker,Physical Store,4,31303.9,152000.0,26784.4,125215.6,Republic Day Sale,17.63,818.6,False,0,0.0,4
T000086002,2026-01-23,P005,S08,Loyal Regular,Physical Store,22,6489.75,143000.0,225.5,142774.5,,0.0,1083.4,False,2,12979.5,22
T000086003,2026-01-23,P006,S08,Value Seeker,Physical Store,22,640.58,14300.0,207.24,14092.76,,0.0,6945.2,False,0,0.0,22
T000086004,2026-01-24,P001,S01,Loyal Regular,Physical Store,189,10945.58,2362500.0,293785.38,2068714.62,Republic Day Sale,14.16,189.6,True,13,142292.54,242
T000086005,2026-01-24,P002,S01,Premium Buyer,Physical Store,144,180.63,25920.0,0.0,25920.0,,0.0,13383.9,False,1,180.63,144
T000086006,2026-01-24,P003,S01,Budget Shopper,Physical Store,186,1509.02,334800.0,54122.28,280677.72,Republic Day Sale,15.54,1388.1,False,25,37725.5,186
T000086007,2026-01-24,P004,S01,Value Seeker,Physical Store,0,38175.87,0.0,0.0,0.0,,0.0,1.0,True,0,0.0,55
T000086008,2026-01-24,P005,S01,Budget Shopper,Mobile App,0,6341.18,0.0,0.0,0.0,,0.0,0.6,True,0,0.0,45
T000086009,2026-01-24,P006,S01,Budget Shopper,Online,463,634.01,300950.0,7403.37,293546.63,,0.0,7683.1,False,9,5706.09,463
T000086010,2026-01-24,P001,S02,Budget Shopper,Online,56,12381.76,700000.0,6621.44,693378.56,,0.0,1219.8,False,4,49527.04,56
T000086011,2026-01-24,P002,S02,Value Seeker,Online,334,180.07,60120.0,0.0,60120.0,,0.0,6297.2,False,0,0.0,334
T000086012,2026-01-24,P003,S02,Budget Shopper,Marketplace,110,1525.06,198000.0,30243.4,167756.6,Republic Day Sale,14.61,411.3,False,12,18300.72,110
T000086013,2026-01-24,P004,S02,Budget Shopper,Marketplace,35,38482.2,1330000.0,0.0,1330000.0,,0.0,47.9,False,0,0.0,35
T000086014,2026-01-24,P005,S02,Premium Buyer,Online,122,6605.82,793000.0,0.0,793000.0,,0.0,1047.3,False,2,13211.64,122
T000086015,2026-01-24,P006,S02,Value Seeker,Physical Store,153,655.14,99450.0,0.0,99450.0,,0.0,10469.7,False,2,1310.28,153
T000086016,2026-01-24,P001,S03,Loyal Regular,Online,217,9938.37,2712500.0,555873.71,2156626.29,Republic Day Sale,20.33,1001.3,False,11,109322.07,217
T000086017,2026-01-24,P002,S03,Value Seeker,Physical Store,189,179.16,34020.0,158.76,33861.24,,0.0,10098.6,False,1,179.16,189
T000086018,2026-01-24,P003,S03,Loyal Regular,Online,41,1436.94,73800.0,14885.46,58914.54,Republic Day Sale,20.31,393.5,False,7,10058.58,41
T000086019,2026-01-24,P004,S03,Occasional Shopper,Online,11,34129.97,418000.0,42570.33,375429.67,Republic Day Sale,11.7,735.8,False,0,0.0,11
T000086020,2026-01-24,P005,S03,Budget Shopper,Physical Store,53,6413.07,344500.0,4607.29,339892.71,,0.0,520.5,False,4,25652.28,53
T000086021,2026-01-24,P006,S03,Loyal Regular,Physical Store,70,647.05,45500.0,206.5,45293.5,,0.0,5718.0,False,2,1294.1,70
T000086022,2026-01-24,P001,S04,Loyal Regular,Physical Store,157,10385.75,1962500.0,331937.25,1630562.75,Republic Day Sale,17.19,878.9,False,16,166172.0,157
T000086023,2026-01-24,P002,S04,Value Seeker,Physical Store,86,180.67,15480.0,0.0,15480.0,,0.0,6939.7,False,0,0.0,86
T000086024,2026-01-24,P003,S04,Budget Shopper,Marketplace,40,1786.33,72000.0,546.8,71453.2,,0.0,763.7,False,3,5358.99,40
T000086025,2026-01-24,P004,S04,Budget Shopper,Marketplace,38,32616.76,1444000.0,204563.12,1239436.88,Republic Day Sale,14.1,109.3,False,0,0.0,38
T000086026,2026-01-24,P005,S04,Value Seeker,Online,113,6512.89,734500.0,0.0,734500.0,,0.0,1952.7,False,6,39077.34,113
T000086027,2026-01-24,P006,S04,Value Seeker,Physical Store,100,646.16,65000.0,384.0,64616.0,,0.0,3451.0,False,1,646.16,100
T000086028,2026-01-24,P001,S05,Budget Shopper,Physical Store,143,10628.94,1787500.0,267561.58,1519938.42,Republic Day Sale,15.69,486.5,False,10,106289.4,143
T000086029,2026-01-24,P002,S05,Budget Shopper,Physical Store,52,179.94,9360.0,3.12,9356.88,,0.0,9043.4,False,0,0.0,52
T000086030,2026-01-24,P003,S05,Value Seeker,Online,36,1824.08,64800.0,0.0,64800.0,,0.0,1082.5,False,7,12768.56,36
T000086031,2026-01-24,P004,S05,Premium Buyer,Marketplace,18,29379.52,684000.0,155168.64,528831.36,Republic Day Sale,22.76,74.6,False,1,29379.52,18
T000086032,2026-01-24,P005,S05,Budget Shopper,Physical Store,118,6574.54,767000.0,0.0,767000.0,,0.0,545.3,False,6,39447.24,118
T000086033,2026-01-24,P006,S05,Budget Shopper,Online,366,647.73,237900.0,830.82,237069.18,,0.0,7131.6,False,15,9715.95,366
T000086034,2026-01-24,P001,S06,Loyal Regular,Physical Store,41,12572.66,512500.0,0.0,512500.0,,0.0,928.9,False,1,12572.66,41
T000086035,2026-01-24,P002,S06,Premium Buyer,Online,61,176.27,10980.0,227.53,10752.47,,0.0,11285.8,False,1,176.27,61
T000086036,2026-01-24,P003,S06,Loyal Regular,Online,106,1793.71,190800.0,666.74,190133.26,,0.0,1903.6,False,23,41255.33,106
T000086037,2026-01-24,P004,S06,Value Seeker,Marketplace,15,31475.08,570000.0,97873.8,472126.2,Republic Day Sale,16.43,214.0,False,0,0.0,15
T000086038,2026-01-24,P005,S06,Loyal Regular,Physical Store,42,6577.96,273000.0,0.0,273000.0,,0.0,611.2,False,2,13155.92,42
T000086039,2026-01-24,P006,S06,Occasional Shopper,Online,53,653.87,34450.0,0.0,34450.0,,0.0,14876.2,False,3,1961.61,53
T000086040,2026-01-24,P001,S07,Occasional Shopper,Physical Store,26,12550.79,325000.0,0.0,325000.0,,0.0,948.4,False,1,12550.79,26
T000086041,2026-01-24,P002,S07,Value Seeker,Mobile App,79,177.58,14220.0,191.18,14028.82,,0.0,13128.1,False,1,177.58,79
T000086042,2026-01-24,P003,S07,Value Seeker,Online,44,1806.94,79200.0,0.0,79200.0,,0.0,4058.9,False,6,10841.64,44
T000086043,2026-01-24,P004,S07,Loyal Regular,Physical Store,23,31656.86,874000.0,145892.22,728107.78,Republic Day Sale,16.78,459.8,False,0,0.0,23
T000086044,2026-01-24,P005,S07,Value Seeker,Physical Store,56,6431.08,364000.0,3859.52,360140.48,,0.0,1156.5,False,2,12862.16,56
T000086045,2026-01-24,P006,S07,Value Seeker,Mobile App,48,652.64,31200.0,0.0,31200.0,,0.0,7588.7,False,3,1957.92,48
T000086046,2026-01-24,P001,S08,Loyal Regular,Online,32,9762.99,400000.0,87584.32,312415.68,Republic Day Sale,22.83,2753.1,False,1,9762.99,32
T000086047,2026-01-24,P002,S08,Budget Shopper,Online,109,179.61,19620.0,42.51,19577.49,,0.0,10910.0,False,0,0.0,109
T000086048,2026-01-24,P003,S08,Budget Shopper,Physical Store,13,1557.59,23400.0,3151.33,20248.67,Republic Day Sale,14.33,1274.4,False,2,3115.18,13
T000086049,2026-01-24,P004,S08,Value Seeker,Physical Store,5,29607.9,190000.0,41960.5,148039.5,Republic Day Sale,22.39,814.6,False,1,29607.9,5
T000086050,2026-01-24,P005,S08,Premium Buyer,Physical Store,13,6513.89,84500.0,0.0,84500.0,,0.0,1061.4,False,1,6513.89,13
T000086051,2026-01-24,P006,S08,Value Seeker,Mobile App,40,646.74,26000.0,130.4,25869.6,,0.0,7515.6,False,2,1293.48,40
T000086052,2026-01-25,P001,S01,Premium Buyer,Physical Store,0,10459.01,0.0,0.0,0.0,Republic Day Sale,17.66,0.6,True,0,0.0,186
T000086053,2026-01-25,P002,S01,Premium Buyer,Physical Store,82,154.36,14760.0,2102.48,12657.52,Flash Discount,13.96,14183.9,False,2,308.72,82
T000086054,2026-01-25,P003,S01,Budget Shopper,Online,278,1403.57,500400.0,110207.54,390192.46,Republic Day Sale,22.33,1202.1,False,27,37896.39,278
T000086055,2026-01-25,P004,S01,Value Seeker,Physical Store,0,37942.93,0.0,0.0,0.0,,0.0,1.0,True,0,0.0,41
T000086056,2026-01-25,P005,S01,Value Seeker,Online,0,6506.63,0.0,0.0,0.0,,0.0,0.6,True,0,0.0,166
T000086057,2026-01-25,P006,S01,Budget Shopper,Online,84,653.63,54600.0,0.0,54600.0,,0.0,7220.1,False,6,3921.78,84
T000086058,2026-01-25,P001,S02,Loyal Regular,Physical Store,169,12525.36,2112500.0,0.0,2112500.0,,0.0,1163.8,False,15,187880.4,169
T000086059,2026-01-25,P003,S02,Budget Shopper,Online,172,1403.61,309600.0,68179.08,241420.92,Republic Day Sale,23.22,301.3,False,27,37897.47,172
T000086060,2026-01-25,P004,S02,Loyal Regular,Physical Store,12,35330.25,456000.0,32037.0,423963.0,Flash Discount,7.41,12.9,True,1,35330.25,36
T000086061,2026-01-25,P005,S02,Value Seeker,Physical Store,177,6450.23,1150500.0,8809.29,1141690.71,,0.0,925.3,False,8,51601.84,177
T000086062,2026-01-25,P006,S02,Budget Shopper,Physical Store,151,643.28,98150.0,1014.72,97135.28,,0.0,10316.7,False,3,1929.84,151
T000086063,2026-01-25,P001,S03,Budget Shopper,Online,399,10297.17,4987500.0,878929.17,4108570.83,Republic Day Sale,17.46,784.3,False,26,267726.42,399
T000086064,2026-01-25,P002,S03,Value Seeker,Online,69,179.78,12420.0,15.18,12404.82,,0.0,10892.3,False,0,0.0,69
T000086065,2026-01-25,P003,S03,Loyal Regular,Mobile App,44,1421.57,79200.0,16650.92,62549.08,Republic Day Sale,22.23,569.6,False,5,7107.85,44
T000086066,2026-01-25,P004,S03,Value Seeker,Physical Store,43,29981.04,1634000.0,344815.28,1289184.72,Republic Day Sale,22.09,887.9,False,1,29981.04,43
T000086067,2026-01-25,P005,S03,Occasional Shopper,Mobile App,78,6520.89,507000.0,0.0,507000.0,,0.0,467.5,False,1,6520.89,78
T000086068,2026-01-25,P001,S04,Occasional Shopper,Physical Store,135,9556.47,1687500.0,397376.55,1290123.45,Republic Day Sale,22.78,913.4,False,7,66895.29,135
T000086069,2026-01-25,P002,S04,Loyal Regular,Online,105,177.83,18900.0,227.85,18672.15,,0.0,7707.2,False,0,0.0,105
T000086070,2026-01-25,P003,S04,Premium Buyer,Physical Store,63,1806.65,113400.0,0.0,113400.0,,0.0,988.2,False,13,23486.45,63
T000086071,2026-01-25,P004,S04,Value Seeker,Online,23,33497.87,874000.0,103548.99,770451.01,Republic Day Sale,12.08,71.3,False,0,0.0,23
T000086072,2026-01-25,P005,S04,Budget Shopper,Online,79,6344.18,513500.0,12309.78,501190.22,,0.0,1839.7,False,4,25376.72,79
T000086073,2026-01-25,P006,S04,Occasional Shopper,Physical Store,80,664.7,52000.0,0.0,52000.0,,0.0,3351.0,False,1,664.7,80
T000086074,2026-01-25,P001,S05,Premium Buyer,Online,48,11101.33,600000.0,67136.16,532863.84,Republic Day Sale,11.97,343.5,False,2,22202.66,48
T000086075,2026-01-25,P002,S05,Premium Buyer,Marketplace,77,178.96,13860.0,80.08,13779.92,,0.0,9713.9,False,0,0.0,77
T000086076,2026-01-25,P003,S05,Budget Shopper,Online,61,1828.02,109800.0,0.0,109800.0,,0.0,1046.5,False,3,5484.06,61
T000086077,2026-01-25,P004,S05,Budget Shopper,Physical Store,5,33546.26,190000.0,22268.7,167731.3,Republic Day Sale,12.18,56.6,False,0,0.0,5
T000086078,2026-01-25,P005,S05,Loyal Regular,Mobile App,151,6515.91,981500.0,0.0,981500.0,,0.0,427.3,False,5,32579.55,151
T000086079,2026-01-25,P006,S05,Premium Buyer,Physical Store,100,653.7,65000.0,0.0,65000.0,,0.0,6765.6,False,5,3268.5,100
T000086080,2026-01-25,P001,S06,Value Seeker,Physical Store,19,12313.37,237500.0,3545.97,233954.03,,0.0,887.9,False,1,12313.37,19
T000086081,2026-01-25,P002,S06,Budget Shopper,Marketplace,76,181.49,13680.0,0.0,13680.0,,0.0,12101.0,False,3,544.47,76
T000086082,2026-01-25,P003,S06,Budget Shopper,Physical Store,34,1798.79,61200.0,41.14,61158.86,,0.0,1797.6,False,4,7195.16,34
T000086083,2026-01-25,P004,S06,Loyal Regular,Mobile App,27,31283.7,1026000.0,181340.1,844659.9,Republic Day Sale,17.48,290.5,False,2,62567.4,27
T000086084,2026-01-25,P005,S06,Budget Shopper,Physical Store,50,6480.71,325000.0,964.5,324035.5,,0.0,569.2,False,2,12961.42,50
T000086085,2026-01-25,P006,S06,Loyal Regular,Physical Store,149,655.54,96850.0,0.0,96850.0,,0.0,15681.6,False,3,1966.62,149
T000086086,2026-01-25,P001,S07,Budget Shopper,Physical Store,148,12237.8,1850000.0,38805.6,1811194.4,,0.0,922.4,False,8,97902.4,148
T000086087,2026-01-25,P002,S07,Value Seeker,Physical Store,121,178.55,21780.0,175.45,21604.55,,0.0,13049.1,False,1,178.55,121
T000086088,2026-01-25,P003,S07,Premium Buyer,Online,42,1826.49,75600.0,0.0,75600.0,,0.0,4398.3,False,4,7305.96,42
T000086089,2026-01-25,P004,S07,Value Seeker,Physical Store,12,30467.1,456000.0,90394.8,365605.2,Republic Day Sale,19.76,436.8,False,0,0.0,12
T000086090,2026-01-25,P005,S07,Value Seeker,Physical Store,29,6517.91,188500.0,0.0,188500.0,,0.0,1536.4,False,0,0.0,29
T000086091,2026-01-25,P006,S07,Value Seeker,Online,30,661.66,19500.0,0.0,19500.0,,0.0,8461.4,False,0,0.0,30
T000086092,2026-01-25,P001,S08,Occasional Shopper,Online,51,10134.59,637500.0,120635.91,516864.09,Republic Day Sale,19.68,2721.1,False,5,50672.95,51
T000086093,2026-01-25,P002,S08,Budget Shopper,Online,114,179.87,20520.0,14.82,20505.18,,0.0,11582.0,False,2,359.74,114
T000086094,2026-01-25,P003,S08,Value Seeker,Physical Store,36,1565.65,64800.0,8436.6,56363.4,Republic Day Sale,13.13,1542.8,False,2,3131.3,36
T000086095,2026-01-25,P004,S08,Premium Buyer,Mobile App,2,33044.03,76000.0,9911.94,66088.06,Republic Day Sale,13.15,809.6,False,0,0.0,2
T000086096,2026-01-25,P005,S08,Loyal Regular,Physical Store,37,6519.22,240500.0,0.0,240500.0,,0.0,1048.4,False,0,0.0,37
T000086097,2026-01-25,P006,S08,Budget Shopper,Physical Store,61,651.68,39650.0,0.0,39650.0,,0.0,8182.0,False,1,651.68,61
T000086098,2026-01-26,P001,S01,Loyal Regular,Marketplace,0,10979.24,0.0,0.0,0.0,Republic Day Sale,11.97,0.6,True,0,0.0,421
T000086099,2026-01-26,P002,S01,Value Seeker,Mobile App,86,183.17,15480.0,0.0,15480.0,,0.0,15175.6,False,0,0.0,86
T000086100,2026-01-26,P003,S01,Value Seeker,Physical Store,256,1437.24,460800.0,92866.56,367933.44,Republic Day Sale,19.66,924.1,False,19,27307.56,256
T000086101,2026-01-26,P004,S01,Premium Buyer,Marketplace,0,37404.39,0.0,0.0,0.0,,0.0,1.0,True,0,0.0,27
T000086102,2026-01-26,P005,S01,Occasional Shopper,Online,0,6516.07,0.0,0.0,0.0,,0.0,0.6,True,0,0.0,60
T000086103,2026-01-26,P006,S01,Premium Buyer,Physical Store,289,647.89,187850.0,609.79,187240.21,,0.0,7136.1,False,10,6478.9,289
T000086104,2026-01-26,P001,S02,Budget Shopper,Mobile App,97,12561.57,1212500.0,0.0,1212500.0,,0.0,994.8,False,4,50246.28,97
T000086105,2026-01-26,P002,S02,Budget Shopper,Online,200,180.65,36000.0,0.0,36000.0,,0.0,5963.2,False,0,0.0,200
T000086106,2026-01-26,P003,S02,Premium Buyer,Online,129,1397.08,232200.0,51976.68,180223.32,Republic Day Sale,21.84,129.3,True,19,26544.52,179
T000086107,2026-01-26,P004,S02,Budget Shopper,Physical Store,0,35348.11,0.0,0.0,0.0,Flash Discount,6.98,0.9,True,0,0.0,6
T000086108,2026-01-26,P005,S02,Loyal Regular,Physical Store,78,6592.22,507000.0,0.0,507000.0,,0.0,1053.5,False,2,13184.44,78
T000086109,2026-01-26,P006,S02,Occasional Shopper,Physical Store,276,650.27,179400.0,0.0,179400.0,,0.0,10165.7,False,0,0.0,276
T000086110,2026-01-26,P001,S03,Value Seeker,Physical Store,300,10102.5,3750000.0,719250.0,3030750.0,Republic Day Sale,18.84,684.8,False,6,60615.0,300
T000086111,2026-01-26,P002,S03,Premium Buyer,Online,99,178.61,17820.0,137.61,17682.39,,0.0,11939.3,False,0,0.0,99
T000086112,2026-01-26,P003,S03,Value Seeker,Marketplace,41,1612.73,73800.0,7678.07,66121.93,Republic Day Sale,10.8,917.4,False,4,6450.92,41
T000086113,2026-01-26,P004,S03,Value Seeker,Physical Store,8,33566.8,304000.0,35465.6,268534.4,Republic Day Sale,10.52,844.9,False,2,67133.6,8
T000086114,2026-01-26,P005,S03,Loyal Regular,Physical Store,72,6574.92,468000.0,0.0,468000.0,,0.0,761.7,False,2,13149.84,72
T000086115,2026-01-26,P006,S03,Budget Shopper,Physical Store,50,641.39,32500.0,430.5,32069.5,,0.0,5648.0,False,1,641.39,50
T000086116,2026-01-26,P001,S04,Premium Buyer,Physical Store,133,10983.08,1662500.0,201750.36,1460749.64,Republic Day Sale,11.6,778.4,False,13,142780.04,133
T000086117,2026-01-26,P002,S04,Premium Buyer,Physical Store,61,179.62,10980.0,23.18,10956.82,,0.0,7602.2,False,0,0.0,61
T000086118,2026-01-26,P003,S04,Value Seeker,Online,34,1820.32,61200.0,0.0,61200.0,,0.0,1323.0,False,3,5460.96,34
T000086119,2026-01-26,P004,S04,Budget Shopper,Physical Store,14,29248.28,532000.0,122524.08,409475.92,Republic Day Sale,23.65,167.2,False,0,0.0,14
T000086120,2026-01-26,P005,S04,Value Seeker,Physical Store,24,6513.68,156000.0,0.0,156000.0,,0.0,2155.6,False,3,19541.04,24
T000086121,2026-01-26,P006,S04,Value Seeker,Physical Store,76,645.68,49400.0,328.32,49071.68,,0.0,3271.0,False,3,1937.04,76
T000086122,2026-01-26,P001,S05,Value Seeker,Online,84,10669.9,1050000.0,153728.4,896271.6,Republic Day Sale,14.9,516.8,False,4,42679.6,84
T000086123,2026-01-26,P002,S05,Premium Buyer,Online,37,180.49,6660.0,0.0,6660.0,,0.0,9636.9,False,0,0.0,37
T000086124,2026-01-26,P003,S05,Budget Shopper,Physical Store,71,1790.1,127800.0,702.9,127097.1,,0.0,985.5,False,4,7160.4,71
T000086125,2026-01-26,P004,S05,Value Seeker,Mobile App,8,34038.29,304000.0,31693.68,272306.32,Republic Day Sale,10.22,51.6,False,1,34038.29,8
T000086126,2026-01-26,P005,S05,Occasional Shopper,Mobile App,127,6549.5,825500.0,0.0,825500.0,,0.0,276.3,False,4,26198.0,127
T000086127,2026-01-26,P006,S05,Budget Shopper,Marketplace,103,649.46,66950.0,55.62,66894.38,,0.0,7395.3,False,4,2597.84,103
T000086128,2026-01-26,P001,S06,Value Seeker,Online,174,12363.89,2175000.0,23683.14,2151316.86,,0.0,868.9,False,6,74183.34,174
T000086129,2026-01-26,P002,S06,Value Seeker,Mobile App,61,179.29,10980.0,43.31,10936.69,,0.0,12807.8,False,2,358.58,61
T000086130,2026-01-26,P003,S06,Value Seeker,Online,52,1791.63,93600.0,435.24,93164.76,,0.0,1763.6,False,7,12541.41,52
T000086131,2026-01-26,P004,S06,Budget Shopper,Online,8,29998.43,304000.0,64012.56,239987.44,Republic Day Sale,21.41,375.4,False,0,0.0,8
T000086132,2026-01-26,P005,S06,Loyal Regular,Online,37,6598.26,240500.0,0.0,240500.0,,0.0,519.2,False,3,19794.78,37
T000086133,2026-01-26,P006,S06,Premium Buyer,Physical Store,40,647.52,26000.0,99.2,25900.8,,0.0,15532.6,False,1,647.52,40
T000086134,2026-01-26,P001,S07,Value Seeker,Online,111,12516.65,1387500.0,0.0,1387500.0,,0.0,774.4,False,7,87616.55,111
T000086135,2026-01-26,P002,S07,Value Seeker,Mobile App,75,181.08,13500.0,0.0,13500.0,,0.0,12928.1,False,0,0.0,75
T000086136,2026-01-26,P003,S07,Value Seeker,Physical Store,74,1781.93,133200.0,1337.18,131862.82,,0.0,4356.3,False,8,14255.44,74
T000086137,2026-01-26,P004,S07,Value Seeker,Marketplace,5,29897.42,190000.0,40512.9,149487.1,Republic Day Sale,22.13,424.8,False,0,0.0,5
T000086138,2026-01-26,P005,S07,Loyal Regular,Online,52,6505.49,338000.0,0.0,338000.0,,0.0,1784.8,False,2,13010.98,52
T000086139,2026-01-26,P006,S07,Budget Shopper,Marketplace,45,658.48,29250.0,0.0,29250.0,,0.0,9411.6,False,2,1316.96,45
T000086140,2026-01-26,P001,S08,Value Seeker,Mobile App,152,10151.97,1900000.0,356900.56,1543099.44,Republic Day Sale,18.97,2670.1,False,8,81215.76,152
T000086141,2026-01-26,P002,S08,Loyal Regular,Physical Store,72,185.52,12960.0,0.0,12960.0,,0.0,12263.1,False,0,0.0,72
T000086142,2026-01-26,P003,S08,Premium Buyer,Online,64,1376.19,115200.0,27123.84,88076.16,Republic Day Sale,24.61,1506.8,False,3,4128.57,64
T000086143,2026-01-26,P004,S08,Premium Buyer,Mobile App,5,30026.08,190000.0,39869.6,150130.4,Republic Day Sale,21.55,807.6,False,0,0.0,5
T000086144,2026-01-26,P005,S08,Budget Shopper,Physical Store,20,6542.1,130000.0,0.0,130000.0,,0.0,1352.9,False,2,13084.2,20
T000086145,2026-01-26,P006,S08,Value Seeker,Online,40,645.66,26000.0,173.6,25826.4,,0.0,8121.0,False,0,0.0,40
T000086146,2026-01-27,P001,S01,Occasional Shopper,Physical Store,0,9618.01,0.0,0.0,0.0,Republic Day Sale,21.82,0.6,True,0,0.0,197
T000086147,2026-01-27,P002,S01,Premium Buyer,Online,106,182.01,19080.0,0.0,19080.0,,0.0,15731.5,False,0,0.0,106
T000086148,2026-01-27,P003,S01,Budget Shopper,Online,57,1343.27,102600.0,26033.61,76566.39,Republic Day Sale,24.97,668.1,False,15,20149.05,57
T000086149,2026-01-27,P004,S01,Value Seeker,Physical Store,0,37889.01,0.0,0.0,0.0,,0.0,1.0,True,0,0.0,18
T000086150,2026-01-27,P005,S01,Value Seeker,Physical Store,0,6532.88,0.0,0.0,0.0,,0.0,0.6,True,0,0.0,53
T000086151,2026-01-27,P006,S01,Value Seeker,Online,126,657.93,81900.0,0.0,81900.0,,0.0,7685.1,False,5,3289.65,126
T000086152,2026-01-27,P001,S02,Loyal Regular,Online,117,12869.75,1462500.0,0.0,1462500.0,,0.0,897.8,False,2,25739.5,117
T000086153,2026-01-27,P002,S02,Value Seeker,Mobile App,90,181.0,16200.0,0.0,16200.0,,0.0,5763.2,False,0,0.0,90
T000086154,2026-01-27,P003,S02,Occasional Shopper,Physical Store,123,1391.28,221400.0,50272.56,171127.44,Republic Day Sale,23.79,268.8,False,20,27825.6,123
T000086155,2026-01-27,P004,S02,Budget Shopper,Mobile App,0,38648.48,0.0,0.0,0.0,,0.0,0.9,True,0,0.0,20
T000086156,2026-01-27,P005,S02,Loyal Regular,Marketplace,66,6551.94,429000.0,0.0,429000.0,,0.0,975.5,False,4,26207.76,66
T000086157,2026-01-27,P006,S02,Budget Shopper,Mobile App,203,665.37,131950.0,0.0,131950.0,,0.0,9889.7,False,7,4657.59,203
T000086158,2026-01-27,P001,S03,Budget Shopper,Mobile App,113,10570.7,1412500.0,218010.9,1194489.1,Republic Day Sale,15.42,811.3,False,10,105707.0,113
T000086159,2026-01-27,P002,S03,Budget Shopper,Online,71,157.11,12780.0,1625.19,11154.81,Flash Discount,11.92,13091.7,False,0,0.0,71
T000086160,2026-01-27,P003,S03,Budget Shopper,Physical Store,48,1429.82,86400.0,17768.64,68631.36,Republic Day Sale,20.36,1141.6,False,2,2859.64,48
T000086161,2026-01-27,P004,S03,Occasional Shopper,Physical Store,8,31200.98,304000.0,54392.16,249607.84,Republic Day Sale,17.02,836.9,False,1,31200.98,8
T000086162,2026-01-27,P005,S03,Premium Buyer,Online,42,6521.66,273000.0,0.0,273000.0,,0.0,1030.5,False,4,26086.64,42
T000086163,2026-01-27,P006,S03,Loyal Regular,Physical Store,45,649.57,29250.0,19.35,29230.65,,0.0,5598.0,False,3,1948.71,45
T000086164,2026-01-27,P001,S04,Loyal Regular,Marketplace,77,10606.82,962500.0,145774.86,816725.14,Republic Day Sale,13.93,645.4,False,4,42427.28,77
T000086165,2026-01-27,P002,S04,Budget Shopper,Physical Store,52,177.94,9360.0,107.12,9252.88,,0.0,8499.7,False,0,0.0,52
T000086166,2026-01-27,P003,S04,Occasional Shopper,Physical Store,24,1634.82,43200.0,3964.32,39235.68,Flash Discount,7.98,1550.3,False,3,4904.46,24
T000086167,2026-01-27,P004,S04,Value Seeker,Online,14,30582.66,532000.0,103842.76,428157.24,Republic Day Sale,18.96,239.7,False,1,30582.66,14
T000086168,2026-01-27,P005,S04,Value Seeker,Physical Store,58,6538.1,377000.0,0.0,377000.0,,0.0,2131.6,False,4,26152.4,58
T000086169,2026-01-27,P006,S04,Premium Buyer,Marketplace,134,644.98,87100.0,672.68,86427.32,,0.0,3614.3,False,4,2579.92,134
T000086170,2026-01-27,P001,S05,Budget Shopper,Online,81,9319.5,1012500.0,257620.5,754879.5,Republic Day Sale,24.68,432.8,False,2,18639.0,81
T000086171,2026-01-27,P002,S05,Value Seeker,Online,197,181.04,35460.0,0.0,35460.0,,0.0,9599.9,False,0,0.0,197
T000086172,2026-01-27,P003,S05,Occasional Shopper,Online,58,1801.7,104400.0,0.0,104400.0,,0.0,914.5,False,13,23422.1,58
T000086173,2026-01-27,P004,S05,Premium Buyer,Physical Store,19,30852.11,722000.0,135809.91,586190.09,Republic Day Sale,19.49,43.6,False,0,0.0,19
T000086174,2026-01-27,P005,S05,Budget Shopper,Physical Store,68,6324.42,442000.0,11939.44,430060.56,,0.0,149.3,False,7,44270.94,68
T000086175,2026-01-27,P006,S05,Occasional Shopper,Physical Store,42,646.22,27300.0,158.76,27141.24,,0.0,7292.3,False,0,0.0,42
T000086176,2026-01-27,P001,S06,Budget Shopper,Online,23,12518.06,287500.0,0.0,287500.0,,0.0,694.9,False,0,0.0,23
T000086177,2026-01-27,P002,S06,Premium Buyer,Physical Store,80,179.45,14400.0,44.0,14356.0,,0.0,13934.2,False,1,179.45,80
T000086178,2026-01-27,P003,S06,Loyal Regular,Physical Store,22,1794.97,39600.0,110.66,39489.34,,0.0,2030.3,False,1,1794.97,22
T000086179,2026-01-27,P004,S06,Loyal Regular,Physical Store,13,32912.75,494000.0,66134.25,427865.75,Republic Day Sale,12.99,367.4,False,0,0.0,13
T000086180,2026-01-27,P005,S06,Occasional Shopper,Physical Store,40,6560.65,260000.0,0.0,260000.0,,0.0,809.8,False,1,6560.65,40
T000086181,2026-01-27,P006,S06,Value Seeker,Mobile App,157,659.3,102050.0,0.0,102050.0,,0.0,15492.6,False,2,1318.6,157
T000086182,2026-01-27,P001,S07,Budget Shopper,Physical Store,27,12780.39,337500.0,0.0,337500.0,,0.0,921.0,False,3,38341.17,27
T000086183,2026-01-27,P002,S07,Budget Shopper,Physical Store,54,178.27,9720.0,93.42,9626.58,,0.0,13667.9,False,0,0.0,54
T000086184,2026-01-27,P003,S07,Budget Shopper,Physical Store,17,1796.5,30600.0,59.5,30540.5,,0.0,4690.7,False,4,7186.0,17
T000086185,2026-01-27,P004,S07,Loyal Regular,Physical Store,15,29970.0,570000.0,120450.0,449550.0,Republic Day Sale,22.86,533.5,False,0,0.0,15
T000086186,2026-01-27,P005,S07,Premium Buyer,Physical Store,31,6524.74,201500.0,0.0,201500.0,,0.0,2140.2,False,0,0.0,31
T000086187,2026-01-27,P006,S07,Occasional Shopper,Mobile App,90,658.29,58500.0,0.0,58500.0,,0.0,10357.8,False,5,3291.45,90
T000086188,2026-01-27,P001,S08,Value Seeker,Mobile App,36,10039.83,450000.0,88566.12,361433.88,Republic Day Sale,19.72,2518.1,False,0,0.0,36
T000086189,2026-01-27,P002,S08,Occasional Shopper,Physical Store,35,182.89,6300.0,0.0,6300.0,,0.0,12191.1,False,0,0.0,35
T000086190,2026-01-27,P003,S08,Value Seeker,Physical Store,36,1576.94,64800.0,8030.16,56769.84,Republic Day Sale,13.21,1442.8,False,1,1576.94,36
T000086191,2026-01-27,P004,S08,Value Seeker,Online,5,31845.66,190000.0,30771.7,159228.3,Republic Day Sale,17.49,802.6,False,0,0.0,5
T000086192,2026-01-27,P005,S08,Premium Buyer,Mobile App,21,6446.98,136500.0,1113.42,135386.58,,0.0,1332.9,False,2,12893.96,21
T000086193,2026-01-27,P006,S08,Budget Shopper,Marketplace,39,652.3,25350.0,0.0,25350.0,,0.0,8081.0,False,0,0.0,39
T000086194,2026-01-28,P001,S01,Occasional Shopper,Physical Store,74,12458.39,925000.0,3079.14,921920.86,,0.0,305.9,False,3,37375.17,74
T000086195,2026-01-28,P002,S01,Value Seeker,Online,65,178.28,11700.0,111.8,11588.2,,0.0,16535.3,False,0,0.0,65
T000086196,2026-01-28,P003,S01,Occasional Shopper,Physical Store,123,1782.38,221400.0,2167.26,219232.74,,0.0,611.1,False,16,28518.08,123
T000086197,2026-01-28,P004,S01,Premium Buyer,Online,0,38247.82,0.0,0.0,0.0,,0.0,1.0,True,0,0.0,30
T000086198,2026-01-28,P005,S01,Value Seeker,Marketplace,0,6507.14,0.0,0.0,0.0,,0.0,0.6,True,0,0.0,42
T000086199,2026-01-28,P006,S01,Budget Shopper,Online,278,663.13,180700.0,0.0,180700.0,,0.0,7559.1,False,10,6631.3,278
T000086200,2026-01-28,P001,S02,Loyal Regular,Mobile App,89,12392.4,1112500.0,9576.4,1102923.6,,0.0,780.8,False,4,49569.6,89
T000086201,2026-01-28,P002,S02,Value Seeker,Mobile App,73,179.74,13140.0,18.98,13121.02,,0.0,5673.2,False,2,359.48,73
T000086202,2026-01-28,P003,S02,Value Seeker,Mobile App,40,1799.13,72000.0,34.8,71965.2,,0.0,145.8,False,1,1799.13,40
T000086203,2026-01-28,P004,S02,Budget Shopper,Mobile App,18,38373.09,684000.0,0.0,684000.0,,0.0,103.2,False,0,0.0,18
T000086204,2026-01-28,P005,S02,Loyal Regular,Mobile App,93,6496.32,604500.0,342.24,604157.76,,0.0,909.5,False,2,12992.64,93
T000086205,2026-01-28,P006,S02,Value Seeker,Mobile App,210,637.94,136500.0,2532.6,133967.4,,0.0,11079.6,False,7,4465.58,210
T000086206,2026-01-28,P001,S03,Budget Shopper,Online,56,12695.55,700000.0,0.0,700000.0,,0.0,1000.5,False,5,63477.75,56
T000086207,2026-01-28,P002,S03,Value Seeker,Physical Store,84,178.2,15120.0,151.2,14968.8,,0.0,13020.7,False,0,0.0,84
T000086208,2026-01-28,P003,S03,Occasional Shopper,Mobile App,27,1796.9,48600.0,83.7,48516.3,,0.0,1093.6,False,3,5390.7,27
T000086209,2026-01-28,P004,S03,Budget Shopper,Online,8,37638.14,304000.0,2894.88,301105.12,,0.0,828.9,False,0,0.0,8
T000086210,2026-01-28,P005,S03,Budget Shopper,Physical Store,42,6409.16,273000.0,3815.28,269184.72,,0.0,988.5,False,2,12818.32,42
T000086211,2026-01-28,P006,S03,Occasional Shopper,Online,43,654.53,27950.0,0.0,27950.0,,0.0,5553.0,False,0,0.0,43
T000086212,2026-01-28,P001,S04,Occasional Shopper,Mobile App,52,12584.38,650000.0,0.0,650000.0,,0.0,568.4,False,3,37753.14,52
T000086213,2026-01-28,P002,S04,Value Seeker,Mobile App,166,178.93,29880.0,177.62,29702.38,,0.0,8447.7,False,1,178.93,166
T000086214,2026-01-28,P003,S04,Budget Shopper,Physical Store,38,1764.94,68400.0,1332.28,67067.72,,0.0,1526.3,False,3,5294.82,38
T000086215,2026-01-28,P004,S04,Loyal Regular,Online,12,38118.17,456000.0,0.0,456000.0,,0.0,225.7,False,0,0.0,12
T000086216,2026-01-28,P005,S04,Budget Shopper,Online,82,6429.83,533000.0,5753.94,527246.06,,0.0,2073.6,False,3,19289.49,82
T000086217,2026-01-28,P006,S04,Premium Buyer,Physical Store,65,641.97,42250.0,521.95,41728.05,,0.0,3480.3,False,2,1283.94,65
T000086218,2026-01-28,P003,S05,Occasional Shopper,Online,33,1815.31,59400.0,0.0,59400.0,,0.0,856.5,False,2,3630.62,33
T000086219,2026-01-28,P004,S05,Premium Buyer,Online,4,38148.62,152000.0,0.0,152000.0,,0.0,167.2,False,0,0.0,4
T000086220,2026-01-28,P006,S05,Loyal Regular,Physical Store,61,653.6,39650.0,0.0,39650.0,,0.0,8151.8,False,4,2614.4,61
T000086221,2026-01-28,P001,S06,Value Seeker,Physical Store,64,12651.4,800000.0,0.0,800000.0,,0.0,671.9,False,1,12651.4,64
T000086222,2026-01-28,P002,S06,Value Seeker,Marketplace,44,166.87,7920.0,577.72,7342.28,Flash Discount,7.47,15088.7,False,0,0.0,44
T000086223,2026-01-28,P003,S06,Premium Buyer,Marketplace,36,1770.59,64800.0,1058.76,63741.24,,0.0,2008.3,False,8,14164.72,36
T000086224,2026-01-28,P004,S06,Loyal Regular,Physical Store,6,37746.95,228000.0,1518.3,226481.7,,0.0,354.4,False,0,0.0,6
T000086225,2026-01-28,P005,S06,Value Seeker,Physical Store,84,6513.2,546000.0,0.0,546000.0,,0.0,1011.5,False,3,19539.6,84
T000086226,2026-01-28,P006,S06,Budget Shopper,Physical Store,19,654.3,12350.0,0.0,12350.0,,0.0,16365.0,False,0,0.0,19
T000086227,2026-01-28,P001,S07,Budget Shopper,Online,42,12613.74,525000.0,0.0,525000.0,,0.0,1245.4,False,1,12613.74,42
T000086228,2026-01-28,P002,S07,Value Seeker,Online,107,180.89,19260.0,0.0,19260.0,,0.0,14638.3,False,1,180.89,107
T000086229,2026-01-28,P003,S07,Occasional Shopper,Physical Store,27,1807.14,48600.0,0.0,48600.0,,0.0,5167.6,False,8,14457.12,27
T000086230,2026-01-28,P004,S07,Loyal Regular,Marketplace,2,38170.76,76000.0,0.0,76000.0,,0.0,518.5,False,0,0.0,2
T000086231,2026-01-28,P005,S07,Budget Shopper,Mobile App,28,6418.35,182000.0,2286.2,179713.8,,0.0,2109.2,False,2,12836.7,28
T000086232,2026-01-28,P006,S07,Premium Buyer,Online,34,648.26,22100.0,59.16,22040.84,,0.0,11085.5,False,0,0.0,34
T000086233,2026-01-28,P001,S08,Budget Shopper,Online,25,12353.09,312500.0,3672.75,308827.25,,0.0,2776.9,False,1,12353.09,25
T000086234,2026-01-28,P002,S08,Value Seeker,Physical Store,48,180.17,8640.0,0.0,8640.0,,0.0,13314.6,False,0,0.0,48
T000086235,2026-01-28,P003,S08,Value Seeker,Physical Store,22,1799.63,39600.0,8.14,39591.86,,0.0,1406.8,False,5,8998.15,22
T000086236,2026-01-28,P004,S08,Value Seeker,Online,4,38212.2,152000.0,0.0,152000.0,,0.0,797.6,False,0,0.0,4
T000086237,2026-01-28,P005,S08,Value Seeker,Online,39,6635.38,253500.0,0.0,253500.0,,0.0,1311.9,False,0,0.0,39
T000086238,2026-01-28,P006,S08,Value Seeker,Online,36,647.82,23400.0,78.48,23321.52,,0.0,8732.1,False,1,647.82,36
T000086239,2026-01-29,P001,S01,Budget Shopper,Online,137,12467.96,1712500.0,4389.48,1708110.52,,0.0,231.9,False,6,74807.76,137
T000086240,2026-01-29,P002,S01,Budget Shopper,Online,88,178.18,15840.0,160.16,15679.84,,0.0,16470.3,False,1,178.18,88
T000086241,2026-01-29,P003,S01,Budget Shopper,Online,21,1800.08,37800.0,0.0,37800.0,,0.0,488.1,False,5,9000.4,21
T000086242,2026-01-29,P004,S01,Occasional Shopper,Marketplace,0,38125.96,0.0,0.0,0.0,,0.0,1.0,True,0,0.0,47
T000086243,2026-01-29,P005,S01,Loyal Regular,Physical Store,0,6529.45,0.0,0.0,0.0,,0.0,0.6,True,0,0.0,90
T000086244,2026-01-29,P006,S01,Premium Buyer,Physical Store,123,649.82,79950.0,22.14,79927.86,,0.0,8571.8,False,2,1299.64,123
T000086245,2026-01-29,P001,S02,Budget Shopper,Online,114,12496.1,1425000.0,444.6,1424555.4,,0.0,691.8,False,5,62480.5,114
T000086246,2026-01-29,P002,S02,Value Seeker,Online,118,182.29,21240.0,0.0,21240.0,,0.0,5600.2,False,1,182.29,118
T000086247,2026-01-29,P003,S02,Value Seeker,Mobile App,41,1820.37,73800.0,0.0,73800.0,,0.0,105.8,False,7,12742.59,41
T000086248,2026-01-29,P004,S02,Budget Shopper,Physical Store,7,38546.53,266000.0,0.0,266000.0,,0.0,85.2,False,0,0.0,7
T000086249,2026-01-29,P005,S02,Budget Shopper,Physical Store,55,6391.53,357500.0,5965.85,351534.15,,0.0,816.5,False,3,19174.59,55
T000086250,2026-01-29,P006,S02,Occasional Shopper,Marketplace,194,649.7,126100.0,58.2,126041.8,,0.0,12024.4,False,9,5847.3,194
T000086251,2026-01-29,P001,S03,Occasional Shopper,Physical Store,109,12504.65,1362500.0,0.0,1362500.0,,0.0,944.5,False,4,50018.6,109
T000086252,2026-01-29,P002,S03,Budget Shopper,Online,42,178.98,7560.0,42.84,7517.16,,0.0,13652.0,False,0,0.0,42
T000086253,2026-01-29,P003,S03,Premium Buyer,Marketplace,18,1792.92,32400.0,127.44,32272.56,,0.0,1066.6,False,2,3585.84,18
T000086254,2026-01-29,P004,S03,Occasional Shopper,Marketplace,23,38199.17,874000.0,0.0,874000.0,,0.0,820.9,False,1,38199.17,23
T000086255,2026-01-29,P005,S03,Premium Buyer,Marketplace,81,6477.23,526500.0,1844.37,524655.63,,0.0,946.5,False,4,25908.92,81
T000086256,2026-01-29,P001,S04,Premium Buyer,Physical Store,50,12452.72,625000.0,2364.0,622636.0,,0.0,516.4,False,3,37358.16,50
T000086257,2026-01-29,P002,S04,Occasional Shopper,Online,195,183.64,35100.0,0.0,35100.0,,0.0,9144.7,False,0,0.0,195
T000086258,2026-01-29,P003,S04,Value Seeker,Physical Store,20,1784.29,36000.0,314.2,35685.8,,0.0,1808.0,False,4,7137.16,20
T000086259,2026-01-29,P004,S04,Loyal Regular,Online,16,38348.32,608000.0,0.0,608000.0,,0.0,298.8,False,1,38348.32,16
T000086260,2026-01-29,P005,S04,Value Seeker,Online,26,6518.65,169000.0,0.0,169000.0,,0.0,1991.6,False,1,6518.65,26
T000086261,2026-01-29,P006,S04,Premium Buyer,Physical Store,105,649.29,68250.0,74.55,68175.45,,0.0,3996.1,False,3,1947.87,105
T000086262,2026-01-29,P001,S05,Value Seeker,Online,21,12480.4,262500.0,411.6,262088.4,,0.0,707.7,False,0,0.0,21
T000086263,2026-01-29,P002,S05,Value Seeker,Physical Store,60,182.96,10800.0,0.0,10800.0,,0.0,9402.9,False,1,182.96,60
T000086264,2026-01-29,P003,S05,Budget Shopper,Physical Store,51,1822.38,91800.0,0.0,91800.0,,0.0,823.5,False,10,18223.8,51
T000086265,2026-01-29,P004,S05,Occasional Shopper,Mobile App,18,38090.69,684000.0,0.0,684000.0,,0.0,163.2,False,3,114272.07,18
T000086266,2026-01-29,P005,S05,Premium Buyer,Mobile App,81,6329.65,526500.0,13798.35,512701.65,,0.0,81.3,True,3,18988.95,138
T000086267,2026-01-29,P006,S05,Budget Shopper,Online,94,645.19,61100.0,452.14,60647.86,,0.0,8856.3,False,3,1935.57,94
T000086268,2026-01-29,P001,S06,Premium Buyer,Mobile App,19,12577.87,237500.0,0.0,237500.0,,0.0,607.9,False,2,25155.74,19
T000086269,2026-01-29,P002,S06,Budget Shopper,Online,91,182.43,16380.0,0.0,16380.0,,0.0,15044.7,False,0,0.0,91
T000086270,2026-01-29,P003,S06,Occasional Shopper,Physical Store,45,1770.02,81000.0,1349.1,79650.9,,0.0,2379.7,False,2,3540.04,45
T000086271,2026-01-29,P004,S06,Loyal Regular,Marketplace,2,37936.5,76000.0,127.0,75873.0,,0.0,348.4,False,0,0.0,2
T000086272,2026-01-29,P005,S06,Value Seeker,Physical Store,50,6638.68,325000.0,0.0,325000.0,,0.0,1209.1,False,1,6638.68,50
T000086273,2026-01-29,P006,S06,Occasional Shopper,Physical Store,102,636.62,66300.0,1364.76,64935.24,,0.0,17383.6,False,1,636.62,102
T000086274,2026-01-29,P001,S07,Premium Buyer,Online,27,12589.22,337500.0,0.0,337500.0,,0.0,1203.4,False,0,0.0,27
T000086275,2026-01-29,P002,S07,Budget Shopper,Online,32,179.89,5760.0,3.52,5756.48,,0.0,14531.3,False,1,179.89,32
T000086276,2026-01-29,P003,S07,Occasional Shopper,Physical Store,27,1748.55,48600.0,1389.15,47210.85,,0.0,5140.6,False,11,19234.05,27
T000086277,2026-01-29,P004,S07,Value Seeker,Physical Store,2,38382.52,76000.0,0.0,76000.0,,0.0,645.1,False,0,0.0,2
T000086278,2026-01-29,P005,S07,Loyal Regular,Online,22,6585.4,143000.0,0.0,143000.0,,0.0,2081.2,False,1,6585.4,22
T000086279,2026-01-29,P006,S07,Budget Shopper,Marketplace,63,647.05,40950.0,185.85,40764.15,,0.0,11051.5,False,1,647.05,63
T000086280,2026-01-29,P001,S08,Budget Shopper,Online,31,12392.49,387500.0,3332.81,384167.19,,0.0,2751.9,False,3,37177.47,31
T000086281,2026-01-29,P002,S08,Value Seeker,Mobile App,48,178.59,8640.0,67.68,8572.32,,0.0,13266.6,False,0,0.0,48
T000086282,2026-01-29,P003,S08,Loyal Regular,Physical Store,11,1787.58,19800.0,136.62,19663.38,,0.0,1384.8,False,1,1787.58,11
T000086283,2026-01-29,P004,S08,Value Seeker,Physical Store,6,37576.84,228000.0,2538.96,225461.04,,0.0,793.6,False,1,37576.84,6
T000086284,2026-01-29,P005,S08,Budget Shopper,Physical Store,11,6455.74,71500.0,486.86,71013.14,,0.0,1272.9,False,0,0.0,11
T000086285,2026-01-29,P006,S08,Occasional Shopper,Physical Store,61,652.9,39650.0,0.0,39650.0,,0.0,9213.5,False,1,652.9,61
T000086286,2026-01-30,P001,S01,Value Seeker,Physical Store,94,12454.08,1175000.0,4316.48,1170683.52,,0.0,94.9,True,5,62270.4,178
T000086287,2026-01-30,P002,S01,Budget Shopper,Online,127,180.7,22860.0,0.0,22860.0,,0.0,17219.8,False,0,0.0,127
T000086288,2026-01-30,P003,S01,Occasional Shopper,Physical Store,72,1821.53,129600.0,0.0,129600.0,,0.0,467.1,False,7,12750.71,72
T000086289,2026-01-30,P004,S01,Occasional Shopper,Physical Store,27,38655.1,1026000.0,0.0,1026000.0,,0.0,107.5,False,1,38655.1,27
T000086290,2026-01-30,P005,S01,Budget Shopper,Online,0,6547.14,0.0,0.0,0.0,,0.0,0.6,True,0,0.0,85
T000086291,2026-01-30,P006,S01,Premium Buyer,Mobile App,67,658.16,43550.0,0.0,43550.0,,0.0,9596.0,False,1,658.16,67
T000086292,2026-01-30,P001,S02,Loyal Regular,Physical Store,44,12564.03,550000.0,0.0,550000.0,,0.0,577.8,False,5,62820.15,44
T000086293,2026-01-30,P002,S02,Loyal Regular,Physical Store,61,180.19,10980.0,0.0,10980.0,,0.0,6304.5,False,0,0.0,61
T000086294,2026-01-30,P003,S02,Occasional Shopper,Online,35,1793.91,63000.0,213.15,62786.85,,0.0,315.5,False,5,8969.55,35
T000086295,2026-01-30,P004,S02,Budget Shopper,Online,34,37836.07,1292000.0,5573.62,1286426.38,,0.0,179.2,False,1,37836.07,34
T000086296,2026-01-30,P005,S02,Loyal Regular,Physical Store,102,6492.24,663000.0,791.52,662208.48,,0.0,1177.5,False,5,32461.2,102
T000086297,2026-01-30,P006,S02,Premium Buyer,Online,297,661.09,193050.0,0.0,193050.0,,0.0,11830.4,False,12,7933.08,297
T000086298,2026-01-30,P001,S03,Budget Shopper,Physical Store,29,12547.39,362500.0,0.0,362500.0,,0.0,1225.1,False,2,25094.78,29
T000086299,2026-01-30,P002,S03,Value Seeker,Mobile App,32,178.45,5760.0,49.6,5710.4,,0.0,13610.0,False,0,0.0,32
T000086300,2026-01-30,P003,S03,Loyal Regular,Physical Store,11,1785.48,19800.0,159.72,19640.28,,0.0,1048.6,False,1,1785.48,11
T000086301,2026-01-30,P004,S03,Budget Shopper,Physical Store,11,38060.22,418000.0,0.0,418000.0,,0.0,797.9,False,0,0.0,11
T000086302,2026-01-30,P005,S03,Budget Shopper,Physical Store,57,6511.06,370500.0,0.0,370500.0,,0.0,1132.7,False,3,19533.18,57
T000086303,2026-01-30,P006,S03,Loyal Regular,Mobile App,62,652.21,40300.0,0.0,40300.0,,0.0,6434.0,False,2,1304.42,62
T000086304,2026-01-30,P001,S04,Loyal Regular,Mobile App,32,12461.54,400000.0,1230.72,398769.28,,0.0,466.4,False,2,24923.08,32
T000086305,2026-01-30,P002,S04,Value Seeker,Physical Store,57,180.35,10260.0,0.0,10260.0,,0.0,8949.7,False,0,0.0,57
T000086306,2026-01-30,P003,S04,Value Seeker,Marketplace,27,1815.78,48600.0,0.0,48600.0,,0.0,2076.6,False,7,12710.46,27
T000086307,2026-01-30,P005,S04,Value Seeker,Physical Store,31,6579.97,201500.0,0.0,201500.0,,0.0,2378.5,False,2,13159.94,31
T000086308,2026-01-30,P006,S04,Budget Shopper,Physical Store,114,643.3,74100.0,763.8,73336.2,,0.0,4713.0,False,2,1286.6,114
T000086309,2026-01-30,P001,S05,Occasional Shopper,Physical Store,13,12636.26,162500.0,0.0,162500.0,,0.0,686.7,False,1,12636.26,13
T000086310,2026-01-30,P002,S05,Premium Buyer,Physical Store,66,181.39,11880.0,0.0,11880.0,,0.0,9342.9,False,1,181.39,66
T000086311,2026-01-30,P003,S05,Loyal Regular,Mobile App,42,1791.02,75600.0,377.16,75222.84,,0.0,772.5,False,5,8955.1,42
T000086312,2026-01-30,P004,S05,Premium Buyer,Physical Store,21,37652.62,798000.0,7294.98,790705.02,,0.0,145.2,False,1,37652.62,21
T000086313,2026-01-30,P005,S05,Value Seeker,Physical Store,0,6476.76,0.0,0.0,0.0,,0.0,0.3,True,0,0.0,107
T000086314,2026-01-30,P006,S05,Budget Shopper,Physical Store,130,653.32,84500.0,0.0,84500.0,,0.0,9635.2,False,4,2613.28,130
T000086315,2026-01-30,P001,S06,Loyal Regular,Physical Store,47,12441.12,587500.0,2767.36,584732.64,,0.0,588.9,False,2,24882.24,47
T000086316,2026-01-30,P002,S06,Loyal Regular,Online,34,179.87,6120.0,4.42,6115.58,,0.0,16009.3,False,0,0.0,34
T000086317,2026-01-30,P003,S06,Premium Buyer,Marketplace,32,1823.68,57600.0,0.0,57600.0,,0.0,2334.7,False,10,18236.8,32
T000086318,2026-01-30,P004,S06,Occasional Shopper,Marketplace,14,37959.28,532000.0,570.08,531429.92,,0.0,346.4,False,0,0.0,14
T000086319,2026-01-30,P005,S06,Occasional Shopper,Mobile App,57,6412.66,370500.0,4978.38,365521.62,,0.0,1159.1,False,5,32063.3,57
T000086320,2026-01-30,P006,S06,Premium Buyer,Online,77,640.76,50050.0,711.48,49338.52,,0.0,17281.6,False,1,640.76,77
T000086321,2026-01-30,P001,S07,Premium Buyer,Marketplace,41,12645.9,512500.0,0.0,512500.0,,0.0,1403.7,False,7,88521.3,41
T000086322,2026-01-30,P002,S07,Value Seeker,Physical Store,68,178.51,12240.0,101.32,12138.68,,0.0,15608.3,False,0,0.0,68
T000086323,2026-01-30,P003,S07,Value Seeker,Online,11,1784.37,19800.0,171.93,19628.07,,0.0,5378.8,False,1,1784.37,11
T000086324,2026-01-30,P004,S07,Budget Shopper,Physical Store,2,38200.75,76000.0,0.0,76000.0,,0.0,643.1,False,0,0.0,2
T000086325,2026-01-30,P005,S07,Value Seeker,Physical Store,75,6449.04,487500.0,3822.0,483678.0,,0.0,2301.2,False,4,25796.16,75
T000086326,2026-01-30,P006,S07,Value Seeker,Online,64,641.18,41600.0,564.48,41035.52,,0.0,11633.9,False,3,1923.54,64
T000086327,2026-01-30,P001,S08,Budget Shopper,Physical Store,56,12422.07,700000.0,4364.08,695635.92,,0.0,2720.9,False,4,49688.28,56
T000086328,2026-01-30,P002,S08,Loyal Regular,Online,63,180.07,11340.0,0.0,11340.0,,0.0,13218.6,False,0,0.0,63
T000086329,2026-01-30,P003,S08,Value Seeker,Physical Store,15,1778.94,27000.0,315.9,26684.1,,0.0,1373.8,False,4,7115.76,15
T000086330,2026-01-30,P004,S08,Loyal Regular,Physical Store,6,38341.48,228000.0,0.0,228000.0,,0.0,787.6,False,1,38341.48,6
T000086331,2026-01-30,P005,S08,Premium Buyer,Physical Store,18,6458.27,117000.0,751.14,116248.86,,0.0,1261.9,False,1,6458.27,18
T000086332,2026-01-30,P006,S08,Loyal Regular,Online,46,661.54,29900.0,0.0,29900.0,,0.0,9776.2,False,0,0.0,46
T000086333,2026-01-31,P001,S01,Occasional Shopper,Mobile App,0,12405.79,0.0,0.0,0.0,,0.0,0.9,True,0,0.0,133
T000086334,2026-01-31,P002,S01,Budget Shopper,Physical Store,354,178.53,63720.0,520.38,63199.62,,0.0,17092.8,False,4,714.12,354
T000086335,2026-01-31,P003,S01,Loyal Regular,Physical Store,36,1784.69,64800.0,551.16,64248.84,,0.0,395.1,False,7,12492.83,36
T000086336,2026-01-31,P004,S01,Value Seeker,Marketplace,80,35108.96,3040000.0,231283.2,2808716.8,Flash Discount,6.22,80.5,True,2,70217.92,112
T000086337,2026-01-31,P005,S01,Budget Shopper,Physical Store,0,6567.87,0.0,0.0,0.0,,0.0,0.6,True,0,0.0,128
T000086338,2026-01-31,P006,S01,Loyal Regular,Online,224,659.79,145600.0,0.0,145600.0,,0.0,10858.2,False,16,10556.64,224
T000086339,2026-01-31,P001,S02,Budget Shopper,Physical Store,167,12522.91,2087500.0,0.0,2087500.0,,0.0,533.8,False,3,37568.73,167
T000086340,2026-01-31,P002,S02,Occasional Shopper,Online,152,180.58,27360.0,0.0,27360.0,,0.0,6243.5,False,2,361.16,152
T000086341,2026-01-31,P003,S02,Occasional Shopper,Online,75,1783.81,135000.0,1214.25,133785.75,,0.0,280.5,False,12,21405.72,75
T000086342,2026-01-31,P004,S02,Value Seeker,Physical Store,34,38072.04,1292000.0,0.0,1292000.0,,0.0,145.2,False,1,38072.04,34
T000086343,2026-01-31,P005,S02,Occasional Shopper,Physical Store,266,6589.26,1729000.0,0.0,1729000.0,,0.0,1075.5,False,10,65892.6,266
T000086344,2026-01-31,P006,S02,Value Seeker,Physical Store,158,651.72,102700.0,0.0,102700.0,,0.0,12594.9,False,5,3258.6,158
T000086345,2026-01-31,P001,S03,Budget Shopper,Physical Store,213,12387.02,2662500.0,24064.74,2638435.26,,0.0,1544.0,False,14,173418.28,213
T000086346,2026-01-31,P002,S03,Occasional Shopper,Physical Store,50,181.3,9000.0,0.0,9000.0,,0.0,13578.0,False,0,0.0,50
T000086347,2026-01-31,P003,S03,Loyal Regular,Online,51,1754.08,91800.0,2341.92,89458.08,,0.0,1037.6,False,3,5262.24,51
T000086348,2026-01-31,P004,S03,Occasional Shopper,Physical Store,7,38123.02,266000.0,0.0,266000.0,,0.0,786.9,False,0,0.0,7
T000086349,2026-01-31,P005,S03,Budget Shopper,Physical Store,63,6496.42,409500.0,225.54,409274.46,,0.0,1462.8,False,2,12992.84,63
T000086350,2026-01-31,P006,S03,Value Seeker,Physical Store,126,659.31,81900.0,0.0,81900.0,,0.0,6903.1,False,4,2637.24,126
T000086351,2026-01-31,P001,S04,Value Seeker,Online,100,12593.74,1250000.0,0.0,1250000.0,,0.0,434.4,False,5,62968.7,100
T000086352,2026-01-31,P002,S04,Budget Shopper,Online,300,183.95,54000.0,0.0,54000.0,,0.0,9680.7,False,1,183.95,300
T000086353,2026-01-31,P003,S04,Value Seeker,Physical Store,47,1798.9,84600.0,51.7,84548.3,,0.0,2049.6,False,4,7195.6,47
T000086354,2026-01-31,P004,S04,Value Seeker,Mobile App,15,38379.76,570000.0,0.0,570000.0,,0.0,282.8,False,0,0.0,15
T000086355,2026-01-31,P005,S04,Value Seeker,Physical Store,90,6415.38,585000.0,7615.8,577384.2,,0.0,2347.5,False,0,0.0,90
T000086356,2026-01-31,P006,S04,Loyal Regular,Physical Store,128,643.94,83200.0,775.68,82424.32,,0.0,4599.0,False,6,3863.64,128
T000086357,2026-01-31,P001,S05,Occasional Shopper,Physical Store,39,12419.85,487500.0,3125.85,484374.15,,0.0,673.7,False,0,0.0,39
T000086358,2026-01-31,P002,S05,Value Seeker,Physical Store,46,179.92,8280.0,3.68,8276.32,,0.0,10339.7,False,0,0.0,46
T000086359,2026-01-31,P003,S05,Budget Shopper,Physical Store,84,1767.6,151200.0,2721.6,148478.4,,0.0,730.5,False,9,15908.4,84
T000086360,2026-01-31,P004,S05,Occasional Shopper,Physical Store,8,38110.39,304000.0,0.0,304000.0,,0.0,124.2,False,0,0.0,8
T000086361,2026-01-31,P005,S05,Budget Shopper,Physical Store,0,6505.9,0.0,0.0,0.0,,0.0,0.3,True,0,0.0,47
T000086362,2026-01-31,P006,S05,Premium Buyer,Mobile App,125,647.93,81250.0,258.75,80991.25,,0.0,9505.2,False,2,1295.86,125
T000086363,2026-01-31,P001,S06,Loyal Regular,Physical Store,38,12429.53,475000.0,2677.86,472322.14,,0.0,541.9,False,2,24859.06,38
T000086364,2026-01-31,P002,S06,Value Seeker,Mobile App,96,179.83,17280.0,16.32,17263.68,,0.0,15975.3,False,3,539.49,96
T000086365,2026-01-31,P003,S06,Budget Shopper,Marketplace,70,1804.42,126000.0,0.0,126000.0,,0.0,2302.7,False,7,12630.94,70
T000086366,2026-01-31,P004,S06,Premium Buyer,Physical Store,14,37673.41,532000.0,4572.26,527427.74,,0.0,332.4,False,0,0.0,14
T000086367,2026-01-31,P005,S06,Value Seeker,Marketplace,103,6418.87,669500.0,8356.39,661143.61,,0.0,1102.1,False,6,38513.22,103
T000086368,2026-01-31,P006,S06,Value Seeker,Mobile App,94,662.29,61100.0,0.0,61100.0,,0.0,18000.9,False,5,3311.45,94
T000086369,2026-01-31,P001,S07,Premium Buyer,Mobile App,64,12530.88,800000.0,0.0,800000.0,,0.0,1362.7,False,0,0.0,64
T000086370,2026-01-31,P002,S07,Value Seeker,Physical Store,51,180.12,9180.0,0.0,9180.0,,0.0,16290.4,False,0,0.0,51
T000086371,2026-01-31,P003,S07,Value Seeker,Online,38,1789.47,68400.0,400.14,67999.86,,0.0,5773.4,False,2,3578.94,38
T000086372,2026-01-31,P004,S07,Occasional Shopper,Mobile App,5,37722.02,190000.0,1389.9,188610.1,,0.0,641.1,False,0,0.0,5
T000086373,2026-01-31,P005,S07,Loyal Regular,Marketplace,27,6545.52,175500.0,0.0,175500.0,,0.0,2226.2,False,1,6545.52,27
T000086374,2026-01-31,P006,S07,Occasional Shopper,Mobile App,34,647.98,22100.0,68.68,22031.32,,0.0,11569.9,False,0,0.0,34
T000086375,2026-01-31,P001,S08,Value Seeker,Online,54,12364.43,675000.0,7320.78,667679.22,,0.0,2664.9,False,3,37093.29,54
T000086376,2026-01-31,P002,S08,Premium Buyer,Marketplace,90,176.38,16200.0,325.8,15874.2,,0.0,13155.6,False,0,0.0,90
T000086377,2026-01-31,P003,S08,Value Seeker,Marketplace,30,1797.1,54000.0,87.0,53913.0,,0.0,1358.8,False,2,3594.2,30
T000086378,2026-01-31,P004,S08,Budget Shopper,Online,3,38573.45,114000.0,0.0,114000.0,,0.0,781.6,False,1,38573.45,3
T000086379,2026-01-31,P005,S08,Value Seeker,Physical Store,24,6482.96,156000.0,408.96,155591.04,,0.0,1243.9,False,1,6482.96,24
T000086380,2026-01-31,P006,S08,Value Seeker,Physical Store,59,646.83,38350.0,187.03,38162.97,,0.0,9730.2,False,2,1293.66,59
